sub_id,session,block,trial,left_stim_id,right_stim_id,left_pwin,right_pwin,chosen_stim_id,choice_side,reward,rt,QL,QR,Q_chosen,UncL,UncR,dQ,dUnc
41,0,0,0,79,82,0.8,0.5,79,0,1,-14817.615443171382,0.5,0.5,0.5,0.08333333333333333,0.08333333333333333,0.0,0.0
41,0,0,1,79,81,0.8,0.35,79,0,1,-14823.698252786287,0.6666666666666666,0.5,0.6666666666666666,0.05555555555555555,0.08333333333333333,0.16666666666666663,-0.027777777777777776
41,0,0,2,78,82,0.2,0.5,78,0,0,-14827.946019141222,0.5,0.5,0.5,0.08333333333333333,0.08333333333333333,0.0,0.0
41,0,0,3,79,82,0.8,0.5,79,0,1,-14833.30801031878,0.75,0.5,0.75,0.0375,0.08333333333333333,0.25,-0.04583333333333333
41,0,0,4,78,82,0.2,0.5,78,0,0,-14837.583228623613,0.3333333333333333,0.5,0.3333333333333333,0.05555555555555555,0.08333333333333333,-0.16666666666666669,-0.027777777777777776
41,0,0,5,80,81,0.6500000000000001,0.35,81,1,0,-14843.018606918376,0.5,0.5,0.5,0.08333333333333333,0.08333333333333333,0.0,0.0
41,0,0,6,78,80,0.2,0.6500000000000001,80,1,0,-14847.161702467254,0.25,0.5,0.5,0.0375,0.08333333333333333,-0.25,-0.04583333333333333
41,0,0,7,79,82,0.8,0.5,82,1,1,-14851.61851210556,0.8,0.5,0.5,0.02666666666666667,0.08333333333333333,0.30000000000000004,-0.05666666666666666
41,0,0,8,78,79,0.2,0.8,79,1,1,-14855.19231669326,0.25,0.8,0.8,0.0375,0.02666666666666667,-0.55,0.01083333333333333
41,0,0,9,78,80,0.2,0.6500000000000001,80,1,0,-14859.556096364988,0.25,0.3333333333333333,0.3333333333333333,0.0375,0.05555555555555555,-0.08333333333333331,-0.018055555555555554
41,0,0,10,78,80,0.2,0.6500000000000001,78,0,1,-14863.88769996802,0.25,0.25,0.25,0.0375,0.0375,0.0,0.0
41,0,0,11,80,81,0.6500000000000001,0.35,80,0,1,-14868.11001396582,0.25,0.3333333333333333,0.25,0.0375,0.05555555555555555,-0.08333333333333331,-0.018055555555555554
41,0,0,12,78,82,0.2,0.5,78,0,0,-14872.552180377075,0.4,0.6666666666666666,0.4,0.04,0.05555555555555555,-0.2666666666666666,-0.015555555555555552
41,0,0,13,80,81,0.6500000000000001,0.35,81,1,0,-14877.728410090614,0.4,0.3333333333333333,0.3333333333333333,0.04,0.05555555555555555,0.06666666666666671,-0.015555555555555552
41,0,0,14,79,80,0.8,0.6500000000000001,80,1,1,-14881.535281197826,0.8333333333333334,0.4,0.4,0.01984126984126984,0.04,0.43333333333333335,-0.02015873015873016
41,0,0,15,78,81,0.2,0.35,81,1,0,-14885.949213467287,0.3333333333333333,0.25,0.25,0.031746031746031744,0.0375,0.08333333333333331,-0.005753968253968254
41,0,0,16,79,81,0.8,0.35,79,0,0,-14891.621493539473,0.8333333333333334,0.2,0.8333333333333334,0.01984126984126984,0.02666666666666667,0.6333333333333333,-0.006825396825396828
41,0,0,17,78,82,0.2,0.5,82,1,1,-14895.26967849752,0.3333333333333333,0.6666666666666666,0.6666666666666666,0.031746031746031744,0.05555555555555555,-0.3333333333333333,-0.023809523809523808
41,0,0,18,78,80,0.2,0.6500000000000001,80,1,1,-14898.924514126127,0.3333333333333333,0.5,0.5,0.031746031746031744,0.03571428571428571,-0.16666666666666669,-0.003968253968253968
41,0,1,0,86,88,0.55,0.45,86,0,0,-14927.6081828525,0.5,0.5,0.5,0.08333333333333333,0.08333333333333333,0.0,0.0
41,0,1,1,84,88,0.6,0.45,88,1,0,-14931.517577038006,0.5,0.5,0.5,0.08333333333333333,0.08333333333333333,0.0,0.0
41,0,1,2,86,88,0.55,0.45,86,0,1,-14936.032120083071,0.3333333333333333,0.3333333333333333,0.3333333333333333,0.05555555555555555,0.05555555555555555,0.0,0.0
41,0,1,3,84,88,0.6,0.45,84,0,1,-14940.320579066376,0.5,0.3333333333333333,0.5,0.08333333333333333,0.05555555555555555,0.16666666666666669,0.027777777777777776
41,0,1,4,84,86,0.6,0.55,84,0,0,-14944.755905707718,0.6666666666666666,0.5,0.6666666666666666,0.05555555555555555,0.05,0.16666666666666663,0.00555555555555555
41,0,1,5,84,86,0.6,0.55,86,1,1,-14948.738610413116,0.5,0.5,0.5,0.05,0.05,0.0,0.0
41,0,1,6,85,87,0.5,0.2,87,1,0,-14952.6493019179,0.5,0.5,0.5,0.08333333333333333,0.08333333333333333,0.0,0.0
41,0,1,7,85,88,0.5,0.45,85,0,0,-14957.318952036723,0.5,0.3333333333333333,0.5,0.08333333333333333,0.05555555555555555,0.16666666666666669,0.027777777777777776
41,0,1,8,84,86,0.6,0.55,86,1,1,-14961.868642619893,0.5,0.6,0.6,0.05,0.04,-0.09999999999999998,0.010000000000000002
41,0,1,9,86,88,0.55,0.45,86,0,0,-14967.04176799372,0.6666666666666666,0.3333333333333333,0.6666666666666666,0.031746031746031744,0.05555555555555555,0.3333333333333333,-0.023809523809523808
41,0,1,10,85,86,0.5,0.55,85,0,0,-14971.281529829264,0.3333333333333333,0.5714285714285714,0.3333333333333333,0.05555555555555555,0.030612244897959183,-0.23809523809523808,0.02494331065759637
41,0,1,11,84,86,0.6,0.55,86,1,0,-14974.76648813911,0.5,0.5714285714285714,0.5714285714285714,0.05,0.030612244897959183,-0.0714285714285714,0.01938775510204082
41,0,1,12,85,86,0.5,0.55,85,0,1,-14979.425323790296,0.25,0.5,0.25,0.0375,0.027777777777777776,-0.25,0.009722222222222222
41,0,1,13,85,87,0.5,0.2,87,1,0,-14984.38507538834,0.4,0.3333333333333333,0.3333333333333333,0.04,0.05555555555555555,0.06666666666666671,-0.015555555555555552
41,0,1,14,87,88,0.2,0.45,88,1,0,-14988.55728431694,0.25,0.3333333333333333,0.3333333333333333,0.0375,0.05555555555555555,-0.08333333333333331,-0.018055555555555554
41,0,1,15,84,87,0.6,0.2,84,0,1,-14993.111090324215,0.5,0.25,0.5,0.05,0.0375,0.25,0.012500000000000004
41,0,1,16,85,88,0.5,0.45,85,0,0,-14997.249476383517,0.4,0.25,0.4,0.04,0.0375,0.15000000000000002,0.0025000000000000022
41,0,1,17,85,88,0.5,0.45,88,1,0,-15001.187911294455,0.3333333333333333,0.25,0.25,0.031746031746031744,0.0375,0.08333333333333331,-0.005753968253968254
41,0,2,0,90,92,0.6500000000000001,0.35,92,1,0,-15028.013215819556,0.5,0.5,0.5,0.08333333333333333,0.08333333333333333,0.0,0.0
41,0,2,1,90,94,0.6500000000000001,0.2,94,1,0,-15031.583583514335,0.5,0.5,0.5,0.08333333333333333,0.08333333333333333,0.0,0.0
41,0,2,2,90,94,0.6500000000000001,0.2,94,1,1,-15036.525364988644,0.5,0.3333333333333333,0.3333333333333333,0.08333333333333333,0.05555555555555555,0.16666666666666669,0.027777777777777776
41,0,2,3,90,94,0.6500000000000001,0.2,90,0,1,-15041.331256469044,0.5,0.5,0.5,0.08333333333333333,0.05,0.0,0.033333333333333326
41,0,2,4,92,94,0.35,0.2,92,0,0,-15045.140794229925,0.3333333333333333,0.5,0.3333333333333333,0.05555555555555555,0.05,-0.16666666666666669,0.00555555555555555
41,0,2,5,90,92,0.6500000000000001,0.35,92,1,0,-15049.51806557573,0.6666666666666666,0.25,0.25,0.05555555555555555,0.0375,0.41666666666666663,0.018055555555555554
41,0,2,6,90,94,0.6500000000000001,0.2,90,0,0,-15054.254686749344,0.6666666666666666,0.5,0.6666666666666666,0.05555555555555555,0.05,0.16666666666666663,0.00555555555555555
41,0,2,7,90,92,0.6500000000000001,0.35,92,1,0,-15059.467105398437,0.5,0.2,0.2,0.05,0.02666666666666667,0.3,0.023333333333333334
41,0,2,8,90,92,0.6500000000000001,0.35,92,1,1,-15063.456444404988,0.5,0.16666666666666666,0.16666666666666666,0.05,0.01984126984126984,0.33333333333333337,0.030158730158730163
41,0,2,9,90,92,0.6500000000000001,0.35,92,1,0,-15066.85836239992,0.5,0.2857142857142857,0.2857142857142857,0.05,0.025510204081632654,0.2142857142857143,0.02448979591836735
41,0,2,10,92,94,0.35,0.2,92,0,0,-15071.916878663616,0.25,0.5,0.25,0.020833333333333332,0.05,-0.25,-0.02916666666666667
41,0,2,11,90,94,0.6500000000000001,0.2,90,0,0,-15076.324482104084,0.5,0.5,0.5,0.05,0.05,0.0,0.0
41,0,2,12,92,94,0.35,0.2,94,1,0,-15081.069183987582,0.2222222222222222,0.5,0.5,0.01728395061728395,0.05,-0.2777777777777778,-0.03271604938271605
41,0,2,13,91,93,0.5,0.8,91,0,1,-15085.05842777696,0.5,0.5,0.5,0.08333333333333333,0.08333333333333333,0.0,0.0
41,0,2,14,91,93,0.5,0.8,91,0,1,-15089.627523789724,0.6666666666666666,0.5,0.6666666666666666,0.05555555555555555,0.08333333333333333,0.16666666666666663,-0.027777777777777776
41,0,2,15,93,94,0.8,0.2,94,1,0,-15093.31012039096,0.5,0.4,0.4,0.08333333333333333,0.04,0.09999999999999998,0.04333333333333333
41,0,2,16,90,91,0.6500000000000001,0.5,91,1,0,-15098.578318935512,0.4,0.75,0.75,0.04,0.0375,-0.35,0.0025000000000000022
41,0,2,17,90,94,0.6500000000000001,0.2,94,1,0,-15102.788899722364,0.4,0.3333333333333333,0.3333333333333333,0.04,0.031746031746031744,0.06666666666666671,0.008253968253968257
41,0,2,18,91,93,0.5,0.8,91,0,0,-15107.248217152508,0.6,0.5,0.6,0.04,0.08333333333333333,0.09999999999999998,-0.04333333333333333
41,0,2,19,90,92,0.6500000000000001,0.35,92,1,1,-15111.29776724945,0.4,0.2222222222222222,0.2222222222222222,0.04,0.01728395061728395,0.1777777777777778,0.022716049382716052
41,0,2,20,90,92,0.6500000000000001,0.35,90,0,1,-15115.02215609412,0.4,0.3,0.4,0.04,0.019090909090909092,0.10000000000000003,0.02090909090909091
41,0,2,21,92,94,0.35,0.2,92,0,0,-15119.14837523928,0.3,0.2857142857142857,0.3,0.019090909090909092,0.025510204081632654,0.01428571428571429,-0.006419294990723561
41,0,3,0,98,100,0.5,0.2,100,1,0,-15146.472434816522,0.5,0.5,0.5,0.08333333333333333,0.08333333333333333,0.0,0.0
41,0,3,1,97,98,0.55,0.5,97,0,1,-15150.65632040804,0.5,0.5,0.5,0.08333333333333333,0.08333333333333333,0.0,0.0
41,0,3,2,98,100,0.5,0.2,98,0,0,-15154.481257169387,0.5,0.3333333333333333,0.5,0.08333333333333333,0.05555555555555555,0.16666666666666669,0.027777777777777776
41,0,3,3,97,100,0.55,0.2,100,1,0,-15158.779748982632,0.6666666666666666,0.3333333333333333,0.3333333333333333,0.05555555555555555,0.05555555555555555,0.3333333333333333,0.0
41,0,3,4,97,100,0.55,0.2,100,1,1,-15162.50947899359,0.6666666666666666,0.25,0.25,0.05555555555555555,0.0375,0.41666666666666663,0.018055555555555554
41,0,3,5,98,100,0.5,0.2,98,0,1,-15167.213617100866,0.3333333333333333,0.4,0.3333333333333333,0.05555555555555555,0.04,-0.06666666666666671,0.015555555555555552
41,0,3,6,97,100,0.55,0.2,97,0,1,-15171.413866438392,0.6666666666666666,0.4,0.6666666666666666,0.05555555555555555,0.04,0.2666666666666666,0.015555555555555552
41,0,3,7,97,100,0.55,0.2,100,1,0,-15176.562345918035,0.75,0.4,0.4,0.0375,0.04,0.35,-0.0025000000000000022
41,0,3,8,97,100,0.55,0.2,100,1,0,-15180.476488075888,0.75,0.3333333333333333,0.3333333333333333,0.0375,0.031746031746031744,0.4166666666666667,0.005753968253968254
41,0,3,9,97,98,0.55,0.5,97,0,1,-15184.76247551445,0.75,0.5,0.75,0.0375,0.05,0.25,-0.012500000000000004
41,0,3,10,97,100,0.55,0.2,97,0,1,-15189.956422520276,0.8,0.2857142857142857,0.8,0.02666666666666667,0.025510204081632654,0.5142857142857143,0.0011564625850340148
41,0,3,11,98,100,0.5,0.2,98,0,1,-15193.95584827338,0.5,0.2857142857142857,0.5,0.05,0.025510204081632654,0.2142857142857143,0.02448979591836735
41,0,3,12,97,98,0.55,0.5,97,0,1,-15198.480728798697,0.8333333333333334,0.6,0.8333333333333334,0.01984126984126984,0.04,0.2333333333333334,-0.02015873015873016
41,0,3,13,97,98,0.55,0.5,98,1,0,-15203.717926146586,0.8571428571428571,0.6,0.6,0.015306122448979591,0.04,0.2571428571428571,-0.02469387755102041
41,0,3,14,96,99,0.45,0.6,99,1,0,-15207.34284663788,0.5,0.5,0.5,0.08333333333333333,0.08333333333333333,0.0,0.0
41,0,3,15,99,100,0.6,0.2,100,1,0,-15212.493084648804,0.3333333333333333,0.2857142857142857,0.2857142857142857,0.05555555555555555,0.025510204081632654,0.047619047619047616,0.0300453514739229
41,0,3,16,98,99,0.5,0.6,98,0,1,-15216.593004697555,0.5,0.3333333333333333,0.5,0.03571428571428571,0.05555555555555555,0.16666666666666669,-0.01984126984126984
41,0,3,17,97,98,0.55,0.5,97,0,1,-15221.208911197577,0.8571428571428571,0.5714285714285714,0.8571428571428571,0.015306122448979591,0.030612244897959183,0.2857142857142857,-0.015306122448979591
41,0,3,18,98,100,0.5,0.2,100,1,0,-15224.86915659577,0.5714285714285714,0.25,0.25,0.030612244897959183,0.020833333333333332,0.3214285714285714,0.00977891156462585
41,0,3,19,99,100,0.6,0.2,100,1,1,-15229.771221348,0.3333333333333333,0.2222222222222222,0.2222222222222222,0.05555555555555555,0.01728395061728395,0.1111111111111111,0.0382716049382716
41,0,3,20,98,100,0.5,0.2,98,0,1,-15233.841662104718,0.5714285714285714,0.3,0.5714285714285714,0.030612244897959183,0.019090909090909092,0.2714285714285714,0.01152133580705009
41,0,3,21,98,100,0.5,0.2,98,0,0,-15238.150967889283,0.625,0.3,0.625,0.026041666666666668,0.019090909090909092,0.325,0.006950757575757575
41,0,3,22,98,99,0.5,0.6,99,1,1,-15242.476386727216,0.5555555555555556,0.3333333333333333,0.3333333333333333,0.024691358024691357,0.05555555555555555,0.22222222222222227,-0.030864197530864196
41,0,4,0,104,106,0.35,0.5,106,1,0,-15269.677089653018,0.5,0.5,0.5,0.08333333333333333,0.08333333333333333,0.0,0.0
41,0,4,1,102,104,0.8,0.35,104,1,0,-15274.212993871375,0.5,0.5,0.5,0.08333333333333333,0.08333333333333333,0.0,0.0
41,0,4,2,102,104,0.8,0.35,104,1,0,-15278.411498941889,0.5,0.3333333333333333,0.3333333333333333,0.08333333333333333,0.05555555555555555,0.16666666666666669,0.027777777777777776
41,0,4,3,104,106,0.35,0.5,106,1,1,-15281.256573353196,0.25,0.3333333333333333,0.3333333333333333,0.0375,0.05555555555555555,-0.08333333333333331,-0.018055555555555554
41,0,4,4,102,104,0.8,0.35,102,0,1,-15286.26736956387,0.5,0.25,0.5,0.08333333333333333,0.0375,0.25,0.04583333333333333
41,0,4,5,102,104,0.8,0.35,102,0,0,-15291.595375809078,0.6666666666666666,0.25,0.6666666666666666,0.05555555555555555,0.0375,0.41666666666666663,0.018055555555555554
41,0,4,6,102,104,0.8,0.35,104,1,0,-15295.734154578897,0.5,0.25,0.25,0.05,0.0375,0.25,0.012500000000000004
41,0,4,7,102,104,0.8,0.35,102,0,1,-15300.018385410274,0.5,0.2,0.5,0.05,0.02666666666666667,0.3,0.023333333333333334
41,0,4,8,102,106,0.8,0.5,102,0,1,-15303.658853013634,0.6,0.5,0.6,0.04,0.05,0.09999999999999998,-0.010000000000000002
41,0,4,9,103,105,0.2,0.6500000000000001,105,1,1,-15307.576914089264,0.5,0.5,0.5,0.08333333333333333,0.08333333333333333,0.0,0.0
41,0,4,10,103,104,0.2,0.35,104,1,0,-15311.692099645848,0.5,0.2,0.2,0.08333333333333333,0.02666666666666667,0.3,0.05666666666666666
41,0,4,11,104,106,0.35,0.5,104,0,0,-15316.413122236649,0.16666666666666666,0.5,0.16666666666666666,0.01984126984126984,0.05,-0.33333333333333337,-0.030158730158730163
41,0,4,12,105,106,0.6500000000000001,0.5,106,1,1,-15320.698108278628,0.6666666666666666,0.5,0.5,0.05555555555555555,0.05,0.16666666666666663,0.00555555555555555
41,0,4,13,104,105,0.35,0.6500000000000001,105,1,0,-15324.96738710407,0.14285714285714285,0.6666666666666666,0.6666666666666666,0.015306122448979591,0.05555555555555555,-0.5238095238095237,-0.04024943310657596
41,0,4,14,102,106,0.8,0.5,102,0,0,-15329.265468426858,0.6666666666666666,0.6,0.6666666666666666,0.031746031746031744,0.04,0.06666666666666665,-0.008253968253968257
41,0,4,15,103,106,0.2,0.5,106,1,1,-15333.75953010431,0.5,0.6,0.6,0.08333333333333333,0.04,-0.09999999999999998,0.04333333333333333
41,0,4,16,102,104,0.8,0.35,104,1,0,-15337.378534443073,0.5714285714285714,0.14285714285714285,0.14285714285714285,0.030612244897959183,0.015306122448979591,0.42857142857142855,0.015306122448979591
41,0,4,17,102,104,0.8,0.35,104,1,1,-15341.56558479269,0.5714285714285714,0.125,0.125,0.030612244897959183,0.012152777777777778,0.4464285714285714,0.018459467120181407
41,0,4,18,102,103,0.8,0.2,103,1,0,-15346.173234627437,0.5714285714285714,0.5,0.5,0.030612244897959183,0.08333333333333333,0.0714285714285714,-0.052721088435374146
41,0,4,19,103,104,0.2,0.35,104,1,0,-15350.65857076283,0.3333333333333333,0.2222222222222222,0.2222222222222222,0.05555555555555555,0.01728395061728395,0.1111111111111111,0.0382716049382716
41,0,4,20,104,106,0.35,0.5,104,0,1,-15354.50649510396,0.2,0.6666666666666666,0.2,0.014545454545454545,0.031746031746031744,-0.4666666666666666,-0.0172005772005772
41,1,0,0,169,171,0.6,0.5,169,0,0,-15571.82927170665,0.5,0.5,0.5,0.08333333333333333,0.08333333333333333,0.0,0.0
41,1,0,1,170,171,0.2,0.5,171,1,1,-15575.901134916729,0.5,0.5,0.5,0.08333333333333333,0.08333333333333333,0.0,0.0
41,1,0,2,170,171,0.2,0.5,171,1,0,-15580.23390244246,0.5,0.6666666666666666,0.6666666666666666,0.08333333333333333,0.05555555555555555,-0.16666666666666663,0.027777777777777776
41,1,0,3,170,171,0.2,0.5,170,0,0,-15585.306787439957,0.5,0.5,0.5,0.08333333333333333,0.05,0.0,0.033333333333333326
41,1,0,4,170,171,0.2,0.5,170,0,0,-15589.114932617991,0.3333333333333333,0.5,0.3333333333333333,0.05555555555555555,0.05,-0.16666666666666669,0.00555555555555555
41,1,0,5,169,170,0.6,0.2,169,0,0,-15593.87003357996,0.3333333333333333,0.25,0.3333333333333333,0.05555555555555555,0.0375,0.08333333333333331,0.018055555555555554
41,1,0,6,170,171,0.2,0.5,171,1,1,-15598.090374231047,0.25,0.5,0.5,0.0375,0.05,-0.25,-0.012500000000000004
41,1,0,7,169,170,0.6,0.2,169,0,0,-15602.527878266645,0.25,0.25,0.25,0.0375,0.0375,0.0,0.0
41,1,0,8,168,172,0.55,0.45,172,1,0,-15606.9512336541,0.5,0.5,0.5,0.08333333333333333,0.08333333333333333,0.0,0.0
41,1,0,9,169,170,0.6,0.2,170,1,0,-15611.642577515027,0.2,0.25,0.25,0.02666666666666667,0.0375,-0.04999999999999999,-0.01083333333333333
41,1,0,10,171,172,0.5,0.45,171,0,1,-15615.787277726076,0.6,0.3333333333333333,0.6,0.04,0.05555555555555555,0.26666666666666666,-0.015555555555555552
41,1,0,11,170,171,0.2,0.5,170,0,0,-15620.824183649724,0.2,0.6666666666666666,0.2,0.02666666666666667,0.031746031746031744,-0.4666666666666666,-0.005079365079365076
41,1,0,12,169,170,0.6,0.2,169,0,0,-15624.909977341462,0.2,0.16666666666666666,0.2,0.02666666666666667,0.01984126984126984,0.033333333333333354,0.006825396825396828
41,1,0,13,170,172,0.2,0.45,172,1,0,-15630.182686376182,0.16666666666666666,0.3333333333333333,0.3333333333333333,0.01984126984126984,0.05555555555555555,-0.16666666666666666,-0.03571428571428571
41,1,0,14,168,171,0.55,0.5,171,1,0,-15633.2385234572,0.5,0.6666666666666666,0.6666666666666666,0.08333333333333333,0.031746031746031744,-0.16666666666666663,0.051587301587301584
41,1,0,15,168,172,0.55,0.45,172,1,1,-15636.980123459172,0.5,0.25,0.25,0.08333333333333333,0.0375,0.25,0.04583333333333333
41,1,0,16,169,170,0.6,0.2,169,0,0,-15642.94982878281,0.16666666666666666,0.16666666666666666,0.16666666666666666,0.01984126984126984,0.01984126984126984,0.0,0.0
41,1,0,17,168,170,0.55,0.2,168,0,1,-15650.163195056375,0.5,0.16666666666666666,0.5,0.08333333333333333,0.01984126984126984,0.33333333333333337,0.06349206349206349
41,1,1,0,174,176,0.8,0.2,176,1,0,-15678.172303560385,0.5,0.5,0.5,0.08333333333333333,0.08333333333333333,0.0,0.0
41,1,1,1,174,178,0.8,0.5,178,1,1,-15681.793022696718,0.5,0.5,0.5,0.08333333333333333,0.08333333333333333,0.0,0.0
41,1,1,2,174,178,0.8,0.5,178,1,0,-15686.073848966336,0.5,0.6666666666666666,0.6666666666666666,0.08333333333333333,0.05555555555555555,-0.16666666666666663,0.027777777777777776
41,1,1,3,174,176,0.8,0.2,176,1,0,-15689.497035114064,0.5,0.3333333333333333,0.3333333333333333,0.08333333333333333,0.05555555555555555,0.16666666666666669,0.027777777777777776
41,1,1,4,176,178,0.2,0.5,176,0,1,-15694.049021241844,0.25,0.5,0.25,0.0375,0.05,-0.25,-0.012500000000000004
41,1,1,5,174,176,0.8,0.2,176,1,0,-15697.447917427597,0.5,0.4,0.4,0.08333333333333333,0.04,0.09999999999999998,0.04333333333333333
41,1,1,6,174,176,0.8,0.2,174,0,1,-15701.315379442984,0.5,0.3333333333333333,0.5,0.08333333333333333,0.031746031746031744,0.16666666666666669,0.051587301587301584
41,1,1,7,174,176,0.8,0.2,176,1,0,-15705.48358694709,0.6666666666666666,0.3333333333333333,0.3333333333333333,0.05555555555555555,0.031746031746031744,0.3333333333333333,0.023809523809523808
41,1,1,8,174,178,0.8,0.5,178,1,0,-15708.95734482072,0.6666666666666666,0.5,0.5,0.05555555555555555,0.05,0.16666666666666663,0.00555555555555555
41,1,1,9,176,178,0.2,0.5,176,0,0,-15715.510476746003,0.2857142857142857,0.4,0.2857142857142857,0.025510204081632654,0.04,-0.11428571428571432,-0.014489795918367347
41,1,1,10,174,178,0.8,0.5,178,1,1,-15719.642073984369,0.6666666666666666,0.4,0.4,0.05555555555555555,0.04,0.2666666666666666,0.015555555555555552
41,1,1,11,174,176,0.8,0.2,176,1,0,-15723.651837288333,0.6666666666666666,0.25,0.25,0.05555555555555555,0.020833333333333332,0.41666666666666663,0.034722222222222224
41,1,1,12,174,178,0.8,0.5,174,0,0,-15726.344612496085,0.6666666666666666,0.5,0.6666666666666666,0.05555555555555555,0.03571428571428571,0.16666666666666663,0.01984126984126984
41,1,1,13,174,178,0.8,0.5,174,0,1,-15732.143556386078,0.5,0.5,0.5,0.05,0.03571428571428571,0.0,0.01428571428571429
41,1,1,14,176,178,0.2,0.5,178,1,0,-15734.812035104213,0.2222222222222222,0.5,0.5,0.01728395061728395,0.03571428571428571,-0.2777777777777778,-0.018430335097001763
41,1,1,15,175,177,0.35,0.6500000000000001,175,0,0,-15740.334916817566,0.5,0.5,0.5,0.08333333333333333,0.08333333333333333,0.0,0.0
41,1,1,16,174,178,0.8,0.5,174,0,1,-15744.033915371723,0.6,0.42857142857142855,0.6,0.04,0.030612244897959183,0.17142857142857143,0.009387755102040818
41,1,1,17,175,177,0.35,0.6500000000000001,175,0,0,-15747.831537573682,0.3333333333333333,0.5,0.3333333333333333,0.05555555555555555,0.08333333333333333,-0.16666666666666669,-0.027777777777777776
41,1,1,18,175,178,0.35,0.5,175,0,0,-15751.602095315704,0.25,0.42857142857142855,0.25,0.0375,0.030612244897959183,-0.17857142857142855,0.006887755102040816
41,1,1,19,175,177,0.35,0.6500000000000001,175,0,1,-15755.132581382515,0.2,0.5,0.2,0.02666666666666667,0.08333333333333333,-0.3,-0.05666666666666666
41,1,1,20,176,178,0.2,0.5,178,1,1,-15758.512544037289,0.2222222222222222,0.42857142857142855,0.42857142857142855,0.01728395061728395,0.030612244897959183,-0.20634920634920634,-0.013328294280675234
41,1,1,21,174,177,0.8,0.6500000000000001,174,0,1,-15763.253840677567,0.6666666666666666,0.5,0.6666666666666666,0.031746031746031744,0.08333333333333333,0.16666666666666663,-0.051587301587301584
41,1,1,22,176,177,0.2,0.6500000000000001,176,0,0,-15765.792638759793,0.2222222222222222,0.5,0.2222222222222222,0.01728395061728395,0.08333333333333333,-0.2777777777777778,-0.06604938271604938
41,1,2,0,180,182,0.45,0.6,180,0,0,-15793.794276987965,0.5,0.5,0.5,0.08333333333333333,0.08333333333333333,0.0,0.0
41,1,2,1,182,184,0.6,0.55,182,0,1,-15799.176566869475,0.5,0.5,0.5,0.08333333333333333,0.08333333333333333,0.0,0.0
41,1,2,2,180,184,0.45,0.55,184,1,1,-15801.267034612412,0.3333333333333333,0.5,0.5,0.05555555555555555,0.08333333333333333,-0.16666666666666669,-0.027777777777777776
41,1,2,3,180,184,0.45,0.55,180,0,0,-15806.307528929408,0.3333333333333333,0.6666666666666666,0.3333333333333333,0.05555555555555555,0.05555555555555555,-0.3333333333333333,0.0
41,1,2,4,180,182,0.45,0.6,180,0,0,-15812.390044401624,0.25,0.6666666666666666,0.25,0.0375,0.05555555555555555,-0.41666666666666663,-0.018055555555555554
41,1,2,5,180,182,0.45,0.6,182,1,1,-15817.329715764345,0.2,0.6666666666666666,0.6666666666666666,0.02666666666666667,0.05555555555555555,-0.4666666666666666,-0.028888888888888884
41,1,2,6,180,184,0.45,0.55,180,0,1,-15821.553263822652,0.2,0.6666666666666666,0.2,0.02666666666666667,0.05555555555555555,-0.4666666666666666,-0.028888888888888884
41,1,2,7,180,182,0.45,0.6,182,1,1,-15825.20262427836,0.3333333333333333,0.75,0.75,0.031746031746031744,0.0375,-0.4166666666666667,-0.005753968253968254
41,1,2,8,182,184,0.6,0.55,184,1,0,-15832.417278264676,0.8,0.6666666666666666,0.6666666666666666,0.02666666666666667,0.05555555555555555,0.13333333333333341,-0.028888888888888884
41,1,2,9,182,184,0.6,0.55,184,1,1,-15835.997793753722,0.8,0.5,0.5,0.02666666666666667,0.05,0.30000000000000004,-0.023333333333333334
41,1,2,10,181,183,0.5,0.2,183,1,0,-15839.73520352906,0.5,0.5,0.5,0.08333333333333333,0.08333333333333333,0.0,0.0
41,1,2,11,180,181,0.45,0.5,181,1,0,-15843.746380140044,0.3333333333333333,0.5,0.5,0.031746031746031744,0.08333333333333333,-0.16666666666666669,-0.051587301587301584
41,1,2,12,182,183,0.6,0.2,183,1,0,-15847.36285550055,0.8,0.3333333333333333,0.3333333333333333,0.02666666666666667,0.05555555555555555,0.46666666666666673,-0.028888888888888884
41,1,2,13,180,182,0.45,0.6,182,1,0,-15852.670298318888,0.3333333333333333,0.8,0.8,0.031746031746031744,0.02666666666666667,-0.46666666666666673,0.005079365079365076
41,1,2,14,181,182,0.5,0.6,181,0,0,-15857.284708442754,0.3333333333333333,0.6666666666666666,0.3333333333333333,0.05555555555555555,0.031746031746031744,-0.3333333333333333,0.023809523809523808
41,1,2,15,180,182,0.45,0.6,180,0,0,-15862.299527861647,0.3333333333333333,0.6666666666666666,0.3333333333333333,0.031746031746031744,0.031746031746031744,-0.3333333333333333,0.0
41,1,2,16,181,184,0.5,0.55,181,0,1,-15865.94360229964,0.25,0.6,0.25,0.0375,0.04,-0.35,-0.0025000000000000022
41,1,2,17,180,182,0.45,0.6,182,1,0,-15871.648125600845,0.2857142857142857,0.6666666666666666,0.6666666666666666,0.025510204081632654,0.031746031746031744,-0.38095238095238093,-0.006235827664399091
41,1,2,18,181,182,0.5,0.6,181,0,1,-15876.308102482935,0.4,0.5714285714285714,0.4,0.04,0.030612244897959183,-0.17142857142857137,0.009387755102040818
41,1,3,0,187,188,0.55,0.2,187,0,0,-15905.167243167443,0.5,0.5,0.5,0.08333333333333333,0.08333333333333333,0.0,0.0
41,1,3,1,188,190,0.2,0.45,188,0,0,-15911.069406826176,0.5,0.5,0.5,0.08333333333333333,0.08333333333333333,0.0,0.0
41,1,3,2,188,190,0.2,0.45,188,0,0,-15916.182634554449,0.3333333333333333,0.5,0.3333333333333333,0.05555555555555555,0.08333333333333333,-0.16666666666666669,-0.027777777777777776
41,1,3,3,187,190,0.55,0.45,190,1,0,-15918.531979651449,0.3333333333333333,0.5,0.5,0.05555555555555555,0.08333333333333333,-0.16666666666666669,-0.027777777777777776
41,1,3,4,188,190,0.2,0.45,188,0,0,-15923.580881058168,0.25,0.3333333333333333,0.25,0.0375,0.05555555555555555,-0.08333333333333331,-0.018055555555555554
41,1,3,5,186,189,0.5,0.6,189,1,0,-15927.79888961952,0.5,0.5,0.5,0.08333333333333333,0.08333333333333333,0.0,0.0
41,1,3,6,187,188,0.55,0.2,187,0,0,-15931.07670013305,0.3333333333333333,0.2,0.3333333333333333,0.05555555555555555,0.02666666666666667,0.1333333333333333,0.028888888888888884
41,1,3,7,186,190,0.5,0.45,190,1,0,-15935.512425475596,0.5,0.3333333333333333,0.3333333333333333,0.08333333333333333,0.05555555555555555,0.16666666666666669,0.027777777777777776
41,1,3,8,186,188,0.5,0.2,186,0,0,-15940.086469314809,0.5,0.2,0.5,0.08333333333333333,0.02666666666666667,0.3,0.05666666666666666
41,1,3,9,186,190,0.5,0.45,186,0,1,-15944.161964097331,0.3333333333333333,0.25,0.3333333333333333,0.05555555555555555,0.0375,0.08333333333333331,0.018055555555555554
41,1,3,10,187,189,0.55,0.6,187,0,0,-15948.176745518273,0.25,0.3333333333333333,0.25,0.0375,0.05555555555555555,-0.08333333333333331,-0.018055555555555554
41,1,3,11,189,190,0.6,0.45,190,1,0,-15953.575526451108,0.3333333333333333,0.25,0.25,0.05555555555555555,0.0375,0.08333333333333331,0.018055555555555554
41,1,3,12,187,189,0.55,0.6,187,0,1,-15958.406614776924,0.2,0.3333333333333333,0.2,0.02666666666666667,0.05555555555555555,-0.1333333333333333,-0.028888888888888884
41,1,3,13,187,190,0.55,0.45,187,0,1,-15962.925208823508,0.3333333333333333,0.2,0.3333333333333333,0.031746031746031744,0.02666666666666667,0.1333333333333333,0.005079365079365076
41,1,3,14,186,187,0.5,0.55,187,1,1,-15966.632206551703,0.5,0.42857142857142855,0.42857142857142855,0.05,0.030612244897959183,0.07142857142857145,0.01938775510204082
41,1,3,15,188,189,0.2,0.6,188,0,0,-15971.213266869516,0.2,0.3333333333333333,0.2,0.02666666666666667,0.05555555555555555,-0.1333333333333333,-0.028888888888888884
41,1,3,16,187,189,0.55,0.6,187,0,1,-15975.75962113133,0.5,0.3333333333333333,0.5,0.027777777777777776,0.05555555555555555,0.16666666666666669,-0.027777777777777776
41,1,3,17,186,188,0.5,0.2,188,1,0,-15979.961458044858,0.5,0.16666666666666666,0.16666666666666666,0.05,0.01984126984126984,0.33333333333333337,0.030158730158730163
41,1,3,18,186,188,0.5,0.2,186,0,0,-15985.343558974806,0.5,0.14285714285714285,0.5,0.05,0.015306122448979591,0.35714285714285715,0.03469387755102041
41,1,3,19,187,189,0.55,0.6,187,0,0,-15989.165797528023,0.5555555555555556,0.3333333333333333,0.5555555555555556,0.024691358024691357,0.05555555555555555,0.22222222222222227,-0.030864197530864196
41,1,3,20,186,187,0.5,0.55,187,1,0,-15992.96082000224,0.4,0.5,0.5,0.04,0.022727272727272728,-0.09999999999999998,0.017272727272727273
41,1,4,0,194,196,0.45,0.55,196,1,1,-16020.580707999394,0.5,0.5,0.5,0.08333333333333333,0.08333333333333333,0.0,0.0
41,1,4,1,193,194,0.5,0.45,194,1,1,-16024.20565376012,0.5,0.5,0.5,0.08333333333333333,0.08333333333333333,0.0,0.0
41,1,4,2,193,194,0.5,0.45,193,0,1,-16028.54804225872,0.5,0.6666666666666666,0.5,0.08333333333333333,0.05555555555555555,-0.16666666666666663,0.027777777777777776
41,1,4,3,194,196,0.45,0.55,196,1,1,-16032.872825728968,0.6666666666666666,0.6666666666666666,0.6666666666666666,0.05555555555555555,0.05555555555555555,0.0,0.0
41,1,4,4,192,195,0.6,0.2,192,0,0,-16038.41798544919,0.5,0.5,0.5,0.08333333333333333,0.08333333333333333,0.0,0.0
41,1,4,5,192,196,0.6,0.55,196,1,0,-16044.189086090131,0.3333333333333333,0.75,0.75,0.05555555555555555,0.0375,-0.4166666666666667,0.018055555555555554
41,1,4,6,194,196,0.45,0.55,194,0,0,-16048.273694360349,0.6666666666666666,0.6,0.6666666666666666,0.05555555555555555,0.04,0.06666666666666665,0.015555555555555552
41,1,4,7,192,195,0.6,0.2,195,1,0,-16051.943849958558,0.3333333333333333,0.5,0.5,0.05555555555555555,0.08333333333333333,-0.16666666666666669,-0.027777777777777776
41,1,4,8,194,195,0.45,0.2,195,1,1,-16055.29823831594,0.5,0.3333333333333333,0.3333333333333333,0.05,0.05555555555555555,0.16666666666666669,-0.00555555555555555
41,1,4,9,193,195,0.5,0.2,193,0,0,-16060.32249753053,0.6666666666666666,0.5,0.6666666666666666,0.05555555555555555,0.05,0.16666666666666663,0.00555555555555555
41,1,4,10,192,193,0.6,0.5,192,0,1,-16064.231150582093,0.3333333333333333,0.5,0.3333333333333333,0.05555555555555555,0.05,-0.16666666666666669,0.00555555555555555
41,1,4,11,192,194,0.6,0.45,194,1,1,-16067.460869531234,0.5,0.5,0.5,0.05,0.05,0.0,0.0
41,1,4,12,195,196,0.2,0.55,196,1,1,-16072.10755746574,0.5,0.6,0.6,0.05,0.04,-0.09999999999999998,0.010000000000000002
41,1,4,13,195,196,0.2,0.55,195,0,0,-16076.494110366111,0.5,0.6666666666666666,0.5,0.05,0.031746031746031744,-0.16666666666666663,0.01825396825396826
41,1,4,14,195,196,0.2,0.55,195,0,0,-16080.776090942045,0.4,0.6666666666666666,0.4,0.04,0.031746031746031744,-0.2666666666666666,0.008253968253968257
41,1,4,15,192,193,0.6,0.5,193,1,0,-16085.774578073742,0.5,0.5,0.5,0.05,0.05,0.0,0.0
41,1,4,16,194,196,0.45,0.55,196,1,0,-16090.354122201345,0.6,0.6666666666666666,0.6666666666666666,0.04,0.031746031746031744,-0.06666666666666665,0.008253968253968257
41,1,4,17,193,194,0.5,0.45,193,0,0,-16093.917476924167,0.4,0.6,0.4,0.04,0.04,-0.19999999999999996,0.0
41,1,4,18,195,196,0.2,0.55,196,1,1,-16097.688000126029,0.3333333333333333,0.5714285714285714,0.5714285714285714,0.031746031746031744,0.030612244897959183,-0.23809523809523808,0.0011337868480725613
41,1,4,19,192,194,0.6,0.45,192,0,1,-16100.984150555822,0.5,0.6,0.5,0.05,0.04,-0.09999999999999998,0.010000000000000002
41,1,4,20,193,194,0.5,0.45,193,0,1,-16105.18886480453,0.3333333333333333,0.6,0.3333333333333333,0.031746031746031744,0.04,-0.26666666666666666,-0.008253968253968257
41,1,4,21,192,193,0.6,0.5,193,1,1,-16109.317606280842,0.6,0.42857142857142855,0.42857142857142855,0.04,0.030612244897959183,0.17142857142857143,0.009387755102040818
P43CS,0,0,0,80,82,0.55,0.2,80,0,1,-515573.1259290605,0.5,0.5,0.5,0.08333333333333333,0.08333333333333333,0.0,0.0
P43CS,0,0,1,81,82,0.5,0.2,81,0,1,-515580.0899733557,0.5,0.5,0.5,0.08333333333333333,0.08333333333333333,0.0,0.0
P43CS,0,0,2,80,82,0.55,0.2,80,0,1,-515588.24972134986,0.3333333333333333,0.5,0.5,0.05555555555555555,0.08333333333333333,-0.16666666666666669,-0.027777777777777776
P43CS,0,0,3,80,81,0.55,0.5,80,0,0,-515595.250091199,0.3333333333333333,0.5,0.5,0.05555555555555555,0.08333333333333333,-0.16666666666666669,-0.027777777777777776
P43CS,0,0,4,80,81,0.55,0.5,81,1,1,-515599.2019361394,0.3333333333333333,0.6666666666666666,0.6666666666666666,0.05555555555555555,0.05555555555555555,-0.3333333333333333,0.0
P43CS,0,0,5,78,80,0.45,0.55,78,0,1,-515605.1781971464,0.6666666666666666,0.6666666666666666,0.6666666666666666,0.05555555555555555,0.05555555555555555,0.0,0.0
P43CS,0,0,6,78,79,0.45,0.6,79,1,0,-515610.55518101744,0.5,0.5,0.5,0.08333333333333333,0.05,0.0,0.033333333333333326
P43CS,0,0,7,78,80,0.45,0.55,78,0,0,-515618.6362535585,0.6666666666666666,0.6666666666666666,0.6666666666666666,0.05555555555555555,0.05555555555555555,0.0,0.0
P43CS,0,0,8,78,80,0.45,0.55,80,1,1,-515622.4381495722,0.6666666666666666,0.3333333333333333,0.6666666666666666,0.05555555555555555,0.05555555555555555,0.3333333333333333,0.0
P43CS,0,0,9,78,82,0.45,0.2,82,1,0,-515625.2998807006,0.5,0.5,0.5,0.05,0.05,0.0,0.0
P43CS,0,0,10,81,82,0.5,0.2,81,0,1,-515633.9455999617,0.4,0.3333333333333333,0.4,0.04,0.05555555555555555,0.06666666666666671,-0.015555555555555552
P43CS,0,0,11,78,82,0.45,0.2,78,0,1,-515637.973763274,0.75,0.5,0.75,0.0375,0.03571428571428571,0.25,0.0017857142857142863
P43CS,0,0,12,78,79,0.45,0.6,79,1,0,-515643.7754509774,0.5,0.3333333333333333,0.5,0.03571428571428571,0.05555555555555555,0.16666666666666669,-0.01984126984126984
P43CS,0,0,13,79,81,0.6,0.5,81,1,1,-515649.7454034735,0.8,0.5,0.8,0.02666666666666667,0.05,0.30000000000000004,-0.023333333333333334
P43CS,0,0,14,79,82,0.6,0.2,79,0,1,-515655.9568107931,0.3333333333333333,0.5,0.3333333333333333,0.05555555555555555,0.05,-0.16666666666666669,0.00555555555555555
P43CS,0,0,15,78,82,0.45,0.2,78,0,1,-515661.6480811598,0.6666666666666666,0.5,0.5,0.031746031746031744,0.05,0.16666666666666663,-0.01825396825396826
P43CS,0,0,16,79,81,0.6,0.5,81,1,1,-515667.53647756745,0.25,0.5,0.25,0.0375,0.05,-0.25,-0.012500000000000004
P43CS,0,0,17,79,81,0.6,0.5,81,1,0,-515672.6571460565,0.42857142857142855,0.2,0.42857142857142855,0.030612244897959183,0.02666666666666667,0.22857142857142854,0.003945578231292515
P43CS,0,0,18,79,81,0.6,0.5,79,0,1,-515675.1162456728,0.375,0.2,0.2,0.026041666666666668,0.02666666666666667,0.175,-0.0006250000000000006
P43CS,0,0,19,79,82,0.6,0.2,79,0,0,-515682.2003868881,0.5,0.5,0.5,0.08333333333333333,0.08333333333333333,0.0,0.0
P43CS,0,0,20,78,82,0.45,0.2,82,1,0,-515687.29985464376,0.5,0.5,0.5,0.08333333333333333,0.08333333333333333,0.0,0.0
P43CS,0,0,21,79,82,0.6,0.2,79,0,0,-515691.4852502226,0.6666666666666666,0.3333333333333333,0.6666666666666666,0.05555555555555555,0.05555555555555555,0.3333333333333333,0.0
P43CS,0,0,22,78,81,0.45,0.5,81,1,1,-515697.3176033288,0.5,0.3333333333333333,0.5,0.08333333333333333,0.05555555555555555,0.16666666666666669,0.027777777777777776
P43CS,0,1,0,84,85,0.35,0.5,85,1,1,-515727.034770892,0.5,0.5,0.5,0.08333333333333333,0.08333333333333333,0.0,0.0
P43CS,0,1,1,84,87,0.35,0.6500000000000001,87,1,1,-515732.7582006431,0.75,0.3333333333333333,0.3333333333333333,0.0375,0.05555555555555555,0.4166666666666667,-0.018055555555555554
P43CS,0,1,2,85,87,0.5,0.6500000000000001,85,0,1,-515737.4983915172,0.5,0.3333333333333333,0.3333333333333333,0.08333333333333333,0.05555555555555555,0.16666666666666669,0.027777777777777776
P43CS,0,1,3,84,87,0.35,0.6500000000000001,87,1,0,-515742.2761962259,0.5,0.6666666666666666,0.5,0.05,0.05555555555555555,-0.16666666666666663,-0.00555555555555555
P43CS,0,1,4,85,87,0.5,0.6500000000000001,85,0,0,-515746.0933001781,0.75,0.6666666666666666,0.75,0.0375,0.05555555555555555,0.08333333333333337,-0.018055555555555554
P43CS,0,1,5,85,87,0.5,0.6500000000000001,85,0,1,-515750.79905498354,0.25,0.6666666666666666,0.6666666666666666,0.0375,0.05555555555555555,-0.41666666666666663,-0.018055555555555554
P43CS,0,1,6,86,88,0.2,0.8,88,1,1,-515755.3544772218,0.5,0.6,0.5,0.08333333333333333,0.04,-0.09999999999999998,0.04333333333333333
P43CS,0,1,7,84,85,0.35,0.5,85,1,1,-515759.51692693314,0.6,0.5,0.6,0.04,0.05,0.09999999999999998,-0.010000000000000002
P43CS,0,1,8,86,88,0.2,0.8,86,0,0,-515763.4544854941,0.5,0.5,0.5,0.03571428571428571,0.05,0.0,-0.01428571428571429
P43CS,0,1,9,84,88,0.35,0.8,88,1,1,-515768.1828118367,0.5714285714285714,0.4,0.5714285714285714,0.030612244897959183,0.04,0.17142857142857137,-0.009387755102040818
P43CS,0,1,10,85,87,0.5,0.6500000000000001,87,1,1,-515771.6364636567,0.4,0.25,0.25,0.04,0.0375,0.15000000000000002,0.0025000000000000022
P43CS,0,1,11,87,88,0.6500000000000001,0.8,87,0,0,-515776.0714546712,0.625,0.5,0.625,0.026041666666666668,0.05,0.125,-0.023958333333333335
P43CS,0,1,12,84,85,0.35,0.5,85,1,1,-515779.39430364827,0.3333333333333333,0.5,0.3333333333333333,0.05555555555555555,0.05,-0.16666666666666669,0.00555555555555555
P43CS,0,1,13,84,86,0.35,0.2,86,1,0,-515785.0291292463,0.6666666666666666,0.5,0.6666666666666666,0.022222222222222223,0.05,0.16666666666666663,-0.02777777777777778
P43CS,0,1,14,84,86,0.35,0.2,84,0,1,-515789.8196563057,0.5,0.5,0.5,0.08333333333333333,0.08333333333333333,0.0,0.0
P43CS,0,1,15,84,88,0.35,0.8,84,0,0,-515793.34942815057,0.5,0.5,0.5,0.08333333333333333,0.08333333333333333,0.0,0.0
P43CS,0,1,16,85,87,0.5,0.6500000000000001,85,0,1,-515798.0830610785,0.3333333333333333,0.5,0.3333333333333333,0.05555555555555555,0.08333333333333333,-0.16666666666666669,-0.027777777777777776
P43CS,0,1,17,84,88,0.35,0.8,88,1,1,-515802.8350443889,0.5,0.5,0.5,0.05,0.08333333333333333,0.0,-0.033333333333333326
P43CS,0,1,18,84,86,0.35,0.2,84,0,0,-515806.590833464,0.6666666666666666,0.5,0.6666666666666666,0.05555555555555555,0.08333333333333333,0.16666666666666663,-0.027777777777777776
P43CS,0,1,19,85,87,0.5,0.6500000000000001,85,0,0,-515810.7529361222,0.5,0.5,0.5,0.05,0.08333333333333333,0.0,-0.033333333333333326
P43CS,0,1,20,85,88,0.5,0.8,88,1,1,-515815.3374508345,0.4,0.3333333333333333,0.4,0.04,0.05555555555555555,0.06666666666666671,-0.015555555555555552
P43CS,0,1,21,87,88,0.6500000000000001,0.8,87,0,1,-515818.7792420944,0.5,0.5,0.5,0.05,0.03571428571428571,0.0,0.01428571428571429
P43CS,0,2,0,91,92,0.6500000000000001,0.8,91,0,0,-515847.3857974866,0.5,0.3333333333333333,0.3333333333333333,0.05,0.05555555555555555,0.16666666666666669,-0.00555555555555555
P43CS,0,2,1,92,93,0.8,0.35,92,0,1,-515850.6887913198,0.42857142857142855,0.25,0.42857142857142855,0.030612244897959183,0.0375,0.17857142857142855,-0.006887755102040816
P43CS,0,2,2,91,92,0.6500000000000001,0.8,91,0,1,-515856.7168516019,0.5,0.5,0.5,0.08333333333333333,0.08333333333333333,0.0,0.0
P43CS,0,2,3,91,93,0.6500000000000001,0.35,91,0,0,-515861.03451337526,0.5,0.3333333333333333,0.5,0.05,0.05555555555555555,0.16666666666666669,-0.00555555555555555
P43CS,0,2,4,91,92,0.6500000000000001,0.8,92,1,1,-515865.2343081479,0.5,0.5,0.5,0.027777777777777776,0.08333333333333333,0.0,-0.05555555555555555
P43CS,0,2,5,91,93,0.6500000000000001,0.35,91,0,0,-515869.3004119129,0.3333333333333333,0.25,0.3333333333333333,0.05555555555555555,0.0375,0.08333333333333331,0.018055555555555554
P43CS,0,2,6,91,92,0.6500000000000001,0.8,91,0,0,-515874.0986907556,0.4,0.5,0.5,0.04,0.05,-0.09999999999999998,-0.010000000000000002
P43CS,0,2,7,91,92,0.6500000000000001,0.8,92,1,1,-515877.2762429183,0.4,0.25,0.4,0.04,0.0375,0.15000000000000002,0.0025000000000000022
P43CS,0,2,8,91,93,0.6500000000000001,0.35,91,0,1,-515882.2617173309,0.25,0.3333333333333333,0.3333333333333333,0.0375,0.05555555555555555,-0.08333333333333331,-0.018055555555555554
P43CS,0,2,9,91,93,0.6500000000000001,0.35,91,0,1,-515887.3082547112,0.25,0.5,0.5,0.0375,0.05,-0.25,-0.012500000000000004
P43CS,0,2,10,90,94,0.5,0.2,94,1,1,-515890.04911589663,0.4,0.5,0.4,0.04,0.027777777777777776,-0.09999999999999998,0.012222222222222225
P43CS,0,2,11,91,94,0.6500000000000001,0.2,94,1,0,-515895.5458791768,0.3333333333333333,0.5,0.5,0.031746031746031744,0.03571428571428571,-0.16666666666666669,-0.003968253968253968
P43CS,0,2,12,92,94,0.8,0.2,94,1,0,-515900.9547982045,0.3333333333333333,0.4,0.4,0.031746031746031744,0.04,-0.06666666666666671,-0.008253968253968257
P43CS,0,2,13,90,91,0.5,0.6500000000000001,91,1,0,-515905.4308573791,0.5,0.5,0.5,0.027777777777777776,0.03571428571428571,0.0,-0.007936507936507936
P43CS,0,2,14,90,93,0.5,0.35,93,1,0,-515910.8450739007,0.3333333333333333,0.4444444444444444,0.4444444444444444,0.031746031746031744,0.024691358024691357,-0.1111111111111111,0.007054673721340388
P43CS,0,2,15,91,93,0.6500000000000001,0.35,91,0,1,-515915.4206130117,0.5,0.5,0.5,0.08333333333333333,0.08333333333333333,0.0,0.0
P43CS,0,2,16,90,92,0.5,0.8,92,1,1,-515919.5874931474,0.5,0.5,0.5,0.08333333333333333,0.08333333333333333,0.0,0.0
P43CS,0,2,17,91,92,0.6500000000000001,0.8,92,1,1,-515923.8014898079,0.6666666666666666,0.5,0.6666666666666666,0.05555555555555555,0.08333333333333333,0.16666666666666663,-0.027777777777777776
P43CS,0,2,18,91,93,0.6500000000000001,0.35,93,1,0,-515926.7142085882,0.75,0.3333333333333333,0.75,0.0375,0.05555555555555555,0.4166666666666667,-0.018055555555555554
P43CS,0,3,0,96,100,0.6,0.2,96,0,1,-515960.127568858,0.6,0.5,0.6,0.04,0.08333333333333333,0.09999999999999998,-0.04333333333333333
P43CS,0,3,1,98,100,0.45,0.2,98,0,1,-515965.17787834094,0.5,0.5,0.5,0.03571428571428571,0.08333333333333333,0.0,-0.047619047619047616
P43CS,0,3,2,96,98,0.6,0.45,96,0,1,-515969.4906033641,0.5,0.3333333333333333,0.5,0.03571428571428571,0.05555555555555555,0.16666666666666669,-0.01984126984126984
P43CS,0,3,3,96,98,0.6,0.45,98,1,0,-515975.4191318141,0.5714285714285714,0.3333333333333333,0.5714285714285714,0.030612244897959183,0.05555555555555555,0.23809523809523808,-0.02494331065759637
P43CS,0,3,4,96,98,0.6,0.45,96,0,0,-515977.72603532224,0.3333333333333333,0.3333333333333333,0.3333333333333333,0.05555555555555555,0.05555555555555555,0.0,0.0
P43CS,0,3,5,96,100,0.6,0.2,96,0,1,-515984.4240194187,0.625,0.3333333333333333,0.3333333333333333,0.026041666666666668,0.05555555555555555,0.2916666666666667,-0.029513888888888885
P43CS,0,3,6,98,100,0.45,0.2,98,0,0,-515987.73795313074,0.625,0.5,0.625,0.026041666666666668,0.05,0.125,-0.023958333333333335
P43CS,0,3,7,96,100,0.6,0.2,100,1,0,-515992.4942197252,0.25,0.5,0.25,0.0375,0.05,-0.25,-0.012500000000000004
P43CS,0,3,8,96,98,0.6,0.45,98,1,1,-515998.1994157858,0.6666666666666666,0.2,0.6666666666666666,0.022222222222222223,0.02666666666666667,0.4666666666666666,-0.004444444444444445
P43CS,0,3,9,96,98,0.6,0.45,96,0,0,-516002.7137956372,0.5,0.5,0.5,0.08333333333333333,0.08333333333333333,0.0,0.0
P43CS,0,3,10,98,100,0.45,0.2,100,1,0,-516008.07112246775,0.3333333333333333,0.2,0.3333333333333333,0.05555555555555555,0.02666666666666667,0.1333333333333333,0.028888888888888884
P43CS,0,3,11,96,98,0.6,0.45,96,0,1,-516011.90936311503,0.5,0.5,0.5,0.05,0.05,0.0,0.0
P43CS,0,3,12,96,98,0.6,0.45,98,1,0,-516017.1368238008,0.5,0.5,0.5,0.05,0.08333333333333333,0.0,-0.033333333333333326
P43CS,0,3,13,98,100,0.45,0.2,98,0,0,-516021.4209843392,0.6,0.2,0.2,0.02181818181818182,0.02666666666666667,0.39999999999999997,-0.0048484848484848485
P43CS,0,3,14,97,99,0.5,0.55,97,0,0,-516024.9304064255,0.6,0.6666666666666666,0.6666666666666666,0.02181818181818182,0.05555555555555555,-0.06666666666666665,-0.03373737373737373
P43CS,0,3,15,97,100,0.5,0.2,97,0,0,-516029.242441822,0.16666666666666666,0.75,0.75,0.01984126984126984,0.0375,-0.5833333333333334,-0.01765873015873016
P43CS,0,3,16,97,98,0.5,0.45,97,0,0,-516034.6160334076,0.6,0.6,0.6,0.04,0.04,0.0,0.0
P43CS,0,3,17,98,99,0.45,0.55,98,0,0,-516036.9947873369,0.6,0.5,0.5,0.04,0.05,0.09999999999999998,-0.010000000000000002
P43CS,0,4,0,102,104,0.55,0.2,102,0,1,-516069.8602857591,0.5,0.5,0.5,0.08333333333333333,0.08333333333333333,0.0,0.0
P43CS,0,4,1,104,106,0.2,0.45,106,1,0,-516073.526002824,0.5,0.5,0.5,0.08333333333333333,0.08333333333333333,0.0,0.0
P43CS,0,4,2,102,106,0.55,0.45,106,1,0,-516080.9915732538,0.5,0.3333333333333333,0.5,0.08333333333333333,0.05555555555555555,0.16666666666666669,0.027777777777777776
P43CS,0,4,3,104,106,0.2,0.45,104,0,0,-516085.1690732696,0.3333333333333333,0.3333333333333333,0.3333333333333333,0.05555555555555555,0.05555555555555555,0.0,0.0
P43CS,0,4,4,104,106,0.2,0.45,106,1,1,-516089.4347436701,0.5,0.3333333333333333,0.3333333333333333,0.05,0.05555555555555555,0.16666666666666669,-0.00555555555555555
P43CS,0,4,5,102,106,0.55,0.45,102,0,0,-516095.5761065335,0.5,0.5,0.5,0.05,0.05,0.0,0.0
P43CS,0,4,6,102,104,0.55,0.2,104,1,0,-516102.52956190176,0.5,0.5,0.5,0.08333333333333333,0.08333333333333333,0.0,0.0
P43CS,0,4,7,104,106,0.2,0.45,104,0,0,-516105.9283555623,0.3333333333333333,0.5,0.3333333333333333,0.05555555555555555,0.05,-0.16666666666666669,0.00555555555555555
P43CS,0,4,8,102,104,0.55,0.2,102,0,1,-516109.8468920277,0.25,0.5,0.5,0.0375,0.08333333333333333,-0.25,-0.04583333333333333
P43CS,0,4,9,103,105,0.5,0.6,103,0,0,-516114.0610082481,0.5,0.3333333333333333,0.3333333333333333,0.05,0.05555555555555555,0.16666666666666669,-0.00555555555555555
P43CS,0,4,10,105,106,0.6,0.45,106,1,1,-516120.5255357329,0.25,0.25,0.25,0.0375,0.0375,0.0,0.0
P43CS,0,4,11,102,105,0.55,0.6,102,0,0,-516124.2253526173,0.2,0.5,0.5,0.02666666666666667,0.05,-0.3,-0.023333333333333334
P43CS,0,4,12,102,105,0.55,0.6,105,1,1,-516127.814490374,0.4,0.6666666666666666,0.6666666666666666,0.04,0.05555555555555555,-0.2666666666666666,-0.015555555555555552
P43CS,0,4,13,102,104,0.55,0.2,102,0,1,-516133.4294574993,0.25,0.4,0.25,0.0375,0.04,-0.15000000000000002,-0.0025000000000000022
P43CS,0,4,14,102,106,0.55,0.45,106,1,1,-516137.9373013657,0.4,0.4,0.4,0.04,0.04,0.0,0.0
P43CS,0,4,15,103,105,0.5,0.6,103,0,1,-516140.629645007,0.4,0.4,0.4,0.04,0.04,0.0,0.0
P43CS,0,4,16,102,105,0.55,0.6,102,0,0,-516147.2608994785,0.5,0.5,0.5,0.03571428571428571,0.05,0.0,-0.01428571428571429
P43CS,0,4,17,104,106,0.2,0.45,106,1,0,-516150.0493864604,0.3333333333333333,0.6,0.6,0.031746031746031744,0.04,-0.26666666666666666,-0.008253968253968257
P43CS,0,4,18,102,104,0.55,0.2,104,1,0,-516155.6472761037,0.3333333333333333,0.6666666666666666,0.6666666666666666,0.031746031746031744,0.031746031746031744,-0.3333333333333333,0.0
P43CS,0,4,19,102,105,0.55,0.6,102,0,1,-516158.7092558705,0.4,0.3333333333333333,0.3333333333333333,0.04,0.031746031746031744,0.06666666666666671,0.008253968253968257
P43CS,0,4,20,103,105,0.5,0.6,105,1,1,-516163.9290016244,0.2857142857142857,0.7142857142857143,0.7142857142857143,0.025510204081632654,0.025510204081632654,-0.4285714285714286,0.0
P43CS,1,0,0,169,171,0.55,0.6,171,1,1,-516431.9551813135,0.5,0.5,0.5,0.08333333333333333,0.08333333333333333,0.0,0.0
P43CS,1,0,1,169,170,0.55,0.2,170,1,0,-516437.0571044875,0.5,0.5,0.5,0.08333333333333333,0.08333333333333333,0.0,0.0
P43CS,1,0,2,169,170,0.55,0.2,170,1,0,-516441.0140618105,0.3333333333333333,0.5,0.3333333333333333,0.05555555555555555,0.08333333333333333,-0.16666666666666669,-0.027777777777777776
P43CS,1,0,3,169,170,0.55,0.2,169,0,0,-516446.7504569204,0.25,0.6666666666666666,0.6666666666666666,0.0375,0.05555555555555555,-0.41666666666666663,-0.018055555555555554
P43CS,1,0,4,170,171,0.2,0.6,170,0,1,-516449.06939596223,0.25,0.5,0.25,0.0375,0.05,-0.25,-0.012500000000000004
P43CS,1,0,5,170,171,0.2,0.6,171,1,1,-516455.79194244783,0.2,0.5,0.2,0.02666666666666667,0.08333333333333333,-0.3,-0.05666666666666666
P43CS,1,0,6,170,171,0.2,0.6,171,1,1,-516460.0711266842,0.16666666666666666,0.5,0.5,0.01984126984126984,0.05,-0.33333333333333337,-0.030158730158730163
P43CS,1,0,7,169,170,0.55,0.2,169,0,1,-516464.8535447212,0.16666666666666666,0.5,0.5,0.01984126984126984,0.08333333333333333,-0.33333333333333337,-0.06349206349206349
P43CS,1,0,8,170,171,0.2,0.6,170,0,0,-516469.0752316812,0.5,0.5,0.5,0.08333333333333333,0.08333333333333333,0.0,0.0
P43CS,1,0,9,170,171,0.2,0.6,171,1,0,-516472.8491696182,0.4,0.3333333333333333,0.3333333333333333,0.04,0.05555555555555555,0.06666666666666671,-0.015555555555555552
P43CS,1,0,10,169,171,0.55,0.6,171,1,0,-516478.65436614136,0.6666666666666666,0.5,0.6666666666666666,0.05555555555555555,0.08333333333333333,0.16666666666666663,-0.027777777777777776
P43CS,1,0,11,169,171,0.55,0.6,171,1,0,-516483.9065673986,0.5,0.5,0.5,0.05,0.08333333333333333,0.0,-0.033333333333333326
P43CS,1,0,12,169,171,0.55,0.6,169,0,1,-516487.5760048757,0.16666666666666666,0.25,0.16666666666666666,0.01984126984126984,0.0375,-0.08333333333333334,-0.01765873015873016
P43CS,1,0,13,168,172,0.5,0.45,168,0,0,-516492.334409428,0.4,0.4,0.4,0.04,0.04,0.0,0.0
P43CS,1,0,14,170,172,0.2,0.45,170,0,0,-516497.1119855018,0.14285714285714285,0.4,0.14285714285714285,0.015306122448979591,0.04,-0.2571428571428572,-0.02469387755102041
P43CS,1,0,15,168,170,0.5,0.2,170,1,1,-516500.3335870702,0.3333333333333333,0.25,0.25,0.031746031746031744,0.0375,0.08333333333333331,-0.005753968253968254
P43CS,1,0,16,169,171,0.55,0.6,171,1,1,-516505.1386832016,0.125,0.4,0.125,0.012152777777777778,0.04,-0.275,-0.027847222222222225
P43CS,1,0,17,170,172,0.2,0.45,170,0,0,-516508.936523788,0.1111111111111111,0.5,0.5,0.009876543209876543,0.08333333333333333,-0.3888888888888889,-0.07345679012345678
P43CS,1,0,18,169,171,0.55,0.6,169,0,0,-516515.1608907722,0.3333333333333333,0.4,0.4,0.031746031746031744,0.04,-0.06666666666666671,-0.008253968253968257
P43CS,1,0,19,168,171,0.5,0.6,171,1,0,-516518.9606356407,0.1111111111111111,0.5,0.1111111111111111,0.009876543209876543,0.03571428571428571,-0.3888888888888889,-0.02583774250440917
P43CS,1,0,20,169,171,0.55,0.6,169,0,0,-516522.84611968073,0.3333333333333333,0.3333333333333333,0.3333333333333333,0.05555555555555555,0.031746031746031744,0.0,0.023809523809523808
P43CS,1,0,21,169,172,0.55,0.45,169,0,0,-516524.5692978546,0.3333333333333333,0.5,0.5,0.05555555555555555,0.03571428571428571,-0.16666666666666669,0.01984126984126984
P43CS,1,1,0,176,178,0.6500000000000001,0.5,176,0,0,-516554.8532366238,0.5,0.5,0.5,0.08333333333333333,0.08333333333333333,0.0,0.0
P43CS,1,1,1,174,178,0.2,0.5,174,0,0,-516559.4330411717,0.5,0.5,0.5,0.08333333333333333,0.08333333333333333,0.0,0.0
P43CS,1,1,2,174,176,0.2,0.6500000000000001,174,0,0,-516568.07692306687,0.5,0.6666666666666666,0.5,0.08333333333333333,0.05555555555555555,-0.16666666666666663,0.027777777777777776
P43CS,1,1,3,176,178,0.6500000000000001,0.5,176,0,1,-516569.9235359907,0.3333333333333333,0.6666666666666666,0.6666666666666666,0.05555555555555555,0.05555555555555555,-0.3333333333333333,0.0
P43CS,1,1,4,174,178,0.2,0.5,178,1,0,-516576.11250615225,0.3333333333333333,0.75,0.75,0.05555555555555555,0.0375,-0.4166666666666667,0.018055555555555554
P43CS,1,1,5,175,177,0.8,0.35,175,0,1,-516583.2298321622,0.3333333333333333,0.8,0.8,0.05555555555555555,0.02666666666666667,-0.46666666666666673,0.028888888888888884
P43CS,1,1,6,174,175,0.2,0.8,175,1,0,-516586.4572818637,0.3333333333333333,0.6666666666666666,0.6666666666666666,0.05555555555555555,0.05555555555555555,-0.3333333333333333,0.0
P43CS,1,1,7,175,177,0.8,0.35,175,0,1,-516591.7502534398,0.75,0.6666666666666666,0.6666666666666666,0.0375,0.031746031746031744,0.08333333333333337,0.005753968253968254
P43CS,1,1,8,175,177,0.8,0.35,177,1,1,-516595.1819718216,0.3333333333333333,0.5714285714285714,0.5714285714285714,0.05555555555555555,0.030612244897959183,-0.23809523809523808,0.02494331065759637
P43CS,1,1,9,174,175,0.2,0.8,175,1,1,-516600.2792233566,0.5,0.5,0.5,0.08333333333333333,0.08333333333333333,0.0,0.0
P43CS,1,1,10,176,177,0.6500000000000001,0.35,177,1,0,-516604.340160134,0.3333333333333333,0.5,0.5,0.05555555555555555,0.027777777777777776,-0.16666666666666669,0.027777777777777776
P43CS,1,1,11,175,178,0.8,0.5,178,1,1,-516608.0770943933,0.75,0.3333333333333333,0.75,0.0375,0.05555555555555555,0.4166666666666667,-0.018055555555555554
P43CS,1,1,12,174,178,0.2,0.5,174,0,0,-516612.3133366728,0.3333333333333333,0.3333333333333333,0.3333333333333333,0.05555555555555555,0.05555555555555555,0.0,0.0
P43CS,1,1,13,176,178,0.6500000000000001,0.5,176,0,0,-516616.0461379431,0.3333333333333333,0.5555555555555556,0.5555555555555556,0.05555555555555555,0.024691358024691357,-0.22222222222222227,0.030864197530864196
P43CS,1,1,14,177,178,0.35,0.5,177,0,0,-516619.8782867521,0.6,0.5,0.5,0.04,0.022727272727272728,0.09999999999999998,0.017272727272727273
P43CS,1,1,15,174,178,0.2,0.5,174,0,0,-516623.9366682695,0.5,0.25,0.25,0.08333333333333333,0.0375,0.25,0.04583333333333333
P43CS,1,1,16,174,178,0.2,0.5,174,0,0,-516629.0146808687,0.5,0.6,0.6,0.08333333333333333,0.04,-0.09999999999999998,0.04333333333333333
P43CS,1,1,17,174,176,0.2,0.6500000000000001,174,0,1,-516632.2992361213,0.2,0.45454545454545453,0.45454545454545453,0.02666666666666667,0.02066115702479339,-0.2545454545454545,0.006005509641873279
P43CS,1,2,0,180,183,0.6,0.5,183,1,1,-516660.1395137534,0.5,0.5,0.5,0.08333333333333333,0.08333333333333333,0.0,0.0
P43CS,1,2,1,180,181,0.6,0.55,181,1,0,-516663.7261292976,0.5,0.5,0.5,0.08333333333333333,0.08333333333333333,0.0,0.0
P43CS,1,2,2,180,181,0.6,0.55,180,0,0,-516669.446020108,0.5,0.3333333333333333,0.3333333333333333,0.08333333333333333,0.05555555555555555,0.16666666666666669,0.027777777777777776
P43CS,1,2,3,180,183,0.6,0.5,183,1,1,-516675.5853705758,0.25,0.6666666666666666,0.6666666666666666,0.0375,0.05555555555555555,-0.41666666666666663,-0.018055555555555554
P43CS,1,2,4,180,183,0.6,0.5,183,1,1,-516678.1117806923,0.5,0.5,0.5,0.08333333333333333,0.05,0.0,0.033333333333333326
P43CS,1,2,5,180,181,0.6,0.55,180,0,0,-516684.2357953896,0.25,0.5,0.25,0.0375,0.05,-0.25,-0.012500000000000004
P43CS,1,2,6,180,183,0.6,0.5,180,0,0,-516688.2653108175,0.6666666666666666,0.5,0.5,0.05555555555555555,0.05,0.16666666666666663,0.00555555555555555
P43CS,1,2,7,180,181,0.6,0.55,180,0,0,-516692.1654349639,0.6666666666666666,0.6,0.6666666666666666,0.05555555555555555,0.04,0.06666666666666665,0.015555555555555552
P43CS,1,2,8,182,184,0.45,0.2,184,1,0,-516694.8924197431,0.75,0.2,0.2,0.0375,0.02666666666666667,0.55,0.01083333333333333
P43CS,1,2,9,181,182,0.55,0.45,182,1,1,-516700.6281183129,0.75,0.3333333333333333,0.75,0.0375,0.031746031746031744,0.4166666666666667,0.005753968253968254
P43CS,1,2,10,181,182,0.55,0.45,181,0,1,-516703.8244927837,0.3333333333333333,0.6,0.6,0.031746031746031744,0.04,-0.26666666666666666,-0.008253968253968257
P43CS,1,2,11,183,184,0.5,0.2,183,0,1,-516707.6285914361,0.3333333333333333,0.5,0.5,0.031746031746031744,0.03571428571428571,-0.16666666666666669,-0.003968253968253968
P43CS,1,2,12,181,183,0.55,0.5,183,1,1,-516714.9141470024,0.3333333333333333,0.5714285714285714,0.5714285714285714,0.031746031746031744,0.030612244897959183,-0.23809523809523808,0.0011337868480725613
P43CS,1,2,13,180,184,0.6,0.2,184,1,0,-516718.5887987005,0.6,0.625,0.6,0.04,0.026041666666666668,-0.025000000000000022,0.013958333333333333
P43CS,1,2,14,182,184,0.45,0.2,182,0,1,-516722.007245351,0.5,0.5,0.5,0.08333333333333333,0.08333333333333333,0.0,0.0
P43CS,1,2,15,182,183,0.45,0.5,182,0,1,-516727.1543761264,0.5,0.625,0.625,0.03571428571428571,0.026041666666666668,-0.125,0.009672619047619044
P43CS,1,2,16,181,184,0.55,0.2,184,1,1,-516732.5990783576,0.5,0.6666666666666666,0.6666666666666666,0.03571428571428571,0.05555555555555555,-0.16666666666666663,-0.01984126984126984
P43CS,1,2,17,181,183,0.55,0.5,183,1,0,-516736.7105614864,0.5,0.3333333333333333,0.3333333333333333,0.03571428571428571,0.031746031746031744,0.16666666666666669,0.003968253968253968
P43CS,1,2,18,180,182,0.6,0.45,182,1,0,-516740.8070894675,0.2857142857142857,0.5,0.5,0.025510204081632654,0.05,-0.2142857142857143,-0.02448979591836735
P43CS,1,2,19,180,183,0.6,0.5,180,0,0,-516743.94416386686,0.5,0.6666666666666666,0.6666666666666666,0.08333333333333333,0.022222222222222223,-0.16666666666666663,0.0611111111111111
P43CS,1,2,20,181,182,0.55,0.45,182,1,0,-516749.8955138182,0.5,0.5,0.5,0.03571428571428571,0.08333333333333333,0.0,-0.047619047619047616
P43CS,1,3,0,186,188,0.5,0.35,186,0,0,-516779.8429073728,0.42857142857142855,0.5,0.5,0.030612244897959183,0.08333333333333333,-0.07142857142857145,-0.052721088435374146
P43CS,1,3,1,188,190,0.35,0.8,188,0,0,-516786.4543959585,0.42857142857142855,0.4,0.4,0.030612244897959183,0.04,0.028571428571428525,-0.009387755102040818
P43CS,1,3,2,188,190,0.35,0.8,190,1,0,-516789.8566354026,0.5,0.5,0.5,0.08333333333333333,0.08333333333333333,0.0,0.0
P43CS,1,3,3,186,188,0.5,0.35,186,0,1,-516794.2916247624,0.5,0.5,0.5,0.08333333333333333,0.08333333333333333,0.0,0.0
P43CS,1,3,4,187,189,0.6500000000000001,0.2,189,1,0,-516796.9778141204,0.3333333333333333,0.3333333333333333,0.3333333333333333,0.05555555555555555,0.05555555555555555,0.0,0.0
P43CS,1,3,5,187,188,0.6500000000000001,0.35,187,0,1,-516802.7971326014,0.5,0.25,0.5,0.08333333333333333,0.0375,0.25,0.04583333333333333
P43CS,1,3,6,186,187,0.5,0.6500000000000001,186,0,0,-516806.40146174736,0.3333333333333333,0.25,0.25,0.05555555555555555,0.0375,0.08333333333333331,0.018055555555555554
P43CS,1,3,7,189,190,0.2,0.8,189,0,1,-516809.98101180687,0.5,0.5,0.5,0.08333333333333333,0.08333333333333333,0.0,0.0
P43CS,1,3,8,186,188,0.5,0.35,186,0,0,-516812.6764433208,0.3333333333333333,0.6666666666666666,0.6666666666666666,0.05555555555555555,0.05555555555555555,-0.3333333333333333,0.0
P43CS,1,3,9,188,189,0.35,0.2,188,0,1,-516818.2908274724,0.5,0.4,0.5,0.05,0.04,0.09999999999999998,0.010000000000000002
P43CS,1,3,10,187,190,0.6500000000000001,0.8,190,1,1,-516824.1217165472,0.6,0.4,0.6,0.04,0.04,0.19999999999999996,0.0
P43CS,1,3,11,187,188,0.6500000000000001,0.35,188,1,1,-516828.01145823,0.6666666666666666,0.4,0.4,0.05555555555555555,0.04,0.2666666666666666,0.015555555555555552
P43CS,1,3,12,189,190,0.2,0.8,189,0,0,-516831.91538006783,0.3333333333333333,0.5,0.3333333333333333,0.05555555555555555,0.03571428571428571,-0.16666666666666669,0.01984126984126984
P43CS,1,3,13,186,189,0.5,0.2,186,0,1,-516835.7675962905,0.5,0.5,0.5,0.08333333333333333,0.05,0.0,0.033333333333333326
P43CS,1,3,14,186,190,0.5,0.8,190,1,1,-516839.8422115046,0.5,0.5,0.5,0.05,0.03571428571428571,0.0,0.01428571428571429
P43CS,1,3,15,187,189,0.6500000000000001,0.2,187,0,1,-516843.7406855543,0.3333333333333333,0.5,0.3333333333333333,0.05555555555555555,0.03571428571428571,-0.16666666666666669,0.01984126984126984
P43CS,1,3,16,188,189,0.35,0.2,188,0,0,-516847.4679029244,0.5,0.5,0.5,0.05,0.05,0.0,0.0
P43CS,1,3,17,187,188,0.6500000000000001,0.35,187,0,0,-516851.87372949126,0.5,0.5714285714285714,0.5714285714285714,0.05,0.030612244897959183,-0.0714285714285714,0.01938775510204082
P43CS,1,3,18,186,189,0.5,0.2,186,0,0,-516855.5060164043,0.5,0.625,0.625,0.05,0.026041666666666668,-0.125,0.023958333333333335
P43CS,1,4,0,194,196,0.35,0.8,196,1,1,-516882.1667834669,0.6666666666666666,0.5,0.5,0.05555555555555555,0.03571428571428571,0.16666666666666663,0.01984126984126984
P43CS,1,4,1,193,194,0.6500000000000001,0.35,193,0,0,-516888.3511047572,0.5,0.6666666666666666,0.6666666666666666,0.05,0.022222222222222223,-0.16666666666666663,0.02777777777777778
P43CS,1,4,2,194,196,0.35,0.8,196,1,1,-516891.62381953833,0.5,0.5,0.5,0.08333333333333333,0.08333333333333333,0.0,0.0
P43CS,1,4,3,193,194,0.6500000000000001,0.35,194,1,0,-516897.10426967335,0.5,0.5,0.5,0.08333333333333333,0.08333333333333333,0.0,0.0
P43CS,1,4,4,193,196,0.6500000000000001,0.8,196,1,1,-516902.4567098521,0.5,0.6666666666666666,0.5,0.08333333333333333,0.05555555555555555,-0.16666666666666663,0.027777777777777776
P43CS,1,4,5,193,196,0.6500000000000001,0.8,196,1,1,-516905.4182142292,0.6666666666666666,0.6666666666666666,0.6666666666666666,0.05555555555555555,0.05555555555555555,0.0,0.0
P43CS,1,4,6,193,194,0.6500000000000001,0.35,193,0,0,-516910.6586356904,0.6666666666666666,0.5,0.6666666666666666,0.05555555555555555,0.05,0.16666666666666663,0.00555555555555555
P43CS,1,4,7,193,194,0.6500000000000001,0.35,194,1,0,-516915.7374913231,0.6666666666666666,0.75,0.6666666666666666,0.05555555555555555,0.0375,-0.08333333333333337,0.018055555555555554
P43CS,1,4,8,193,196,0.6500000000000001,0.8,196,1,1,-516920.5294794809,0.75,0.5,0.75,0.0375,0.05,0.25,-0.012500000000000004
P43CS,1,4,9,193,194,0.6500000000000001,0.35,194,1,0,-516925.1977663972,0.75,0.5,0.75,0.0375,0.05,0.25,-0.012500000000000004
P43CS,1,4,10,193,196,0.6500000000000001,0.8,196,1,1,-516929.3777320217,0.8,0.5,0.8,0.02666666666666667,0.05,0.30000000000000004,-0.023333333333333334
P43CS,1,4,11,193,196,0.6500000000000001,0.8,193,0,1,-516935.21156486985,0.8,0.5,0.8,0.02666666666666667,0.05,0.30000000000000004,-0.023333333333333334
P43CS,1,4,12,193,194,0.6500000000000001,0.35,193,0,1,-516938.1120828926,0.8333333333333334,0.5,0.8333333333333334,0.01984126984126984,0.05,0.33333333333333337,-0.030158730158730163
P43CS,1,4,13,193,196,0.6500000000000001,0.8,196,1,1,-516944.61483236746,0.8571428571428571,0.5,0.5,0.015306122448979591,0.05,0.3571428571428571,-0.03469387755102041
P43CS,1,4,14,193,196,0.6500000000000001,0.8,196,1,1,-516948.68646014505,0.8571428571428571,0.4,0.8571428571428571,0.015306122448979591,0.04,0.4571428571428571,-0.02469387755102041
P43CS,1,4,15,192,195,0.2,0.5,192,0,0,-516950.7178432511,0.6666666666666666,0.4,0.6666666666666666,0.031746031746031744,0.04,0.2666666666666666,-0.008253968253968257
P43CS,1,4,16,194,195,0.35,0.5,194,0,1,-516958.2723298323,0.7142857142857143,0.4,0.7142857142857143,0.025510204081632654,0.04,0.3142857142857143,-0.014489795918367347
P43CS,1,4,17,192,196,0.2,0.8,196,1,1,-516962.0290098422,0.5,0.5,0.5,0.08333333333333333,0.08333333333333333,0.0,0.0
P43CS,1,4,18,193,194,0.6500000000000001,0.35,194,1,0,-516968.5170343755,0.6666666666666666,0.75,0.6666666666666666,0.05555555555555555,0.020833333333333332,-0.08333333333333337,0.034722222222222224
P43CS,1,4,19,195,196,0.5,0.8,195,0,0,-516972.1758311166,0.75,0.5,0.75,0.020833333333333332,0.08333333333333333,0.25,-0.0625
P43CS,1,4,20,194,195,0.35,0.5,194,0,1,-516977.7790479255,0.5,0.5,0.5,0.05,0.08333333333333333,0.0,-0.033333333333333326
P43CS,1,4,21,192,194,0.2,0.35,194,1,0,-516981.66015016334,0.7777777777777778,0.5,0.7777777777777778,0.01728395061728395,0.08333333333333333,0.2777777777777778,-0.06604938271604938
P43CS,1,4,22,195,196,0.5,0.8,196,1,1,-516985.5835655784,0.6,0.5,0.6,0.04,0.08333333333333333,0.09999999999999998,-0.04333333333333333
47,0,0,0,80,81,0.45,0.5,80,0,0,-7988.722581334745,0.5,0.5,0.5,0.08333333333333333,0.08333333333333333,0.0,0.0
47,0,0,1,78,79,0.55,0.2,78,0,1,-7995.69416651279,0.6666666666666666,0.5,0.6666666666666666,0.05555555555555555,0.08333333333333333,0.16666666666666663,-0.027777777777777776
47,0,0,2,80,82,0.45,0.6,82,1,1,-8003.420128402042,0.5,0.5,0.5,0.08333333333333333,0.08333333333333333,0.0,0.0
47,0,0,3,80,81,0.45,0.5,81,1,1,-8008.71105573525,0.5,0.5,0.5,0.08333333333333333,0.08333333333333333,0.0,0.0
47,0,0,4,80,82,0.45,0.6,82,1,0,-8014.727461712933,0.5,0.5,0.5,0.08333333333333333,0.08333333333333333,0.0,0.0
47,0,0,5,78,81,0.55,0.5,81,1,0,-8019.930565048542,0.3333333333333333,0.5,0.5,0.05555555555555555,0.08333333333333333,-0.16666666666666669,-0.027777777777777776
47,0,0,6,79,82,0.2,0.6,79,0,1,-8025.535771413512,0.75,0.3333333333333333,0.3333333333333333,0.0375,0.05555555555555555,0.4166666666666667,-0.018055555555555554
47,0,0,7,78,79,0.55,0.2,79,1,0,-8030.663284093078,0.75,0.3333333333333333,0.75,0.0375,0.05555555555555555,0.4166666666666667,-0.018055555555555554
47,0,0,8,78,80,0.55,0.45,78,0,1,-8037.288062914447,0.8,0.3333333333333333,0.8,0.02666666666666667,0.05555555555555555,0.46666666666666673,-0.028888888888888884
47,0,0,9,79,82,0.2,0.6,79,0,0,-8040.764468551397,0.6666666666666666,0.3333333333333333,0.3333333333333333,0.05555555555555555,0.05555555555555555,0.3333333333333333,0.0
47,0,0,10,79,80,0.2,0.45,79,0,1,-8049.152381408392,0.8333333333333334,0.5,0.5,0.01984126984126984,0.05,0.33333333333333337,-0.030158730158730163
47,0,0,11,78,79,0.55,0.2,78,0,1,-8051.884767210183,0.8333333333333334,0.6,0.8333333333333334,0.01984126984126984,0.04,0.2333333333333334,-0.02015873015873016
47,0,0,12,79,80,0.2,0.45,79,0,0,-8059.057219779575,0.8571428571428571,0.6666666666666666,0.6666666666666666,0.015306122448979591,0.05555555555555555,0.19047619047619047,-0.04024943310657596
47,0,0,13,78,82,0.55,0.6,78,0,0,-8064.288919339537,0.5,0.5,0.5,0.05,0.05,0.0,0.0
47,0,0,14,80,81,0.45,0.5,80,0,0,-8069.974659578058,0.8571428571428571,0.3333333333333333,0.8571428571428571,0.015306122448979591,0.05555555555555555,0.5238095238095237,-0.04024943310657596
47,0,0,15,78,82,0.55,0.6,82,1,1,-8074.528812828546,0.3333333333333333,0.5,0.5,0.05555555555555555,0.05,-0.16666666666666669,0.00555555555555555
47,0,0,16,80,81,0.45,0.5,80,0,0,-8084.051843538415,0.3333333333333333,0.4,0.3333333333333333,0.05555555555555555,0.04,-0.06666666666666671,0.015555555555555552
47,0,0,17,79,80,0.2,0.45,79,0,0,-8090.628172164026,0.875,0.4,0.875,0.012152777777777778,0.04,0.475,-0.027847222222222225
47,0,0,18,79,80,0.2,0.45,80,1,0,-8094.44428642566,0.5,0.6,0.6,0.05,0.04,-0.09999999999999998,0.010000000000000002
47,0,1,0,85,87,0.6,0.45,87,1,0,-8125.23060051389,0.5,0.6,0.6,0.05,0.04,-0.09999999999999998,0.010000000000000002
47,0,1,1,85,86,0.6,0.55,85,0,1,-8132.119743248873,0.5,0.4,0.5,0.03571428571428571,0.04,0.09999999999999998,-0.0042857142857142885
47,0,1,2,85,87,0.6,0.45,85,0,1,-8135.449848713037,0.5,0.5,0.5,0.08333333333333333,0.08333333333333333,0.0,0.0
47,0,1,3,86,87,0.55,0.45,86,0,0,-8140.24887477991,0.5,0.5,0.5,0.08333333333333333,0.08333333333333333,0.0,0.0
47,0,1,4,84,88,0.2,0.5,88,1,1,-8147.237543852915,0.3333333333333333,0.6666666666666666,0.6666666666666666,0.05555555555555555,0.05555555555555555,-0.3333333333333333,0.0
47,0,1,5,85,86,0.6,0.55,86,1,1,-8156.904511768621,0.3333333333333333,0.75,0.75,0.05555555555555555,0.0375,-0.4166666666666667,0.018055555555555554
47,0,1,6,84,87,0.2,0.45,87,1,0,-8161.78850461857,0.3333333333333333,0.8,0.8,0.05555555555555555,0.02666666666666667,-0.46666666666666673,0.028888888888888884
47,0,1,7,86,88,0.55,0.5,86,0,0,-8170.041092044219,0.3333333333333333,0.5,0.5,0.05555555555555555,0.08333333333333333,-0.16666666666666669,-0.027777777777777776
47,0,1,8,85,88,0.6,0.5,85,0,0,-8174.941889583719,0.3333333333333333,0.6666666666666666,0.6666666666666666,0.05555555555555555,0.05555555555555555,-0.3333333333333333,0.0
47,0,1,9,87,88,0.45,0.5,88,1,0,-8181.037553273969,0.3333333333333333,0.75,0.75,0.05555555555555555,0.0375,-0.4166666666666667,0.018055555555555554
47,0,1,10,84,85,0.2,0.6,84,0,0,-8187.277802010897,0.3333333333333333,0.6,0.3333333333333333,0.05555555555555555,0.04,-0.26666666666666666,0.015555555555555552
47,0,1,11,85,88,0.6,0.5,85,0,0,-8193.281692340945,0.5,0.6,0.6,0.05,0.04,-0.09999999999999998,0.010000000000000002
47,0,1,12,85,88,0.6,0.5,85,0,1,-8198.288159332771,0.8333333333333334,0.6666666666666666,0.6666666666666666,0.01984126984126984,0.031746031746031744,0.16666666666666674,-0.011904761904761904
47,0,1,13,85,86,0.6,0.55,85,0,1,-8204.280103099969,0.5,0.5,0.5,0.08333333333333333,0.08333333333333333,0.0,0.0
47,0,1,14,86,87,0.55,0.45,87,1,0,-8210.973605322739,0.5,0.6666666666666666,0.6666666666666666,0.05,0.05555555555555555,-0.16666666666666663,-0.00555555555555555
47,0,1,15,85,88,0.6,0.5,85,0,1,-8215.145960573122,0.5,0.8333333333333334,0.5,0.05,0.01984126984126984,-0.33333333333333337,0.030158730158730163
47,0,1,16,84,88,0.2,0.5,84,0,1,-8220.633404917719,0.8333333333333334,0.5,0.8333333333333334,0.01984126984126984,0.08333333333333333,0.33333333333333337,-0.06349206349206349
47,0,1,17,85,88,0.6,0.5,85,0,0,-8225.815941243312,0.5,0.7142857142857143,0.5,0.08333333333333333,0.025510204081632654,-0.2142857142857143,0.057823129251700675
47,0,2,0,90,92,0.2,0.5,92,1,0,-8256.364782646606,0.6,0.5,0.5,0.04,0.05,0.09999999999999998,-0.010000000000000002
47,0,2,1,90,93,0.2,0.35,90,0,1,-8261.787759361836,0.7142857142857143,0.7142857142857143,0.7142857142857143,0.025510204081632654,0.025510204081632654,0.0,0.0
47,0,2,2,92,93,0.5,0.35,92,0,1,-8265.9497627667,0.625,0.4,0.625,0.026041666666666668,0.04,0.22499999999999998,-0.013958333333333333
47,0,2,3,92,93,0.5,0.35,92,0,0,-8273.541368868197,0.6,0.6666666666666666,0.6,0.04,0.022222222222222223,-0.06666666666666665,0.017777777777777778
47,0,2,4,90,93,0.2,0.35,90,0,0,-8277.25138932899,0.6666666666666666,0.7142857142857143,0.7142857142857143,0.031746031746031744,0.025510204081632654,-0.04761904761904767,0.006235827664399091
47,0,2,5,90,93,0.2,0.35,93,1,0,-8284.423936292425,0.3333333333333333,0.75,0.3333333333333333,0.05555555555555555,0.020833333333333332,-0.4166666666666667,0.034722222222222224
47,0,2,6,92,93,0.5,0.35,92,0,1,-8290.494811563729,0.5,0.5,0.5,0.08333333333333333,0.08333333333333333,0.0,0.0
47,0,2,7,90,92,0.2,0.5,92,1,0,-8298.112321354869,0.5,0.5,0.5,0.08333333333333333,0.08333333333333333,0.0,0.0
47,0,2,8,90,93,0.2,0.35,93,1,0,-8303.048486226804,0.5,0.6666666666666666,0.6666666666666666,0.08333333333333333,0.05555555555555555,-0.16666666666666663,0.027777777777777776
47,0,2,9,92,93,0.5,0.35,92,0,1,-8309.910516515067,0.6666666666666666,0.75,0.75,0.05555555555555555,0.0375,-0.08333333333333337,0.018055555555555554
47,0,2,10,91,94,0.8,0.6500000000000001,91,0,0,-8313.400578853963,0.5,0.8,0.8,0.08333333333333333,0.02666666666666667,-0.30000000000000004,0.05666666666666666
47,0,2,11,90,91,0.2,0.8,90,0,0,-8319.512119334446,0.5,0.8333333333333334,0.8333333333333334,0.08333333333333333,0.01984126984126984,-0.33333333333333337,0.06349206349206349
47,0,2,12,92,94,0.5,0.6500000000000001,94,1,0,-8327.45548149021,0.6666666666666666,0.7142857142857143,0.6666666666666666,0.05555555555555555,0.025510204081632654,-0.04761904761904767,0.0300453514739229
47,0,2,13,91,93,0.8,0.35,91,0,1,-8331.493097670003,0.5,0.7142857142857143,0.5,0.08333333333333333,0.025510204081632654,-0.2142857142857143,0.057823129251700675
47,0,2,14,90,91,0.2,0.8,91,1,0,-8337.19466407696,0.3333333333333333,0.7142857142857143,0.7142857142857143,0.05555555555555555,0.025510204081632654,-0.380952380952381,0.0300453514739229
47,0,2,15,91,93,0.8,0.35,91,0,1,-8340.930248543164,0.75,0.75,0.75,0.0375,0.020833333333333332,0.0,0.016666666666666666
47,0,2,16,93,94,0.35,0.6500000000000001,94,1,1,-8349.796510365048,0.3333333333333333,0.75,0.3333333333333333,0.05555555555555555,0.020833333333333332,-0.4166666666666667,0.034722222222222224
47,0,2,17,93,94,0.35,0.6500000000000001,94,1,0,-8353.92660723782,0.6,0.75,0.75,0.04,0.020833333333333332,-0.15000000000000002,0.01916666666666667
47,0,2,18,90,92,0.2,0.5,90,0,0,-8354.507191337834,0.6,0.6666666666666666,0.6,0.04,0.022222222222222223,-0.06666666666666665,0.017777777777777778
47,0,2,19,90,91,0.2,0.8,91,1,1,-8367.536193367863,0.25,0.6666666666666666,0.6666666666666666,0.0375,0.022222222222222223,-0.41666666666666663,0.015277777777777776
47,0,2,20,90,94,0.2,0.6500000000000001,94,1,1,-8374.15174841939,0.25,0.6666666666666666,0.6666666666666666,0.0375,0.031746031746031744,-0.41666666666666663,0.005753968253968254
47,0,2,21,92,94,0.5,0.6500000000000001,92,0,0,-8377.627343322276,0.5,0.5,0.5,0.08333333333333333,0.08333333333333333,0.0,0.0
47,0,2,22,90,92,0.2,0.5,92,1,1,-8386.297611149677,0.5,0.7142857142857143,0.7142857142857143,0.08333333333333333,0.025510204081632654,-0.2142857142857143,0.057823129251700675
47,0,3,0,96,98,0.6,0.55,98,1,0,-8415.789328555002,0.6666666666666666,0.6,0.6666666666666666,0.05555555555555555,0.02181818181818182,0.06666666666666665,0.03373737373737373
47,0,3,1,96,99,0.6,0.2,96,0,1,-8420.732585650965,0.5,0.5,0.5,0.08333333333333333,0.08333333333333333,0.0,0.0
47,0,3,2,96,99,0.6,0.2,96,0,1,-8427.266931094815,0.5,0.5,0.5,0.08333333333333333,0.08333333333333333,0.0,0.0
47,0,3,3,96,98,0.6,0.55,96,0,0,-8432.190767374392,0.5,0.3333333333333333,0.5,0.08333333333333333,0.05555555555555555,0.16666666666666669,0.027777777777777776
47,0,3,4,96,99,0.6,0.2,96,0,0,-8441.089747429212,0.6666666666666666,0.3333333333333333,0.6666666666666666,0.05555555555555555,0.05555555555555555,0.3333333333333333,0.0
47,0,3,5,96,99,0.6,0.2,99,1,0,-8444.910606712761,0.6666666666666666,0.3333333333333333,0.6666666666666666,0.05555555555555555,0.05555555555555555,0.3333333333333333,0.0
47,0,3,6,96,98,0.6,0.55,96,0,1,-8450.855436258968,0.5,0.5,0.5,0.05,0.05,0.0,0.0
47,0,3,7,96,98,0.6,0.55,96,0,1,-8455.363154673354,0.5,0.3333333333333333,0.5,0.05,0.05555555555555555,0.16666666666666669,-0.00555555555555555
47,0,3,8,98,99,0.55,0.2,99,1,1,-8463.764054155154,0.4,0.4,0.4,0.04,0.04,0.0,0.0
47,0,3,9,96,98,0.6,0.55,98,1,0,-8468.759837116218,0.4,0.5,0.5,0.04,0.03571428571428571,-0.09999999999999998,0.0042857142857142885
47,0,3,10,96,99,0.6,0.2,96,0,1,-8472.225673841622,0.5,0.5,0.5,0.08333333333333333,0.08333333333333333,0.0,0.0
47,0,3,11,98,99,0.55,0.2,98,0,0,-8479.300876968398,0.5714285714285714,0.5,0.5,0.030612244897959183,0.08333333333333333,0.0714285714285714,-0.052721088435374146
47,0,3,12,96,98,0.6,0.55,96,0,0,-8491.942644675313,0.3333333333333333,0.5714285714285714,0.5714285714285714,0.05555555555555555,0.030612244897959183,-0.23809523809523808,0.02494331065759637
47,0,3,13,97,100,0.45,0.5,97,0,0,-8494.992007886936,0.4,0.6666666666666666,0.4,0.04,0.05555555555555555,-0.2666666666666666,-0.015555555555555552
47,0,3,14,97,98,0.45,0.55,97,0,1,-8502.548240605733,0.3333333333333333,0.625,0.3333333333333333,0.05555555555555555,0.026041666666666668,-0.2916666666666667,0.029513888888888885
47,0,3,15,97,99,0.45,0.2,97,0,1,-8507.535128608944,0.3333333333333333,0.6666666666666666,0.6666666666666666,0.031746031746031744,0.05555555555555555,-0.3333333333333333,-0.023809523809523808
47,0,3,16,99,100,0.2,0.5,100,1,1,-8513.485192690503,0.3333333333333333,0.5,0.3333333333333333,0.031746031746031744,0.05,-0.16666666666666669,-0.01825396825396826
47,0,3,17,96,98,0.6,0.55,98,1,0,-8518.586696627608,0.5,0.5,0.5,0.05,0.05,0.0,0.0
47,0,3,18,96,100,0.6,0.5,100,1,1,-8523.245832191606,0.5,0.3333333333333333,0.3333333333333333,0.05,0.05555555555555555,0.16666666666666669,-0.00555555555555555
47,0,3,19,98,100,0.55,0.5,100,1,0,-8524.32190385221,0.625,0.5,0.625,0.026041666666666668,0.05,0.125,-0.023958333333333335
47,0,3,20,97,100,0.45,0.5,100,1,0,-8536.546260077992,0.42857142857142855,0.5,0.5,0.030612244897959183,0.05,-0.07142857142857145,-0.01938775510204082
47,0,3,21,97,99,0.45,0.2,99,1,0,-8538.90429391316,0.5,0.6,0.5,0.05,0.04,-0.09999999999999998,0.010000000000000002
47,0,4,0,104,105,0.6500000000000001,0.2,105,1,0,-8572.099518297142,0.6,0.4,0.6,0.04,0.04,0.19999999999999996,0.0
47,0,4,1,103,104,0.5,0.6500000000000001,104,1,0,-8577.47888476502,0.6666666666666666,0.4,0.4,0.022222222222222223,0.04,0.2666666666666666,-0.017777777777777778
47,0,4,2,103,105,0.5,0.2,103,0,0,-8583.458970993795,0.5,0.5,0.5,0.08333333333333333,0.08333333333333333,0.0,0.0
47,0,4,3,103,104,0.5,0.6500000000000001,103,0,1,-8586.80525586522,0.5,0.5,0.5,0.08333333333333333,0.08333333333333333,0.0,0.0
47,0,4,4,103,105,0.5,0.2,105,1,1,-8594.218704617175,0.6666666666666666,0.5,0.5,0.05555555555555555,0.08333333333333333,0.16666666666666663,-0.027777777777777776
47,0,4,5,103,105,0.5,0.2,105,1,0,-8598.816455746415,0.3333333333333333,0.6666666666666666,0.6666666666666666,0.05555555555555555,0.05555555555555555,-0.3333333333333333,0.0
47,0,4,6,102,106,0.35,0.8,102,0,0,-8605.56701987498,0.3333333333333333,0.3333333333333333,0.3333333333333333,0.05555555555555555,0.05555555555555555,0.0,0.0
47,0,4,7,102,103,0.35,0.5,102,0,0,-8610.646043581764,0.5,0.5,0.5,0.08333333333333333,0.08333333333333333,0.0,0.0
47,0,4,8,102,106,0.35,0.8,106,1,1,-8617.694460769966,0.3333333333333333,0.5,0.5,0.05555555555555555,0.08333333333333333,-0.16666666666666669,-0.027777777777777776
47,0,4,9,103,104,0.5,0.6500000000000001,104,1,0,-8621.886565733701,0.3333333333333333,0.25,0.25,0.05555555555555555,0.0375,0.08333333333333331,0.018055555555555554
47,0,4,10,102,104,0.35,0.6500000000000001,102,0,0,-8626.646170345417,0.5,0.3333333333333333,0.3333333333333333,0.05,0.05555555555555555,0.16666666666666669,-0.00555555555555555
47,0,4,11,102,103,0.35,0.5,103,1,0,-8632.039356903962,0.5,0.2,0.2,0.05,0.02666666666666667,0.3,0.023333333333333334
47,0,4,12,103,106,0.5,0.8,106,1,0,-8639.229896269058,0.3333333333333333,0.5,0.5,0.05555555555555555,0.05,-0.16666666666666669,0.00555555555555555
47,0,4,13,104,105,0.6500000000000001,0.2,104,0,1,-8641.108485911935,0.3333333333333333,0.3333333333333333,0.3333333333333333,0.05555555555555555,0.05555555555555555,0.0,0.0
47,0,4,14,103,105,0.5,0.2,103,0,1,-8649.630150002853,0.25,0.5,0.25,0.0375,0.05,-0.25,-0.012500000000000004
47,0,4,15,104,105,0.6500000000000001,0.2,105,1,0,-8657.76690178113,0.2,0.3333333333333333,0.2,0.02666666666666667,0.05555555555555555,-0.1333333333333333,-0.028888888888888884
47,0,4,16,103,106,0.5,0.8,106,1,1,-8664.122841020277,0.6,0.3333333333333333,0.6,0.04,0.05555555555555555,0.26666666666666666,-0.015555555555555552
47,0,4,17,105,106,0.2,0.8,106,1,1,-8666.40330918291,0.16666666666666666,0.5,0.5,0.01984126984126984,0.05,-0.33333333333333337,-0.030158730158730163
47,0,4,18,105,106,0.2,0.8,106,1,1,-8676.763831836915,0.16666666666666666,0.6666666666666666,0.16666666666666666,0.01984126984126984,0.031746031746031744,-0.5,-0.011904761904761904
47,0,4,19,104,105,0.6500000000000001,0.2,105,1,0,-8683.279006559722,0.14285714285714285,0.6666666666666666,0.6666666666666666,0.015306122448979591,0.031746031746031744,-0.5238095238095237,-0.016439909297052153
47,0,4,20,105,106,0.2,0.8,106,1,1,-8688.860090003927,0.14285714285714285,0.4,0.14285714285714285,0.015306122448979591,0.04,-0.2571428571428572,-0.02469387755102041
47,1,0,0,168,171,0.2,0.5,168,0,0,-9152.266010964204,0.5,0.5,0.5,0.08333333333333333,0.08333333333333333,0.0,0.0
47,1,0,1,169,171,0.55,0.5,171,1,1,-9161.470931068545,0.5,0.5,0.5,0.08333333333333333,0.08333333333333333,0.0,0.0
47,1,0,2,168,169,0.2,0.55,168,0,0,-9164.20980084912,0.3333333333333333,0.5,0.5,0.05555555555555555,0.08333333333333333,-0.16666666666666669,-0.027777777777777776
47,1,0,3,168,171,0.2,0.5,171,1,0,-9173.534150856329,0.3333333333333333,0.3333333333333333,0.3333333333333333,0.05555555555555555,0.05555555555555555,0.0,0.0
47,1,0,4,168,171,0.2,0.5,168,0,0,-9176.839858133268,0.3333333333333333,0.5,0.5,0.05555555555555555,0.05,-0.16666666666666669,0.00555555555555555
47,1,0,5,168,169,0.2,0.55,168,0,0,-9184.31640297431,0.3333333333333333,0.6,0.6,0.05555555555555555,0.04,-0.26666666666666666,0.015555555555555552
47,1,0,6,168,171,0.2,0.5,171,1,0,-9190.47668494376,0.5,0.5,0.5,0.08333333333333333,0.08333333333333333,0.0,0.0
47,1,0,7,168,169,0.2,0.55,169,1,1,-9194.629745154514,0.5,0.3333333333333333,0.5,0.08333333333333333,0.05555555555555555,0.16666666666666669,0.027777777777777776
47,1,0,8,170,172,0.45,0.6,172,1,0,-9199.20463713691,0.6666666666666666,0.3333333333333333,0.3333333333333333,0.05555555555555555,0.05555555555555555,0.3333333333333333,0.0
47,1,0,9,171,172,0.5,0.6,172,1,0,-9204.9236456971,0.3333333333333333,0.6666666666666666,0.6666666666666666,0.05555555555555555,0.05555555555555555,-0.3333333333333333,0.0
47,1,0,10,169,170,0.55,0.45,169,0,0,-9210.87022010553,0.3333333333333333,0.6666666666666666,0.3333333333333333,0.05555555555555555,0.031746031746031744,-0.3333333333333333,0.023809523809523808
47,1,0,11,169,170,0.55,0.45,169,0,0,-9216.979905959415,0.25,0.25,0.25,0.0375,0.0375,0.0,0.0
47,1,0,12,168,172,0.2,0.6,168,0,0,-9221.455697660069,0.5,0.3333333333333333,0.3333333333333333,0.05,0.05555555555555555,0.16666666666666669,-0.00555555555555555
47,1,0,13,169,171,0.55,0.5,171,1,0,-9226.70687574956,0.25,0.6666666666666666,0.25,0.0375,0.031746031746031744,-0.41666666666666663,0.005753968253968254
47,1,0,14,168,169,0.2,0.55,168,0,0,-9233.044397946243,0.2,0.6666666666666666,0.6666666666666666,0.02666666666666667,0.031746031746031744,-0.4666666666666666,-0.005079365079365076
47,1,0,15,171,172,0.5,0.6,172,1,1,-9236.627187800374,0.2,0.7142857142857143,0.7142857142857143,0.02666666666666667,0.025510204081632654,-0.5142857142857142,0.0011564625850340148
47,1,0,16,168,172,0.2,0.6,168,0,0,-9243.143843264595,0.2,0.75,0.75,0.02666666666666667,0.020833333333333332,-0.55,0.005833333333333336
47,1,0,17,168,170,0.2,0.45,170,1,0,-9248.731257891555,0.5,0.6666666666666666,0.5,0.05,0.022222222222222223,-0.16666666666666663,0.02777777777777778
47,1,0,18,171,172,0.5,0.6,172,1,1,-9252.47215159855,0.5,0.5,0.5,0.08333333333333333,0.08333333333333333,0.0,0.0
47,1,0,19,168,172,0.2,0.6,168,0,0,-9258.00752451859,0.5,0.5,0.5,0.08333333333333333,0.08333333333333333,0.0,0.0
47,1,0,20,170,171,0.45,0.5,171,1,1,-9264.417125011549,0.6666666666666666,0.3333333333333333,0.6666666666666666,0.05555555555555555,0.05555555555555555,0.3333333333333333,0.0
47,1,0,21,170,172,0.45,0.6,172,1,1,-9269.361734405013,0.5,0.3333333333333333,0.5,0.08333333333333333,0.05555555555555555,0.16666666666666669,0.027777777777777776
47,1,1,0,174,176,0.5,0.6,176,1,1,-9297.360717217716,0.5,0.3333333333333333,0.5,0.05,0.05555555555555555,0.16666666666666669,-0.00555555555555555
47,1,1,1,174,178,0.5,0.55,178,1,1,-9301.985975915944,0.6666666666666666,0.3333333333333333,0.3333333333333333,0.05555555555555555,0.05555555555555555,0.3333333333333333,0.0
47,1,1,2,174,178,0.5,0.55,174,0,0,-9308.5415952547,0.6666666666666666,0.5,0.6666666666666666,0.05555555555555555,0.05,0.16666666666666663,0.00555555555555555
47,1,1,3,174,178,0.5,0.55,178,1,1,-9313.457214975244,0.4,0.5,0.5,0.04,0.05,-0.09999999999999998,-0.010000000000000002
47,1,1,4,174,178,0.5,0.55,178,1,1,-9320.188482406902,0.4,0.6,0.6,0.04,0.04,-0.19999999999999996,0.0
47,1,1,5,174,178,0.5,0.55,178,1,0,-9324.842965104866,0.5,0.6666666666666666,0.6666666666666666,0.05,0.031746031746031744,-0.16666666666666663,0.01825396825396826
47,1,1,6,174,176,0.5,0.6,176,1,1,-9330.237875695782,0.5,0.5,0.5,0.08333333333333333,0.08333333333333333,0.0,0.0
47,1,1,7,176,178,0.6,0.55,178,1,0,-9334.781838686053,0.4,0.6666666666666666,0.4,0.04,0.05555555555555555,-0.2666666666666666,-0.015555555555555552
47,1,1,8,174,178,0.5,0.55,178,1,0,-9341.129984033185,0.3333333333333333,0.6666666666666666,0.6666666666666666,0.031746031746031744,0.05555555555555555,-0.3333333333333333,-0.023809523809523808
47,1,1,9,175,177,0.2,0.45,177,1,0,-9345.320266932466,0.5,0.7142857142857143,0.5,0.05,0.025510204081632654,-0.2142857142857143,0.02448979591836735
47,1,1,10,177,178,0.45,0.55,178,1,1,-9349.790557123835,0.5,0.6,0.6,0.08333333333333333,0.04,-0.09999999999999998,0.04333333333333333
47,1,1,11,176,177,0.6,0.45,176,0,0,-9357.267945672016,0.3333333333333333,0.7142857142857143,0.7142857142857143,0.031746031746031744,0.025510204081632654,-0.380952380952381,0.006235827664399091
47,1,1,12,174,177,0.5,0.45,177,1,0,-9360.53375778092,0.3333333333333333,0.75,0.3333333333333333,0.031746031746031744,0.020833333333333332,-0.4166666666666667,0.010912698412698412
47,1,1,13,174,178,0.5,0.55,178,1,0,-9368.073388224688,0.5,0.75,0.75,0.08333333333333333,0.020833333333333332,-0.25,0.0625
47,1,1,14,176,178,0.6,0.55,178,1,0,-9370.350512466915,0.2857142857142857,0.7777777777777778,0.7777777777777778,0.025510204081632654,0.01728395061728395,-0.4920634920634921,0.008226253464348705
47,1,1,15,175,177,0.2,0.45,177,1,0,-9376.824929764723,0.2857142857142857,0.5,0.2857142857142857,0.025510204081632654,0.05,-0.2142857142857143,-0.02448979591836735
47,1,1,16,175,176,0.2,0.6,176,1,0,-9385.337299702742,0.5,0.8,0.8,0.05,0.014545454545454545,-0.30000000000000004,0.03545454545454546
47,1,1,17,177,178,0.45,0.55,178,1,0,-9389.65546580624,0.5,0.5,0.5,0.08333333333333333,0.08333333333333333,0.0,0.0
47,1,2,0,180,181,0.2,0.5,181,1,0,-9415.793987689698,0.5,0.5,0.5,0.08333333333333333,0.08333333333333333,0.0,0.0
47,1,2,1,180,184,0.2,0.6,184,1,1,-9423.382309446466,0.3333333333333333,0.3333333333333333,0.3333333333333333,0.05555555555555555,0.05555555555555555,0.0,0.0
47,1,2,2,180,181,0.2,0.5,181,1,0,-9427.601003515294,0.5,0.25,0.5,0.08333333333333333,0.0375,0.25,0.04583333333333333
47,1,2,3,181,184,0.5,0.6,184,1,0,-9434.71905652304,0.3333333333333333,0.3333333333333333,0.3333333333333333,0.05555555555555555,0.05555555555555555,0.0,0.0
47,1,2,4,180,184,0.2,0.6,180,0,1,-9438.627532025384,0.25,0.5,0.5,0.0375,0.05,-0.25,-0.012500000000000004
47,1,2,5,181,184,0.5,0.6,181,0,0,-9444.475517867735,0.3333333333333333,0.25,0.3333333333333333,0.05555555555555555,0.0375,0.08333333333333331,0.018055555555555554
47,1,2,6,180,184,0.2,0.6,184,1,1,-9448.648149140758,0.5,0.25,0.25,0.05,0.0375,0.25,0.012500000000000004
47,1,2,7,180,184,0.2,0.6,180,0,1,-9451.83993279971,0.5,0.2,0.5,0.05,0.02666666666666667,0.3,0.023333333333333334
47,1,2,8,180,181,0.2,0.5,181,1,1,-9461.308024676437,0.4,0.2,0.4,0.04,0.02666666666666667,0.2,0.013333333333333332
47,1,2,9,180,181,0.2,0.5,180,0,0,-9466.398532716294,0.5,0.6,0.6,0.03571428571428571,0.04,-0.09999999999999998,-0.0042857142857142885
47,1,2,10,181,184,0.5,0.6,184,1,0,-9472.035836316523,0.2,0.6666666666666666,0.6666666666666666,0.02666666666666667,0.031746031746031744,-0.4666666666666666,-0.005079365079365076
47,1,2,11,181,184,0.5,0.6,184,1,1,-9475.412403310936,0.5,0.2,0.2,0.03571428571428571,0.02666666666666667,0.3,0.009047619047619044
47,1,2,12,181,184,0.5,0.6,184,1,1,-9480.751776159135,0.5,0.5,0.5,0.08333333333333333,0.08333333333333333,0.0,0.0
47,1,2,13,180,184,0.2,0.6,180,0,0,-9487.301278691028,0.5,0.6666666666666666,0.5,0.03571428571428571,0.05555555555555555,-0.16666666666666663,-0.01984126984126984
47,1,2,14,182,183,0.45,0.55,182,0,1,-9492.506891084997,0.5714285714285714,0.7142857142857143,0.7142857142857143,0.030612244897959183,0.025510204081632654,-0.1428571428571429,0.005102040816326529
47,1,2,15,180,184,0.2,0.6,184,1,1,-9498.413956122658,0.5,0.6666666666666666,0.6666666666666666,0.08333333333333333,0.05555555555555555,-0.16666666666666663,0.027777777777777776
47,1,2,16,180,182,0.2,0.45,182,1,0,-9503.742370452808,0.3333333333333333,0.625,0.3333333333333333,0.031746031746031744,0.026041666666666668,-0.2916666666666667,0.0057043650793650764
47,1,2,17,180,181,0.2,0.5,181,1,0,-9508.126933639638,0.5714285714285714,0.2857142857142857,0.5714285714285714,0.030612244897959183,0.025510204081632654,0.2857142857142857,0.005102040816326529
47,1,2,18,181,182,0.5,0.45,182,1,0,-9514.24051835174,0.5,0.2857142857142857,0.5,0.08333333333333333,0.025510204081632654,0.2142857142857143,0.057823129251700675
47,1,2,19,183,184,0.55,0.6,184,1,0,-9517.981735123423,0.625,0.625,0.625,0.026041666666666668,0.026041666666666668,0.0,0.0
47,1,2,20,180,183,0.2,0.55,180,0,0,-9523.401324767532,0.625,0.6666666666666666,0.6666666666666666,0.026041666666666668,0.05555555555555555,-0.04166666666666663,-0.029513888888888885
47,1,2,21,180,183,0.2,0.55,183,1,0,-9528.836067520497,0.625,0.75,0.75,0.026041666666666668,0.0375,-0.125,-0.01145833333333333
47,1,2,22,180,182,0.2,0.45,182,1,0,-9533.396454952468,0.5,0.5,0.5,0.08333333333333333,0.08333333333333333,0.0,0.0
47,1,3,0,187,190,0.5,0.45,187,0,0,-9559.591833806186,0.5,0.5,0.5,0.08333333333333333,0.08333333333333333,0.0,0.0
47,1,3,1,188,190,0.6,0.45,190,1,0,-9564.954706299492,0.5,0.3333333333333333,0.3333333333333333,0.08333333333333333,0.05555555555555555,0.16666666666666669,0.027777777777777776
47,1,3,2,187,190,0.5,0.45,190,1,0,-9569.706315249594,0.5,0.3333333333333333,0.5,0.08333333333333333,0.05555555555555555,0.16666666666666669,0.027777777777777776
47,1,3,3,188,190,0.6,0.45,188,0,1,-9576.074235213944,0.5,0.5,0.5,0.08333333333333333,0.08333333333333333,0.0,0.0
47,1,3,4,187,190,0.5,0.45,190,1,1,-9579.085272839046,0.6666666666666666,0.5,0.6666666666666666,0.05555555555555555,0.08333333333333333,0.16666666666666663,-0.027777777777777776
47,1,3,5,186,189,0.2,0.55,189,1,1,-9583.90093374432,0.6666666666666666,0.5,0.6666666666666666,0.05555555555555555,0.08333333333333333,0.16666666666666663,-0.027777777777777776
47,1,3,6,187,188,0.5,0.6,188,1,0,-9591.893227085622,0.5,0.5,0.5,0.08333333333333333,0.08333333333333333,0.0,0.0
47,1,3,7,188,190,0.6,0.45,188,0,1,-9596.862835465923,0.5,0.3333333333333333,0.5,0.08333333333333333,0.05555555555555555,0.16666666666666669,0.027777777777777776
47,1,3,8,188,190,0.6,0.45,188,0,0,-9600.837808754532,0.5,0.5,0.5,0.08333333333333333,0.08333333333333333,0.0,0.0
47,1,3,9,189,190,0.55,0.45,190,1,1,-9607.098351636563,0.6666666666666666,0.5,0.5,0.05555555555555555,0.08333333333333333,0.16666666666666663,-0.027777777777777776
47,1,3,10,187,188,0.5,0.6,187,0,1,-9611.263744559668,0.6666666666666666,0.5,0.6666666666666666,0.05555555555555555,0.08333333333333333,0.16666666666666663,-0.027777777777777776
47,1,3,11,186,187,0.2,0.5,186,0,0,-9618.356210851967,0.75,0.5,0.5,0.0375,0.08333333333333333,0.25,-0.04583333333333333
47,1,3,12,187,188,0.5,0.6,188,1,1,-9623.608983279057,0.75,0.3333333333333333,0.75,0.0375,0.05555555555555555,0.4166666666666667,-0.018055555555555554
47,1,3,13,186,190,0.2,0.45,186,0,1,-9626.892269552003,0.6666666666666666,0.3333333333333333,0.3333333333333333,0.05555555555555555,0.05555555555555555,0.3333333333333333,0.0
47,1,3,14,186,187,0.2,0.5,187,1,1,-9633.682985150212,0.6,0.3333333333333333,0.6,0.04,0.05555555555555555,0.26666666666666666,-0.015555555555555552
47,1,3,15,186,188,0.2,0.6,188,1,1,-9639.005939285536,0.3333333333333333,0.3333333333333333,0.3333333333333333,0.05555555555555555,0.05555555555555555,0.0,0.0
47,1,3,16,186,188,0.2,0.6,188,1,1,-9643.225540539186,0.5,0.25,0.5,0.03571428571428571,0.0375,0.25,-0.0017857142857142863
47,1,3,17,189,190,0.55,0.45,190,1,1,-9647.78241604613,0.5714285714285714,0.25,0.25,0.030612244897959183,0.0375,0.3214285714285714,-0.006887755102040816
47,1,3,18,186,188,0.2,0.6,188,1,0,-9652.155121981898,0.3333333333333333,0.25,0.25,0.05555555555555555,0.0375,0.08333333333333331,0.018055555555555554
47,1,4,0,192,194,0.6500000000000001,0.8,192,0,1,-9682.171812814588,0.3333333333333333,0.2,0.2,0.05555555555555555,0.02666666666666667,0.1333333333333333,0.028888888888888884
47,1,4,1,194,196,0.8,0.5,196,1,1,-9687.863032234549,0.3333333333333333,0.2,0.2,0.05555555555555555,0.02666666666666667,0.1333333333333333,0.028888888888888884
47,1,4,2,194,196,0.8,0.5,194,0,1,-9692.486080897334,0.6666666666666666,0.16666666666666666,0.16666666666666666,0.05555555555555555,0.01984126984126984,0.5,0.03571428571428571
47,1,4,3,194,196,0.8,0.5,196,1,0,-9697.377658686815,0.14285714285714285,0.16666666666666666,0.14285714285714285,0.015306122448979591,0.01984126984126984,-0.023809523809523808,-0.004535147392290249
47,1,4,4,194,196,0.8,0.5,194,0,1,-9703.453467738156,0.6666666666666666,0.16666666666666666,0.6666666666666666,0.05555555555555555,0.01984126984126984,0.5,0.03571428571428571
47,1,4,5,192,194,0.6500000000000001,0.8,192,0,1,-9706.628033776464,0.5,0.5,0.5,0.08333333333333333,0.08333333333333333,0.0,0.0
47,1,4,6,192,196,0.6500000000000001,0.5,192,0,1,-9711.684122774614,0.5,0.5,0.5,0.08333333333333333,0.08333333333333333,0.0,0.0
47,1,4,7,194,196,0.8,0.5,194,0,1,-9717.936749063088,0.6666666666666666,0.6666666666666666,0.6666666666666666,0.05555555555555555,0.05555555555555555,0.0,0.0
47,1,4,8,194,196,0.8,0.5,194,0,0,-9724.819651914037,0.5,0.6666666666666666,0.5,0.08333333333333333,0.05555555555555555,-0.16666666666666663,0.027777777777777776
47,1,4,9,192,196,0.6500000000000001,0.5,192,0,1,-9730.913298996236,0.5,0.5,0.5,0.08333333333333333,0.08333333333333333,0.0,0.0
47,1,4,10,192,196,0.6500000000000001,0.5,192,0,1,-9735.4558070989,0.5,0.6666666666666666,0.6666666666666666,0.08333333333333333,0.05555555555555555,-0.16666666666666663,0.027777777777777776
47,1,4,11,192,196,0.6500000000000001,0.5,196,1,0,-9740.344601099703,0.3333333333333333,0.6666666666666666,0.6666666666666666,0.05555555555555555,0.05555555555555555,-0.3333333333333333,0.0
47,1,4,12,192,196,0.6500000000000001,0.5,192,0,0,-9748.237650821227,0.75,0.75,0.75,0.0375,0.0375,0.0,0.0
47,1,4,13,194,196,0.8,0.5,194,0,1,-9752.068361872503,0.5,0.75,0.75,0.05,0.0375,-0.25,0.012500000000000004
47,1,4,14,194,196,0.8,0.5,194,0,1,-9756.739614888706,0.5,0.6,0.5,0.05,0.04,-0.09999999999999998,0.010000000000000002
47,1,4,15,193,195,0.2,0.35,193,0,1,-9762.30490974935,0.3333333333333333,0.8,0.8,0.05555555555555555,0.02666666666666667,-0.46666666666666673,0.028888888888888884
47,1,4,16,193,194,0.2,0.8,193,0,0,-9767.980300467952,0.5,0.6,0.6,0.08333333333333333,0.04,-0.09999999999999998,0.04333333333333333
47,1,4,17,192,195,0.6500000000000001,0.35,192,0,1,-9773.488686259485,0.5,0.8333333333333334,0.8333333333333334,0.08333333333333333,0.01984126984126984,-0.33333333333333337,0.06349206349206349
47,1,4,18,193,195,0.2,0.35,193,0,1,-9778.343721773272,0.5,0.7142857142857143,0.5,0.03571428571428571,0.025510204081632654,-0.2142857142857143,0.010204081632653059
47,1,4,19,192,195,0.6500000000000001,0.35,192,0,1,-9782.789282903796,0.5,0.4,0.5,0.08333333333333333,0.04,0.09999999999999998,0.04333333333333333
47,1,4,20,193,195,0.2,0.35,193,0,0,-9787.217800909058,0.3333333333333333,0.3333333333333333,0.3333333333333333,0.05555555555555555,0.05555555555555555,0.0,0.0
48,0,0,0,78,79,0.8,0.35,78,0,1,-592979.2458163576,0.3333333333333333,0.42857142857142855,0.42857142857142855,0.05555555555555555,0.030612244897959183,-0.09523809523809523,0.02494331065759637
48,0,0,1,78,81,0.8,0.5,78,0,1,-592993.1365781549,0.4,0.7142857142857143,0.7142857142857143,0.04,0.025510204081632654,-0.3142857142857143,0.014489795918367347
48,0,0,2,80,81,0.6500000000000001,0.5,80,0,1,-593001.3360054665,0.375,0.75,0.75,0.026041666666666668,0.020833333333333332,-0.375,0.005208333333333336
48,0,0,3,79,82,0.35,0.2,79,0,0,-593009.3133020984,0.5,0.4,0.5,0.05,0.04,0.09999999999999998,0.010000000000000002
48,0,0,4,81,82,0.5,0.2,82,1,0,-593020.5988866049,0.4,0.375,0.4,0.04,0.026041666666666668,0.025000000000000022,0.013958333333333333
48,0,0,5,79,81,0.35,0.5,81,1,0,-593025.5632395888,0.5,0.375,0.5,0.03571428571428571,0.026041666666666668,0.125,0.009672619047619044
48,0,0,6,78,82,0.8,0.2,82,1,1,-593030.849186365,0.3333333333333333,0.375,0.375,0.05555555555555555,0.026041666666666668,-0.041666666666666685,0.029513888888888885
48,0,0,7,78,81,0.8,0.5,78,0,1,-593034.8583448422,0.5,0.5,0.5,0.08333333333333333,0.08333333333333333,0.0,0.0
48,0,0,8,78,81,0.8,0.5,78,0,1,-593041.0344345452,0.5,0.5,0.5,0.08333333333333333,0.08333333333333333,0.0,0.0
48,0,0,9,80,81,0.6500000000000001,0.5,81,1,1,-593051.3289733406,0.6666666666666666,0.5,0.6666666666666666,0.05555555555555555,0.08333333333333333,0.16666666666666663,-0.027777777777777776
48,0,0,10,78,81,0.8,0.5,81,1,1,-593054.7764731575,0.5,0.6666666666666666,0.6666666666666666,0.05,0.05555555555555555,-0.16666666666666663,-0.00555555555555555
48,0,0,11,78,81,0.8,0.5,78,0,1,-593063.1344868443,0.5,0.5,0.5,0.05,0.08333333333333333,0.0,-0.033333333333333326
48,0,0,12,78,80,0.8,0.6500000000000001,80,1,0,-593071.3321618681,0.5,0.5,0.5,0.05,0.08333333333333333,0.0,-0.033333333333333326
48,0,0,13,80,82,0.6500000000000001,0.2,82,1,0,-593077.0407818013,0.4,0.5,0.5,0.04,0.08333333333333333,-0.09999999999999998,-0.04333333333333333
48,0,0,14,78,79,0.8,0.35,78,0,1,-593083.4888981571,0.6,0.4,0.6,0.04,0.04,0.19999999999999996,0.0
48,0,0,15,79,80,0.35,0.6500000000000001,80,1,1,-593087.4399925087,0.6666666666666666,0.4,0.6666666666666666,0.031746031746031744,0.04,0.2666666666666666,-0.008253968253968257
48,0,0,16,79,82,0.35,0.2,79,0,1,-593092.696086179,0.7142857142857143,0.6666666666666666,0.6666666666666666,0.025510204081632654,0.05555555555555555,0.04761904761904767,-0.0300453514739229
48,0,0,17,78,82,0.8,0.2,78,0,1,-593100.413236605,0.7142857142857143,0.4,0.7142857142857143,0.025510204081632654,0.04,0.3142857142857143,-0.014489795918367347
48,0,0,18,79,80,0.35,0.6500000000000001,80,1,1,-593104.5710342444,0.75,0.5,0.75,0.020833333333333332,0.05,0.25,-0.02916666666666667
48,0,0,19,79,81,0.35,0.5,81,1,0,-593109.9585750003,0.4,0.5,0.4,0.04,0.05,-0.09999999999999998,-0.010000000000000002
48,0,0,20,81,82,0.5,0.2,81,0,1,-593115.4154327931,0.5,0.5,0.5,0.03571428571428571,0.05,0.0,-0.01428571428571429
48,0,1,0,84,85,0.8,0.6500000000000001,85,1,1,-593148.1979278922,0.5,0.5,0.5,0.08333333333333333,0.08333333333333333,0.0,0.0
48,0,1,1,84,88,0.8,0.5,84,0,0,-593152.6774228862,0.5,0.5714285714285714,0.5714285714285714,0.08333333333333333,0.030612244897959183,-0.0714285714285714,0.052721088435374146
48,0,1,2,84,85,0.8,0.6500000000000001,85,1,1,-593161.8668347901,0.5,0.625,0.625,0.08333333333333333,0.026041666666666668,-0.125,0.05729166666666666
48,0,1,3,84,85,0.8,0.6500000000000001,85,1,1,-593166.6937998101,0.7777777777777778,0.5555555555555556,0.5555555555555556,0.01728395061728395,0.024691358024691357,0.2222222222222222,-0.007407407407407408
48,0,1,4,84,85,0.8,0.6500000000000001,85,1,1,-593171.615589973,0.5,0.6666666666666666,0.6666666666666666,0.08333333333333333,0.05555555555555555,-0.16666666666666663,0.027777777777777776
48,0,1,5,84,88,0.8,0.5,88,1,1,-593176.7785281973,0.7777777777777778,0.5,0.5,0.01728395061728395,0.05,0.2777777777777778,-0.03271604938271605
48,0,1,6,84,88,0.8,0.5,88,1,1,-593182.8943107178,0.7777777777777778,0.6,0.6,0.01728395061728395,0.02181818181818182,0.1777777777777778,-0.004534231200897871
48,0,1,7,84,88,0.8,0.5,88,1,0,-593188.1269198147,0.5,0.5,0.5,0.08333333333333333,0.08333333333333333,0.0,0.0
48,0,1,8,84,88,0.8,0.5,84,0,1,-593192.1571213001,0.5,0.5,0.5,0.08333333333333333,0.08333333333333333,0.0,0.0
48,0,1,9,84,88,0.8,0.5,88,1,1,-593195.2568398741,0.5,0.6666666666666666,0.6666666666666666,0.08333333333333333,0.05555555555555555,-0.16666666666666663,0.027777777777777776
48,0,1,10,85,88,0.6500000000000001,0.5,88,1,1,-593201.0815284781,0.5,0.6666666666666666,0.6666666666666666,0.08333333333333333,0.05555555555555555,-0.16666666666666663,0.027777777777777776
48,0,1,11,86,87,0.2,0.35,87,1,1,-593207.8066407926,0.5,0.75,0.75,0.08333333333333333,0.0375,-0.25,0.04583333333333333
48,0,1,12,84,87,0.8,0.35,87,1,0,-593217.4259533595,0.5,0.75,0.75,0.08333333333333333,0.0375,-0.25,0.04583333333333333
48,0,1,13,84,85,0.8,0.6500000000000001,84,0,1,-593222.3762949554,0.5,0.8,0.8,0.08333333333333333,0.02666666666666667,-0.30000000000000004,0.05666666666666666
48,0,1,14,85,86,0.6500000000000001,0.2,85,0,0,-593227.6842831158,0.5,0.8,0.8,0.08333333333333333,0.02666666666666667,-0.30000000000000004,0.05666666666666666
48,0,1,15,86,88,0.2,0.5,86,0,0,-593231.9133778649,0.6666666666666666,0.6666666666666666,0.6666666666666666,0.031746031746031744,0.031746031746031744,0.0,0.0
48,0,1,16,84,87,0.8,0.35,87,1,0,-593239.427259885,0.5,0.5,0.5,0.08333333333333333,0.08333333333333333,0.0,0.0
48,0,1,17,85,88,0.6500000000000001,0.5,85,0,0,-593243.2695499485,0.6666666666666666,0.7142857142857143,0.7142857142857143,0.031746031746031744,0.025510204081632654,-0.04761904761904767,0.006235827664399091
48,0,1,18,85,87,0.6500000000000001,0.35,85,0,1,-593244.1414845076,0.625,0.6666666666666666,0.625,0.026041666666666668,0.05555555555555555,-0.04166666666666663,-0.029513888888888885
48,0,1,19,84,85,0.8,0.6500000000000001,84,0,1,-593257.7926541134,0.5,0.6666666666666666,0.6666666666666666,0.08333333333333333,0.031746031746031744,-0.16666666666666663,0.051587301587301584
48,0,1,20,84,88,0.8,0.5,88,1,1,-593262.6336048996,0.5714285714285714,0.5,0.5,0.030612244897959183,0.08333333333333333,0.0714285714285714,-0.052721088435374146
48,0,1,21,86,88,0.2,0.5,86,0,0,-593271.1974428722,0.5,0.3333333333333333,0.3333333333333333,0.08333333333333333,0.05555555555555555,0.16666666666666669,0.027777777777777776
48,0,2,0,90,94,0.2,0.8,94,1,1,-593304.7339521608,0.5,0.6666666666666666,0.6666666666666666,0.08333333333333333,0.022222222222222223,-0.16666666666666663,0.0611111111111111
48,0,2,1,90,92,0.2,0.6500000000000001,92,1,1,-593309.7633971743,0.5,0.25,0.25,0.08333333333333333,0.0375,0.25,0.04583333333333333
48,0,2,2,90,94,0.2,0.8,94,1,1,-593314.237820793,0.5714285714285714,0.6,0.6,0.030612244897959183,0.02181818181818182,-0.02857142857142858,0.008794063079777363
48,0,2,3,92,94,0.6500000000000001,0.8,94,1,1,-593320.6475706423,0.5,0.2,0.5,0.08333333333333333,0.02666666666666667,0.3,0.05666666666666666
48,0,2,4,90,94,0.2,0.8,94,1,1,-593324.5396483233,0.5,0.5,0.5,0.08333333333333333,0.08333333333333333,0.0,0.0
48,0,2,5,90,94,0.2,0.8,94,1,0,-593330.6908245534,0.5,0.5,0.5,0.08333333333333333,0.08333333333333333,0.0,0.0
48,0,2,6,92,94,0.6500000000000001,0.8,92,0,1,-593334.2928561457,0.6666666666666666,0.5,0.6666666666666666,0.05555555555555555,0.08333333333333333,0.16666666666666663,-0.027777777777777776
48,0,2,7,90,94,0.2,0.8,90,0,0,-593340.2471786997,0.5,0.5,0.5,0.05,0.08333333333333333,0.0,-0.033333333333333326
48,0,2,8,90,94,0.2,0.8,94,1,1,-593345.3057524291,0.6666666666666666,0.6666666666666666,0.6666666666666666,0.05555555555555555,0.05555555555555555,0.0,0.0
48,0,2,9,92,94,0.6500000000000001,0.8,92,0,0,-593349.394724942,0.5,0.5,0.5,0.08333333333333333,0.08333333333333333,0.0,0.0
48,0,2,10,90,94,0.2,0.8,90,0,0,-593355.2103893514,0.6666666666666666,0.5,0.5,0.05555555555555555,0.08333333333333333,0.16666666666666663,-0.027777777777777776
48,0,2,11,92,94,0.6500000000000001,0.8,94,1,0,-593360.6332675028,0.5,0.75,0.75,0.05,0.0375,-0.25,0.012500000000000004
48,0,2,12,92,94,0.6500000000000001,0.8,92,0,1,-593368.1150311917,0.6666666666666666,0.5,0.5,0.05555555555555555,0.05,0.16666666666666663,0.00555555555555555
48,0,2,13,90,94,0.2,0.8,94,1,0,-593373.3601998893,0.6666666666666666,0.6,0.6,0.05555555555555555,0.04,0.06666666666666665,0.015555555555555552
48,0,2,14,90,92,0.2,0.6500000000000001,92,1,1,-593377.5232226389,0.8,0.3333333333333333,0.8,0.02666666666666667,0.05555555555555555,0.46666666666666673,-0.028888888888888884
48,0,2,15,91,93,0.35,0.5,93,1,1,-593383.2431582325,0.6666666666666666,0.6666666666666666,0.6666666666666666,0.05555555555555555,0.05555555555555555,0.0,0.0
48,0,2,16,91,92,0.35,0.6500000000000001,92,1,1,-593388.4738593642,0.6666666666666666,0.8333333333333334,0.8333333333333334,0.031746031746031744,0.01984126984126984,-0.16666666666666674,0.011904761904761904
48,0,2,17,93,94,0.5,0.8,93,0,0,-593393.8455980406,0.6666666666666666,0.3333333333333333,0.6666666666666666,0.031746031746031744,0.05555555555555555,0.3333333333333333,-0.023809523809523808
48,0,3,0,96,98,0.6,0.5,96,0,1,-593426.1453890771,0.8571428571428571,0.3333333333333333,0.8571428571428571,0.015306122448979591,0.05555555555555555,0.5238095238095237,-0.04024943310657596
48,0,3,1,98,100,0.5,0.55,100,1,0,-593430.7754636628,0.6666666666666666,0.75,0.75,0.05555555555555555,0.0375,-0.08333333333333337,0.018055555555555554
48,0,3,2,98,100,0.5,0.55,98,0,1,-593436.9219005102,0.75,0.6,0.6,0.020833333333333332,0.04,0.15000000000000002,-0.01916666666666667
48,0,3,3,96,100,0.6,0.55,96,0,0,-593441.3431930221,0.6666666666666666,0.6666666666666666,0.6666666666666666,0.05555555555555555,0.031746031746031744,0.0,0.023809523809523808
48,0,3,4,98,100,0.5,0.55,98,0,0,-593447.492858397,0.75,0.5714285714285714,0.75,0.0375,0.030612244897959183,0.1785714285714286,0.006887755102040816
48,0,3,5,96,98,0.6,0.5,98,1,0,-593453.0932481226,0.75,0.6666666666666666,0.6666666666666666,0.020833333333333332,0.031746031746031744,0.08333333333333337,-0.010912698412698412
48,0,3,6,96,100,0.6,0.55,96,0,0,-593458.3124388326,0.8,0.5714285714285714,0.8,0.02666666666666667,0.030612244897959183,0.22857142857142865,-0.003945578231292515
48,0,3,7,96,98,0.6,0.5,98,1,1,-593462.336900768,0.6666666666666666,0.5714285714285714,0.5714285714285714,0.031746031746031744,0.030612244897959183,0.09523809523809523,0.0011337868480725613
48,0,3,8,96,98,0.6,0.5,98,1,1,-593466.978018283,0.5,0.5,0.5,0.08333333333333333,0.08333333333333333,0.0,0.0
48,0,3,9,97,99,0.45,0.2,97,0,0,-593473.1389535286,0.5,0.5,0.5,0.08333333333333333,0.08333333333333333,0.0,0.0
48,0,3,10,98,99,0.5,0.2,99,1,1,-593478.6977311721,0.3333333333333333,0.5,0.5,0.05555555555555555,0.08333333333333333,-0.16666666666666669,-0.027777777777777776
48,0,3,11,97,98,0.45,0.5,98,1,1,-593488.8892833013,0.6666666666666666,0.3333333333333333,0.6666666666666666,0.05555555555555555,0.05555555555555555,0.3333333333333333,0.0
48,0,3,12,96,99,0.6,0.2,96,0,0,-593493.7208103819,0.5,0.3333333333333333,0.3333333333333333,0.05,0.05555555555555555,0.16666666666666669,-0.00555555555555555
48,0,3,13,97,98,0.45,0.5,97,0,1,-593502.5818187568,0.3333333333333333,0.5,0.5,0.05555555555555555,0.05,-0.16666666666666669,0.00555555555555555
48,0,3,14,96,99,0.6,0.2,99,1,0,-593508.8783015106,0.3333333333333333,0.6,0.6,0.05555555555555555,0.04,-0.26666666666666666,0.015555555555555552
48,0,3,15,96,97,0.6,0.45,96,0,1,-593513.3144187416,0.3333333333333333,0.6666666666666666,0.6666666666666666,0.05555555555555555,0.031746031746031744,-0.3333333333333333,0.023809523809523808
48,0,3,16,97,99,0.45,0.2,97,0,1,-593517.2523441837,0.5714285714285714,0.5,0.5,0.030612244897959183,0.05,0.0714285714285714,-0.01938775510204082
48,0,3,17,99,100,0.2,0.55,100,1,1,-593522.2194220423,0.5714285714285714,0.4,0.5714285714285714,0.030612244897959183,0.04,0.17142857142857137,-0.009387755102040818
48,0,3,18,98,100,0.5,0.55,98,0,1,-593532.0331322793,0.3333333333333333,0.625,0.625,0.05555555555555555,0.026041666666666668,-0.2916666666666667,0.029513888888888885
48,0,3,19,96,100,0.6,0.55,100,1,1,-593537.7382520735,0.3333333333333333,0.4,0.4,0.05555555555555555,0.04,-0.06666666666666671,0.015555555555555552
48,0,3,20,99,100,0.2,0.55,99,0,0,-593542.373960987,0.6666666666666666,0.5,0.6666666666666666,0.022222222222222223,0.03571428571428571,0.16666666666666663,-0.01349206349206349
48,0,3,21,97,99,0.45,0.2,97,0,1,-593547.875003455,0.3333333333333333,0.5,0.5,0.05555555555555555,0.03571428571428571,-0.16666666666666669,0.01984126984126984
48,0,3,22,98,99,0.5,0.2,99,1,0,-593552.0656721568,0.3333333333333333,0.7,0.7,0.05555555555555555,0.019090909090909092,-0.36666666666666664,0.036464646464646464
48,0,4,0,102,103,0.5,0.8,103,1,1,-593584.300195275,0.5,0.5,0.5,0.08333333333333333,0.08333333333333333,0.0,0.0
48,0,4,1,102,106,0.5,0.6500000000000001,102,0,0,-593587.806770144,0.3333333333333333,0.5714285714285714,0.5714285714285714,0.05555555555555555,0.030612244897959183,-0.23809523809523808,0.02494331065759637
48,0,4,2,103,106,0.8,0.6500000000000001,106,1,0,-593597.6175763108,0.3333333333333333,0.5,0.5,0.05555555555555555,0.08333333333333333,-0.16666666666666669,-0.027777777777777776
48,0,4,3,102,103,0.5,0.8,103,1,0,-593605.2922340746,0.3333333333333333,0.625,0.625,0.05555555555555555,0.026041666666666668,-0.2916666666666667,0.029513888888888885
48,0,4,4,102,106,0.5,0.6500000000000001,106,1,0,-593611.8173330207,0.3333333333333333,0.3333333333333333,0.3333333333333333,0.05555555555555555,0.05555555555555555,0.0,0.0
48,0,4,5,104,105,0.2,0.35,105,1,0,-593617.1188971291,0.7272727272727273,0.3333333333333333,0.7272727272727273,0.01652892561983471,0.05555555555555555,0.393939393939394,-0.03902662993572084
48,0,4,6,102,104,0.5,0.2,104,1,0,-593621.3744283479,0.3333333333333333,0.6666666666666666,0.6666666666666666,0.05555555555555555,0.022222222222222223,-0.3333333333333333,0.033333333333333326
48,0,4,7,105,106,0.35,0.6500000000000001,106,1,0,-593626.647037788,0.25,0.6,0.6,0.0375,0.02181818181818182,-0.35,0.01568181818181818
48,0,4,8,103,105,0.8,0.35,105,1,1,-593631.0809362603,0.5,0.5,0.5,0.08333333333333333,0.08333333333333333,0.0,0.0
48,0,4,9,103,106,0.8,0.6500000000000001,106,1,1,-593634.3080564307,0.5,0.5,0.5,0.08333333333333333,0.08333333333333333,0.0,0.0
48,0,4,10,102,103,0.5,0.8,103,1,1,-593647.0398193413,0.5,0.3333333333333333,0.5,0.08333333333333333,0.05555555555555555,0.16666666666666669,0.027777777777777776
48,0,4,11,102,104,0.5,0.2,102,0,0,-593651.516344238,0.3333333333333333,0.6666666666666666,0.6666666666666666,0.05555555555555555,0.05555555555555555,-0.3333333333333333,0.0
48,0,4,12,102,105,0.5,0.35,102,0,0,-593656.5774354335,0.5,0.3333333333333333,0.3333333333333333,0.05,0.05555555555555555,0.16666666666666669,-0.00555555555555555
48,0,4,13,102,104,0.5,0.2,102,0,0,-593661.7437088938,0.3333333333333333,0.5,0.3333333333333333,0.05555555555555555,0.05,-0.16666666666666669,0.00555555555555555
48,0,4,14,103,104,0.8,0.2,103,0,1,-593667.2093579231,0.25,0.5,0.25,0.0375,0.05,-0.25,-0.012500000000000004
48,0,4,15,102,105,0.5,0.35,105,1,0,-593672.1580555127,0.2,0.5,0.5,0.02666666666666667,0.05,-0.3,-0.023333333333333334
48,0,4,16,102,103,0.5,0.8,102,0,0,-593677.0644575822,0.2,0.6,0.6,0.02666666666666667,0.04,-0.39999999999999997,-0.013333333333333332
48,0,4,17,102,103,0.5,0.8,103,1,0,-593682.3575349858,0.2,0.25,0.25,0.02666666666666667,0.0375,-0.04999999999999999,-0.01083333333333333
48,0,4,18,102,105,0.5,0.35,102,0,0,-593686.2277358603,0.2,0.2,0.2,0.02666666666666667,0.02666666666666667,0.0,0.0
48,1,0,0,168,172,0.2,0.5,168,0,0,-594121.4571542719,0.5,0.5,0.5,0.08333333333333333,0.08333333333333333,0.0,0.0
48,1,0,1,170,172,0.55,0.5,172,1,0,-594126.8977497179,0.6666666666666666,0.2,0.6666666666666666,0.05555555555555555,0.02666666666666667,0.4666666666666666,0.028888888888888884
48,1,0,2,168,170,0.2,0.55,170,1,0,-594134.4436524564,0.5,0.5,0.5,0.05,0.08333333333333333,0.0,-0.033333333333333326
48,1,0,3,170,172,0.55,0.5,172,1,1,-594139.1101275122,0.16666666666666666,0.5,0.16666666666666666,0.01984126984126984,0.08333333333333333,-0.33333333333333337,-0.06349206349206349
48,1,0,4,170,172,0.55,0.5,172,1,1,-594144.2653088591,0.14285714285714285,0.5,0.5,0.015306122448979591,0.08333333333333333,-0.35714285714285715,-0.06802721088435373
48,1,0,5,168,172,0.2,0.5,172,1,1,-594149.6701334746,0.14285714285714285,0.5,0.5,0.015306122448979591,0.03571428571428571,-0.35714285714285715,-0.02040816326530612
48,1,0,6,169,171,0.6,0.45,171,1,0,-594154.058174013,0.2,0.6666666666666666,0.6666666666666666,0.02666666666666667,0.05555555555555555,-0.4666666666666666,-0.028888888888888884
48,1,0,7,169,171,0.6,0.45,169,0,1,-594160.7017276153,0.6,0.2,0.6,0.04,0.02666666666666667,0.39999999999999997,0.013333333333333332
48,1,0,8,169,171,0.6,0.45,171,1,0,-594165.329484281,0.14285714285714285,0.75,0.75,0.015306122448979591,0.0375,-0.6071428571428572,-0.022193877551020407
48,1,0,9,168,169,0.2,0.6,169,1,0,-594169.2757401215,0.2,0.6,0.6,0.02666666666666667,0.04,-0.39999999999999997,-0.013333333333333332
48,1,0,10,168,172,0.2,0.5,168,0,0,-594175.2736567506,0.5,0.5,0.5,0.08333333333333333,0.08333333333333333,0.0,0.0
48,1,0,11,168,171,0.2,0.45,168,0,0,-594180.343446007,0.5,0.5,0.5,0.08333333333333333,0.08333333333333333,0.0,0.0
48,1,0,12,169,170,0.6,0.55,170,1,1,-594184.6924125114,0.5,0.6666666666666666,0.6666666666666666,0.08333333333333333,0.05555555555555555,-0.16666666666666663,0.027777777777777776
48,1,0,13,171,172,0.45,0.5,171,0,0,-594189.9355066234,0.5,0.75,0.75,0.08333333333333333,0.0375,-0.25,0.04583333333333333
48,1,0,14,168,172,0.2,0.5,172,1,1,-594194.5835055675,0.5,0.8,0.8,0.08333333333333333,0.02666666666666667,-0.30000000000000004,0.05666666666666666
48,1,0,15,171,172,0.45,0.5,172,1,1,-594198.1633514927,0.5,0.8333333333333334,0.8333333333333334,0.08333333333333333,0.01984126984126984,-0.33333333333333337,0.06349206349206349
48,1,0,16,171,172,0.45,0.5,172,1,0,-594204.3675395524,0.3333333333333333,0.8571428571428571,0.3333333333333333,0.05555555555555555,0.015306122448979591,-0.5238095238095237,0.04024943310657596
48,1,0,17,170,172,0.55,0.5,170,0,1,-594208.507700992,0.25,0.8571428571428571,0.8571428571428571,0.0375,0.015306122448979591,-0.6071428571428571,0.022193877551020407
48,1,1,0,175,178,0.6,0.55,178,1,0,-594239.7833391015,0.5,0.875,0.875,0.08333333333333333,0.012152777777777778,-0.375,0.07118055555555555
48,1,1,1,175,176,0.6,0.45,176,1,1,-594244.9125836509,0.5,0.7777777777777778,0.5,0.08333333333333333,0.01728395061728395,-0.2777777777777778,0.06604938271604938
48,1,1,2,176,178,0.45,0.55,176,0,0,-594249.4360307418,0.25,0.7777777777777778,0.25,0.0375,0.01728395061728395,-0.5277777777777778,0.02021604938271605
48,1,1,3,175,178,0.6,0.55,175,0,1,-594255.1325601508,0.6666666666666666,0.7777777777777778,0.7777777777777778,0.05555555555555555,0.01728395061728395,-0.11111111111111116,0.0382716049382716
48,1,1,4,176,178,0.45,0.55,176,0,0,-594257.2947804006,0.6666666666666666,0.2,0.2,0.05555555555555555,0.02666666666666667,0.4666666666666666,0.028888888888888884
48,1,1,5,175,178,0.6,0.55,178,1,1,-594266.752608394,0.5,0.5,0.5,0.08333333333333333,0.08333333333333333,0.0,0.0
48,1,1,6,175,178,0.6,0.55,175,0,0,-594269.6027983848,0.3333333333333333,0.7,0.7,0.05555555555555555,0.019090909090909092,-0.36666666666666664,0.036464646464646464
48,1,1,7,176,178,0.45,0.55,178,1,1,-594276.0846060131,0.16666666666666666,0.6363636363636364,0.6363636363636364,0.01984126984126984,0.01928374655647383,-0.4696969696969697,0.0005575232847960104
48,1,1,8,176,178,0.45,0.55,178,1,1,-594282.1257164753,0.6666666666666666,0.5,0.5,0.05555555555555555,0.08333333333333333,0.16666666666666663,-0.027777777777777776
48,1,1,9,175,178,0.6,0.55,178,1,1,-594285.282988512,0.6666666666666666,0.6666666666666666,0.6666666666666666,0.05555555555555555,0.017094017094017096,0.0,0.03846153846153846
48,1,1,10,174,177,0.5,0.2,177,1,1,-594291.6686158148,0.3333333333333333,0.6666666666666666,0.6666666666666666,0.05555555555555555,0.05555555555555555,-0.3333333333333333,0.0
48,1,1,11,176,177,0.45,0.2,176,0,0,-594298.7000834612,0.16666666666666666,0.75,0.75,0.01984126984126984,0.0375,-0.5833333333333334,-0.01765873015873016
48,1,1,12,176,177,0.45,0.2,177,1,0,-594304.3194169534,0.16666666666666666,0.6,0.16666666666666666,0.01984126984126984,0.04,-0.43333333333333335,-0.02015873015873016
48,1,1,13,175,178,0.6,0.55,175,0,1,-594311.6581929269,0.6666666666666666,0.6,0.6,0.05555555555555555,0.04,0.06666666666666665,0.015555555555555552
48,1,1,14,174,175,0.5,0.6,175,1,1,-594315.9636029816,0.5,0.5,0.5,0.08333333333333333,0.08333333333333333,0.0,0.0
48,1,1,15,176,178,0.45,0.55,178,1,1,-594320.4598959534,0.5,0.5,0.5,0.08333333333333333,0.08333333333333333,0.0,0.0
48,1,1,16,176,178,0.45,0.55,176,0,0,-594322.9570115489,0.5,0.3333333333333333,0.3333333333333333,0.08333333333333333,0.05555555555555555,0.16666666666666669,0.027777777777777776
48,1,1,17,174,178,0.5,0.55,178,1,1,-594330.8961268635,0.5,0.6666666666666666,0.6666666666666666,0.08333333333333333,0.05555555555555555,-0.16666666666666663,0.027777777777777776
48,1,1,18,176,178,0.45,0.55,178,1,1,-594335.5961241131,0.5,0.75,0.75,0.05,0.0375,-0.25,0.012500000000000004
48,1,1,19,176,177,0.45,0.2,176,0,1,-594338.7752527649,0.5,0.6,0.6,0.08333333333333333,0.04,-0.09999999999999998,0.04333333333333333
48,1,1,20,177,178,0.2,0.55,178,1,0,-594345.3488521455,0.5,0.5,0.5,0.08333333333333333,0.08333333333333333,0.0,0.0
48,1,2,0,180,182,0.6500000000000001,0.2,182,1,0,-594374.5056656458,0.5,0.5,0.5,0.05,0.08333333333333333,0.0,-0.033333333333333326
48,1,2,1,180,183,0.6500000000000001,0.5,183,1,0,-594378.060137478,0.5,0.5,0.5,0.08333333333333333,0.05,0.0,0.033333333333333326
48,1,2,2,182,183,0.2,0.5,182,0,0,-594384.486280784,0.3333333333333333,0.6666666666666666,0.6666666666666666,0.05555555555555555,0.031746031746031744,-0.3333333333333333,0.023809523809523808
48,1,2,3,180,182,0.6500000000000001,0.2,180,0,0,-594389.892542761,0.6,0.3333333333333333,0.6,0.04,0.05555555555555555,0.26666666666666666,-0.015555555555555552
48,1,2,4,180,183,0.6500000000000001,0.5,183,1,1,-594394.8494264496,0.3333333333333333,0.5,0.3333333333333333,0.05555555555555555,0.08333333333333333,-0.16666666666666669,-0.027777777777777776
48,1,2,5,182,183,0.2,0.5,183,1,1,-594398.716021275,0.6666666666666666,0.3333333333333333,0.6666666666666666,0.031746031746031744,0.05555555555555555,0.3333333333333333,-0.023809523809523808
48,1,2,6,180,182,0.6500000000000001,0.2,180,0,1,-594403.6409395905,0.25,0.3333333333333333,0.3333333333333333,0.0375,0.05555555555555555,-0.08333333333333331,-0.018055555555555554
48,1,2,7,180,182,0.6500000000000001,0.2,182,1,0,-594408.0544419378,0.25,0.7142857142857143,0.7142857142857143,0.0375,0.025510204081632654,-0.4642857142857143,0.011989795918367345
48,1,2,8,180,182,0.6500000000000001,0.2,180,0,0,-594415.2644436144,0.25,0.625,0.25,0.0375,0.026041666666666668,-0.375,0.01145833333333333
48,1,2,9,180,182,0.6500000000000001,0.2,180,0,1,-594418.6009373375,0.25,0.5714285714285714,0.5714285714285714,0.0375,0.030612244897959183,-0.3214285714285714,0.006887755102040816
48,1,2,10,180,183,0.6500000000000001,0.5,183,1,1,-594424.2014216678,0.5,0.5,0.5,0.08333333333333333,0.027777777777777776,0.0,0.05555555555555555
48,1,2,11,182,183,0.2,0.5,183,1,1,-594430.6048670869,0.5,0.5,0.5,0.08333333333333333,0.08333333333333333,0.0,0.0
48,1,2,12,180,182,0.6500000000000001,0.2,182,1,1,-594432.6048082423,0.5,0.5,0.5,0.08333333333333333,0.08333333333333333,0.0,0.0
48,1,2,13,181,184,0.35,0.8,184,1,1,-594442.4763929935,0.5,0.6666666666666666,0.6666666666666666,0.08333333333333333,0.05555555555555555,-0.16666666666666663,0.027777777777777776
48,1,2,14,180,184,0.6500000000000001,0.8,180,0,1,-594445.6953755019,0.3333333333333333,0.5,0.3333333333333333,0.05555555555555555,0.05,-0.16666666666666669,0.00555555555555555
48,1,2,15,180,183,0.6500000000000001,0.5,183,1,0,-594452.1207975227,0.25,0.5,0.5,0.0375,0.05,-0.25,-0.012500000000000004
48,1,2,16,181,184,0.35,0.8,184,1,1,-594458.2466615258,0.25,0.6,0.6,0.0375,0.04,-0.35,-0.0025000000000000022
48,1,2,17,182,183,0.2,0.5,182,0,0,-594461.8237006882,0.5,0.6666666666666666,0.5,0.08333333333333333,0.031746031746031744,-0.16666666666666663,0.051587301587301584
48,1,2,18,180,182,0.6500000000000001,0.2,180,0,1,-594465.5593518113,0.6666666666666666,0.6666666666666666,0.6666666666666666,0.05555555555555555,0.031746031746031744,0.0,0.023809523809523808
48,1,2,19,181,182,0.35,0.2,181,0,1,-594473.9611119484,0.75,0.25,0.25,0.0375,0.0375,0.5,0.0
48,1,2,20,180,183,0.6500000000000001,0.5,183,1,0,-594478.6231567711,0.75,0.6666666666666666,0.75,0.0375,0.031746031746031744,0.08333333333333337,0.005753968253968254
48,1,2,21,180,181,0.6500000000000001,0.35,181,1,1,-594483.6891980895,0.5,0.5,0.5,0.08333333333333333,0.08333333333333333,0.0,0.0
48,1,2,22,180,184,0.6500000000000001,0.8,184,1,0,-594488.5829124186,0.3333333333333333,0.5,0.5,0.05555555555555555,0.08333333333333333,-0.16666666666666669,-0.027777777777777776
48,1,3,0,186,189,0.5,0.55,189,1,0,-594518.038366848,0.3333333333333333,0.3333333333333333,0.3333333333333333,0.05555555555555555,0.05555555555555555,0.0,0.0
48,1,3,1,186,187,0.5,0.2,187,1,0,-594521.8234666432,0.2,0.6666666666666666,0.2,0.02666666666666667,0.031746031746031744,-0.4666666666666666,-0.005079365079365076
48,1,3,2,186,189,0.5,0.55,189,1,0,-594526.6796251715,0.6,0.3333333333333333,0.3333333333333333,0.04,0.05555555555555555,0.26666666666666666,-0.015555555555555552
48,1,3,3,186,187,0.5,0.2,186,0,1,-594532.8882385016,0.25,0.6666666666666666,0.6666666666666666,0.0375,0.031746031746031744,-0.41666666666666663,0.005753968253968254
48,1,3,4,188,190,0.45,0.6,188,0,1,-594537.0948111407,0.6,0.5,0.5,0.04,0.05,0.09999999999999998,-0.010000000000000002
48,1,3,5,188,190,0.45,0.6,188,0,1,-594543.7202008138,0.6,0.25,0.6,0.04,0.0375,0.35,0.0025000000000000022
48,1,3,6,186,190,0.5,0.6,186,0,0,-594548.9335418826,0.16666666666666666,0.5714285714285714,0.5714285714285714,0.01984126984126984,0.030612244897959183,-0.40476190476190477,-0.010770975056689343
49,0,0,0,79,81,0.8,0.2,81,1,0,-344714.6371638399,0.5,0.5,0.5,0.08333333333333333,0.08333333333333333,0.0,0.0
49,0,0,1,78,81,0.6500000000000001,0.2,78,0,1,-344719.6416472472,0.5,0.6666666666666666,0.5,0.08333333333333333,0.05555555555555555,-0.16666666666666663,0.027777777777777776
49,0,0,2,79,80,0.8,0.5,79,0,1,-344723.7235287544,0.5,0.6666666666666666,0.6666666666666666,0.08333333333333333,0.05555555555555555,-0.16666666666666663,0.027777777777777776
49,0,0,3,78,82,0.6500000000000001,0.35,82,1,0,-344728.3605711296,0.5,0.5,0.5,0.08333333333333333,0.08333333333333333,0.0,0.0
49,0,0,4,78,80,0.6500000000000001,0.5,78,0,1,-344733.22430849326,0.5,0.75,0.5,0.08333333333333333,0.0375,-0.25,0.04583333333333333
49,0,0,5,78,80,0.6500000000000001,0.5,80,1,0,-344736.9285618091,0.3333333333333333,0.5,0.3333333333333333,0.05555555555555555,0.08333333333333333,-0.16666666666666669,-0.027777777777777776
49,0,0,6,78,80,0.6500000000000001,0.5,78,0,0,-344741.02475143835,0.25,0.75,0.25,0.0375,0.0375,-0.5,0.0
49,0,0,7,79,81,0.8,0.2,81,1,0,-344745.6189113434,0.3333333333333333,0.5,0.5,0.05555555555555555,0.08333333333333333,-0.16666666666666669,-0.027777777777777776
49,0,0,8,78,82,0.6500000000000001,0.35,78,0,0,-344751.2343495166,0.4,0.75,0.75,0.04,0.0375,-0.35,0.0025000000000000022
49,0,0,9,80,82,0.5,0.35,82,1,0,-344755.82980442065,0.3333333333333333,0.6666666666666666,0.3333333333333333,0.05555555555555555,0.05555555555555555,-0.3333333333333333,0.0
49,0,0,10,78,82,0.6500000000000001,0.35,78,0,1,-344760.63819456083,0.6,0.3333333333333333,0.6,0.04,0.05555555555555555,0.26666666666666666,-0.015555555555555552
49,0,0,11,78,81,0.6500000000000001,0.2,81,1,0,-344764.58758268005,0.6666666666666666,0.6666666666666666,0.6666666666666666,0.05555555555555555,0.031746031746031744,0.0,0.023809523809523808
49,0,0,12,80,82,0.5,0.35,82,1,0,-344767.9759107252,0.4,0.7142857142857143,0.4,0.04,0.025510204081632654,-0.3142857142857143,0.014489795918367347
49,0,0,13,80,81,0.5,0.2,81,1,0,-344772.6206154445,0.5,0.3333333333333333,0.5,0.03571428571428571,0.05555555555555555,0.16666666666666669,-0.01984126984126984
49,0,0,14,80,82,0.5,0.35,82,1,0,-344777.1698350468,0.6666666666666666,0.3333333333333333,0.3333333333333333,0.05555555555555555,0.05555555555555555,0.3333333333333333,0.0
49,0,0,15,79,81,0.8,0.2,81,1,0,-344778.0172906314,0.5714285714285714,0.7142857142857143,0.5714285714285714,0.030612244897959183,0.025510204081632654,-0.1428571428571429,0.005102040816326529
49,0,0,16,81,82,0.2,0.35,81,0,1,-344786.1079923335,0.25,0.6666666666666666,0.6666666666666666,0.0375,0.05555555555555555,-0.41666666666666663,-0.018055555555555554
49,0,0,17,79,82,0.8,0.35,79,0,1,-344790.2095060447,0.25,0.7142857142857143,0.7142857142857143,0.0375,0.025510204081632654,-0.4642857142857143,0.011989795918367345
49,0,1,0,85,88,0.6,0.45,88,1,1,-344821.2769777723,0.5,0.5,0.5,0.08333333333333333,0.08333333333333333,0.0,0.0
49,0,1,1,85,86,0.6,0.2,85,0,1,-344824.5576814334,0.5,0.5,0.5,0.08333333333333333,0.08333333333333333,0.0,0.0
49,0,1,2,85,88,0.6,0.45,85,0,0,-344830.65429237334,0.6666666666666666,0.3333333333333333,0.6666666666666666,0.05555555555555555,0.05555555555555555,0.3333333333333333,0.0
49,0,1,3,86,88,0.2,0.45,86,0,0,-344834.0004298832,0.5,0.3333333333333333,0.5,0.05,0.05555555555555555,0.16666666666666669,-0.00555555555555555
49,0,1,4,84,87,0.55,0.5,87,1,1,-344838.9192384448,0.6,0.3333333333333333,0.6,0.04,0.05555555555555555,0.26666666666666666,-0.015555555555555552
49,0,1,5,84,87,0.55,0.5,87,1,1,-344844.3663258189,0.6666666666666666,0.5,0.6666666666666666,0.031746031746031744,0.08333333333333333,0.16666666666666663,-0.051587301587301584
49,0,1,6,86,88,0.2,0.45,88,1,1,-344848.0555793889,0.5,0.3333333333333333,0.5,0.08333333333333333,0.05555555555555555,0.16666666666666669,0.027777777777777776
49,0,1,7,87,88,0.5,0.45,88,1,1,-344850.8747805685,0.7142857142857143,0.3333333333333333,0.7142857142857143,0.025510204081632654,0.05555555555555555,0.380952380952381,-0.0300453514739229
49,0,1,8,85,87,0.6,0.5,87,1,0,-344856.9742865267,0.625,0.6666666666666666,0.625,0.026041666666666668,0.05555555555555555,-0.04166666666666663,-0.029513888888888885
49,0,1,9,85,87,0.6,0.5,85,0,0,-344862.1427987153,0.6666666666666666,0.3333333333333333,0.6666666666666666,0.022222222222222223,0.05555555555555555,0.3333333333333333,-0.033333333333333326
49,0,1,10,86,88,0.2,0.45,88,1,1,-344865.9483172517,0.6666666666666666,0.3333333333333333,0.6666666666666666,0.05555555555555555,0.05555555555555555,0.3333333333333333,0.0
49,0,1,11,84,87,0.55,0.5,87,1,0,-344870.615792798,0.75,0.3333333333333333,0.75,0.0375,0.05555555555555555,0.4166666666666667,-0.018055555555555554
49,0,1,12,84,88,0.55,0.45,88,1,0,-344874.1846653172,0.6,0.3333333333333333,0.3333333333333333,0.04,0.05555555555555555,0.26666666666666666,-0.015555555555555552
49,0,1,13,87,88,0.5,0.45,87,0,0,-344877.631853549,0.7,0.6,0.7,0.019090909090909092,0.04,0.09999999999999998,-0.02090909090909091
49,0,1,14,84,85,0.55,0.6,84,0,0,-344881.1099776126,0.5,0.5,0.5,0.08333333333333333,0.08333333333333333,0.0,0.0
49,0,1,15,84,86,0.55,0.2,84,0,1,-344888.5625767492,0.6363636363636364,0.25,0.6363636363636364,0.01928374655647383,0.0375,0.38636363636363635,-0.01821625344352617
49,0,1,16,86,87,0.2,0.5,87,1,0,-344892.6517480495,0.5,0.5833333333333334,0.5,0.08333333333333333,0.018696581196581196,-0.08333333333333337,0.06463675213675213
49,0,1,17,85,88,0.6,0.45,88,1,1,-344898.5302697839,0.5833333333333334,0.25,0.5833333333333334,0.018696581196581196,0.0375,0.33333333333333337,-0.018803418803418803
49,0,1,18,87,88,0.5,0.45,88,1,0,-344903.2405538606,0.6153846153846154,0.25,0.6153846153846154,0.0169061707523246,0.0375,0.3653846153846154,-0.0205938292476754
49,0,1,19,84,85,0.55,0.6,84,0,0,-344907.214316551,0.6,0.3333333333333333,0.6,0.04,0.05555555555555555,0.26666666666666666,-0.015555555555555552
49,0,1,20,84,87,0.55,0.5,84,0,1,-344912.3037263026,0.6666666666666666,0.6428571428571429,0.6666666666666666,0.05555555555555555,0.015306122448979591,0.023809523809523725,0.04024943310657596
49,0,1,21,84,87,0.55,0.5,84,0,1,-344918.2268483957,0.6428571428571429,0.25,0.25,0.015306122448979591,0.0375,0.3928571428571429,-0.022193877551020407
49,0,1,22,86,87,0.2,0.5,87,1,0,-344922.4378720574,0.5,0.5,0.5,0.08333333333333333,0.08333333333333333,0.0,0.0
49,0,2,0,92,94,0.35,0.2,92,0,1,-344951.347509973,0.5,0.5,0.5,0.08333333333333333,0.08333333333333333,0.0,0.0
49,0,2,1,90,94,0.6500000000000001,0.2,90,0,1,-344954.609782296,0.5,0.6666666666666666,0.6666666666666666,0.08333333333333333,0.05555555555555555,-0.16666666666666663,0.027777777777777776
49,0,2,2,90,94,0.6500000000000001,0.2,90,0,0,-344960.7892778885,0.5,0.5,0.5,0.08333333333333333,0.05,0.0,0.033333333333333326
49,0,2,3,90,92,0.6500000000000001,0.35,92,1,0,-344964.4486760613,0.3333333333333333,0.5,0.3333333333333333,0.05555555555555555,0.08333333333333333,-0.16666666666666669,-0.027777777777777776
49,0,2,4,90,94,0.6500000000000001,0.2,90,0,1,-344969.2230979886,0.5,0.5,0.5,0.08333333333333333,0.08333333333333333,0.0,0.0
49,0,2,5,92,94,0.35,0.2,92,0,0,-344972.9872534534,0.5,0.3333333333333333,0.5,0.08333333333333333,0.05555555555555555,0.16666666666666669,0.027777777777777776
49,0,2,6,92,94,0.35,0.2,94,1,1,-344976.2101317663,0.25,0.6666666666666666,0.6666666666666666,0.0375,0.05555555555555555,-0.41666666666666663,-0.018055555555555554
49,0,2,7,90,92,0.6500000000000001,0.35,90,0,1,-344980.3161336493,0.5,0.25,0.5,0.08333333333333333,0.0375,0.25,0.04583333333333333
49,0,2,8,90,92,0.6500000000000001,0.35,90,0,1,-344988.66388942726,0.75,0.4,0.75,0.0375,0.04,0.35,-0.0025000000000000022
49,0,2,9,90,94,0.6500000000000001,0.2,94,1,0,-344994.131046097,0.25,0.3333333333333333,0.3333333333333333,0.0375,0.05555555555555555,-0.08333333333333331,-0.018055555555555554
49,0,2,10,90,92,0.6500000000000001,0.35,90,0,1,-344999.2800411552,0.25,0.8,0.8,0.0375,0.02666666666666667,-0.55,0.01083333333333333
49,0,2,11,90,94,0.6500000000000001,0.2,90,0,1,-345002.4912264304,0.25,0.4,0.4,0.0375,0.04,-0.15000000000000002,-0.0025000000000000022
49,0,2,12,92,94,0.35,0.2,92,0,1,-345008.2777598524,0.3333333333333333,0.25,0.25,0.05555555555555555,0.0375,0.08333333333333331,0.018055555555555554
49,0,2,13,92,94,0.35,0.2,92,0,1,-345014.89057574264,0.3333333333333333,0.5,0.5,0.05555555555555555,0.03571428571428571,-0.16666666666666669,0.01984126984126984
49,0,2,14,91,93,0.8,0.5,93,1,1,-345018.78870549856,0.6666666666666666,0.5714285714285714,0.5714285714285714,0.031746031746031744,0.030612244897959183,0.09523809523809523,0.0011337868480725613
49,0,2,15,91,92,0.8,0.35,92,1,1,-345023.3108159436,0.3333333333333333,0.6666666666666666,0.3333333333333333,0.05555555555555555,0.031746031746031744,-0.3333333333333333,0.023809523809523808
49,0,2,16,91,92,0.8,0.35,92,1,0,-345029.84477223456,0.6666666666666666,0.625,0.625,0.031746031746031744,0.026041666666666668,0.04166666666666663,0.0057043650793650764
49,0,2,17,90,92,0.6500000000000001,0.35,92,1,1,-345032.75166078005,0.6666666666666666,0.6666666666666666,0.6666666666666666,0.031746031746031744,0.022222222222222223,0.0,0.009523809523809521
49,0,2,18,91,93,0.8,0.5,93,1,0,-345039.12553587195,0.5,0.5,0.5,0.08333333333333333,0.08333333333333333,0.0,0.0
49,0,2,19,90,93,0.6500000000000001,0.5,93,1,1,-345042.3210708096,0.5,0.5,0.5,0.08333333333333333,0.08333333333333333,0.0,0.0
49,0,2,20,90,92,0.6500000000000001,0.35,92,1,0,-345049.0751245271,0.3333333333333333,0.5,0.5,0.05555555555555555,0.08333333333333333,-0.16666666666666669,-0.027777777777777776
49,0,3,0,96,97,0.5,0.35,97,1,1,-345077.54431479063,0.3333333333333333,0.6666666666666666,0.3333333333333333,0.05555555555555555,0.05555555555555555,-0.3333333333333333,0.0
49,0,3,1,96,99,0.5,0.6500000000000001,99,1,1,-345080.7316862985,0.25,0.6666666666666666,0.6666666666666666,0.0375,0.05555555555555555,-0.41666666666666663,-0.018055555555555554
49,0,3,2,96,99,0.5,0.6500000000000001,99,1,1,-345087.5597143293,0.25,0.6666666666666666,0.6666666666666666,0.0375,0.05555555555555555,-0.41666666666666663,-0.018055555555555554
49,0,3,3,96,97,0.5,0.35,97,1,1,-345091.569745017,0.25,0.5,0.25,0.0375,0.05,-0.25,-0.012500000000000004
49,0,3,4,96,99,0.5,0.6500000000000001,99,1,1,-345095.6206440866,0.2,0.75,0.2,0.02666666666666667,0.0375,-0.55,-0.01083333333333333
49,0,3,5,96,97,0.5,0.35,97,1,1,-345100.2990413202,0.3333333333333333,0.75,0.3333333333333333,0.031746031746031744,0.0375,-0.4166666666666667,-0.005753968253968254
49,0,3,6,96,99,0.5,0.6500000000000001,99,1,0,-345105.0513579085,0.5,0.75,0.75,0.05,0.0375,-0.25,0.012500000000000004
49,0,3,7,96,97,0.5,0.35,97,1,0,-345109.39358436107,0.42857142857142855,0.5,0.5,0.030612244897959183,0.05,-0.07142857142857145,-0.01938775510204082
49,0,3,8,97,99,0.35,0.6500000000000001,99,1,1,-345112.02722905367,0.42857142857142855,0.6,0.6,0.030612244897959183,0.04,-0.17142857142857143,-0.009387755102040818
49,0,3,9,98,100,0.2,0.8,100,1,1,-345118.05881107564,0.6666666666666666,0.8,0.8,0.031746031746031744,0.02666666666666667,-0.13333333333333341,0.005079365079365076
49,0,3,10,97,99,0.35,0.6500000000000001,99,1,0,-345123.20976128883,0.6666666666666666,0.8333333333333334,0.8333333333333334,0.031746031746031744,0.01984126984126984,-0.16666666666666674,0.011904761904761904
49,0,3,11,99,100,0.6500000000000001,0.8,99,0,1,-345128.2910072749,0.6666666666666666,0.8571428571428571,0.6666666666666666,0.031746031746031744,0.015306122448979591,-0.19047619047619047,0.016439909297052153
49,0,3,12,96,97,0.5,0.35,97,1,0,-345133.13320315594,0.5,0.5,0.5,0.08333333333333333,0.08333333333333333,0.0,0.0
49,0,3,13,97,98,0.35,0.2,98,1,0,-345137.8304645824,0.42857142857142855,0.8571428571428571,0.42857142857142855,0.030612244897959183,0.015306122448979591,-0.42857142857142855,0.015306122448979591
49,0,3,14,96,98,0.5,0.2,98,1,0,-345142.5126625314,0.5,0.8571428571428571,0.5,0.08333333333333333,0.015306122448979591,-0.3571428571428571,0.06802721088435373
49,0,3,15,96,99,0.5,0.6500000000000001,99,1,0,-345148.5649286124,0.3333333333333333,0.6666666666666666,0.6666666666666666,0.05555555555555555,0.05555555555555555,-0.3333333333333333,0.0
49,0,3,16,96,98,0.5,0.2,98,1,0,-345152.1450709529,0.5,0.8571428571428571,0.5,0.027777777777777776,0.015306122448979591,-0.3571428571428571,0.012471655328798185
49,0,3,17,97,99,0.35,0.6500000000000001,99,1,0,-345156.5753946736,0.3333333333333333,0.5714285714285714,0.3333333333333333,0.05555555555555555,0.030612244897959183,-0.23809523809523808,0.02494331065759637
49,0,3,18,96,98,0.5,0.2,96,0,0,-345161.73070397595,0.4444444444444444,0.5714285714285714,0.5714285714285714,0.024691358024691357,0.030612244897959183,-0.12698412698412698,-0.005920886873267826
49,0,4,0,103,104,0.2,0.8,103,0,1,-345191.3131929286,0.5,0.75,0.75,0.027777777777777776,0.0375,-0.25,-0.009722222222222222
49,0,4,1,104,105,0.8,0.5,104,0,1,-345194.8865227197,0.5,0.5,0.5,0.08333333333333333,0.08333333333333333,0.0,0.0
49,0,4,2,103,105,0.2,0.5,103,0,0,-345200.89082436747,0.5,0.5,0.5,0.08333333333333333,0.08333333333333333,0.0,0.0
49,0,4,3,103,105,0.2,0.5,105,1,1,-345206.6690595153,0.3333333333333333,0.6666666666666666,0.3333333333333333,0.05555555555555555,0.05555555555555555,-0.3333333333333333,0.0
49,0,4,4,104,105,0.8,0.5,104,0,1,-345210.6149255392,0.5,0.5,0.5,0.08333333333333333,0.05,0.0,0.033333333333333326
49,0,4,5,102,106,0.6500000000000001,0.35,102,0,1,-345215.19181271933,0.6666666666666666,0.5,0.5,0.05555555555555555,0.05,0.16666666666666663,0.00555555555555555
49,0,4,6,105,106,0.5,0.35,106,1,0,-345218.83815122704,0.6666666666666666,0.6666666666666666,0.6666666666666666,0.05555555555555555,0.05555555555555555,0.0,0.0
49,0,4,7,103,104,0.2,0.8,104,1,1,-345224.3672202045,0.6666666666666666,0.5,0.5,0.05555555555555555,0.05,0.16666666666666663,0.00555555555555555
49,0,4,8,102,103,0.6500000000000001,0.2,103,1,1,-345228.99736851064,0.6666666666666666,0.4,0.6666666666666666,0.05555555555555555,0.04,0.2666666666666666,0.015555555555555552
49,0,4,9,102,103,0.6500000000000001,0.2,103,1,1,-345235.2694995162,0.5,0.5,0.5,0.08333333333333333,0.08333333333333333,0.0,0.0
49,0,4,10,104,106,0.8,0.35,104,0,1,-345238.061019244,0.3333333333333333,0.4,0.3333333333333333,0.05555555555555555,0.04,-0.06666666666666671,0.015555555555555552
49,0,4,11,102,105,0.6500000000000001,0.5,105,1,1,-345245.10539352085,0.25,0.75,0.75,0.0375,0.0375,-0.5,0.0
49,0,4,12,103,104,0.2,0.8,104,1,1,-345251.4692734442,0.4,0.5,0.4,0.04,0.08333333333333333,-0.09999999999999998,-0.04333333333333333
49,0,4,13,103,106,0.2,0.35,103,0,0,-345255.34385219595,0.6,0.6,0.6,0.04,0.04,0.0,0.0
49,0,4,14,104,106,0.8,0.35,104,0,0,-345263.3527217445,0.25,0.6,0.6,0.0375,0.04,-0.35,-0.0025000000000000022
49,0,4,15,102,105,0.6500000000000001,0.5,105,1,0,-345268.99590345565,0.25,0.5,0.25,0.0375,0.03571428571428571,-0.25,0.0017857142857142863
49,0,4,16,104,105,0.8,0.5,105,1,1,-345272.83318084327,0.2,0.5,0.2,0.02666666666666667,0.03571428571428571,-0.3,-0.009047619047619044
49,0,4,17,102,105,0.6500000000000001,0.5,102,0,1,-345277.8872053034,0.5,0.5,0.5,0.08333333333333333,0.03571428571428571,0.0,0.047619047619047616
49,0,4,18,102,103,0.6500000000000001,0.2,102,0,1,-345282.77728072146,0.5,0.5,0.5,0.03571428571428571,0.08333333333333333,0.0,-0.047619047619047616
49,0,4,19,104,105,0.8,0.5,105,1,0,-345285.8908442039,0.16666666666666666,0.3333333333333333,0.3333333333333333,0.01984126984126984,0.031746031746031744,-0.16666666666666666,-0.011904761904761904
49,0,4,20,102,105,0.6500000000000001,0.5,102,0,0,-345292.02649542206,0.42857142857142855,0.5714285714285714,0.42857142857142855,0.030612244897959183,0.030612244897959183,-0.14285714285714285,0.0
49,0,4,21,102,105,0.6500000000000001,0.5,105,1,1,-345298.74240646046,0.16666666666666666,0.5,0.5,0.01984126984126984,0.03571428571428571,-0.33333333333333337,-0.015873015873015872
49,1,0,0,169,170,0.2,0.6500000000000001,169,0,0,-345740.18992608646,0.5,0.5,0.5,0.08333333333333333,0.08333333333333333,0.0,0.0
49,1,0,1,170,172,0.6500000000000001,0.8,172,1,0,-345744.72310918965,0.5,0.5,0.5,0.08333333333333333,0.08333333333333333,0.0,0.0
49,1,0,2,169,170,0.2,0.6500000000000001,170,1,1,-345750.02814689645,0.3333333333333333,0.6666666666666666,0.3333333333333333,0.05555555555555555,0.05555555555555555,-0.3333333333333333,0.0
49,1,0,3,170,172,0.6500000000000001,0.8,170,0,0,-345753.52405306645,0.25,0.5,0.5,0.0375,0.08333333333333333,-0.25,-0.04583333333333333
49,1,0,4,170,172,0.6500000000000001,0.8,172,1,1,-345757.34443588584,0.25,0.6666666666666666,0.6666666666666666,0.0375,0.05555555555555555,-0.41666666666666663,-0.018055555555555554
49,1,0,5,169,170,0.2,0.6500000000000001,170,1,1,-345762.1591779126,0.25,0.3333333333333333,0.3333333333333333,0.0375,0.05555555555555555,-0.08333333333333331,-0.018055555555555554
49,1,0,6,169,170,0.2,0.6500000000000001,170,1,1,-345766.87264959706,0.5,0.5,0.5,0.05,0.05,0.0,0.0
49,1,0,7,169,170,0.2,0.6500000000000001,170,1,0,-345771.3294664754,0.25,0.5,0.25,0.0375,0.05,-0.25,-0.012500000000000004
49,1,0,8,170,172,0.6500000000000001,0.8,172,1,0,-345774.89842741925,0.6,0.5,0.6,0.04,0.05,0.09999999999999998,-0.010000000000000002
49,1,0,9,170,172,0.6500000000000001,0.8,170,0,1,-345780.320977304,0.6666666666666666,0.5,0.6666666666666666,0.031746031746031744,0.05,0.16666666666666663,-0.01825396825396826
49,1,0,10,169,170,0.2,0.6500000000000001,170,1,1,-345783.7416932556,0.7142857142857143,0.5,0.7142857142857143,0.025510204081632654,0.05,0.2142857142857143,-0.02448979591836735
49,1,0,11,169,172,0.2,0.8,172,1,1,-345787.45700648706,0.625,0.5,0.625,0.026041666666666668,0.05,0.125,-0.023958333333333335
49,1,0,12,170,172,0.6500000000000001,0.8,170,0,1,-345791.863662868,0.2,0.5,0.2,0.02666666666666667,0.05,-0.3,-0.023333333333333334
49,1,0,13,169,172,0.2,0.8,172,1,1,-345797.61711846,0.5,0.5,0.5,0.08333333333333333,0.08333333333333333,0.0,0.0
49,1,0,14,169,170,0.2,0.6500000000000001,170,1,1,-345801.37238953426,0.5,0.5,0.5,0.05,0.08333333333333333,0.0,-0.033333333333333326
49,1,0,15,168,171,0.35,0.5,168,0,0,-345806.6555604942,0.3333333333333333,0.3333333333333333,0.3333333333333333,0.05555555555555555,0.05555555555555555,0.0,0.0
49,1,0,16,168,172,0.35,0.8,172,1,1,-345811.94151578314,0.3333333333333333,0.5,0.5,0.05555555555555555,0.05,-0.16666666666666669,0.00555555555555555
49,1,0,17,169,171,0.2,0.5,171,1,0,-345816.3835869847,0.16666666666666666,0.5555555555555556,0.16666666666666666,0.01984126984126984,0.024691358024691357,-0.38888888888888895,-0.0048500881834215165
49,1,0,18,168,172,0.35,0.8,172,1,1,-345821.2509074151,0.14285714285714285,0.5555555555555556,0.14285714285714285,0.015306122448979591,0.024691358024691357,-0.41269841269841273,-0.009385235575711765
49,1,0,19,168,171,0.35,0.5,168,0,0,-345824.8706536904,0.5,0.5,0.5,0.08333333333333333,0.08333333333333333,0.0,0.0
49,1,0,20,170,171,0.6500000000000001,0.5,170,0,1,-345830.80154695275,0.5,0.5,0.5,0.08333333333333333,0.08333333333333333,0.0,0.0
49,1,0,21,169,172,0.2,0.8,172,1,0,-345835.28407101973,0.6666666666666666,0.5,0.5,0.05555555555555555,0.08333333333333333,0.16666666666666663,-0.027777777777777776
49,1,0,22,168,172,0.35,0.8,172,1,0,-345840.47814162617,0.3333333333333333,0.6666666666666666,0.3333333333333333,0.05555555555555555,0.05555555555555555,-0.3333333333333333,0.0
49,1,1,0,174,176,0.2,0.55,176,1,1,-345868.58641113713,0.5,0.6666666666666666,0.6666666666666666,0.05,0.05555555555555555,-0.16666666666666663,-0.00555555555555555
49,1,1,1,174,177,0.2,0.45,177,1,0,-345872.3589536793,0.5,0.5,0.5,0.05,0.05,0.0,0.0
49,1,1,2,174,177,0.2,0.45,174,0,0,-345877.80124124413,0.6666666666666666,0.4,0.4,0.05555555555555555,0.04,0.2666666666666666,0.015555555555555552
49,1,1,3,174,176,0.2,0.55,176,1,0,-345881.7766456285,0.5,0.6666666666666666,0.5,0.05,0.05555555555555555,-0.16666666666666663,-0.00555555555555555
49,1,1,4,176,177,0.55,0.45,177,1,0,-345885.28300974,0.4,0.5,0.5,0.04,0.03571428571428571,-0.09999999999999998,0.0042857142857142885
49,1,1,5,174,176,0.2,0.55,174,0,0,-345889.88792919245,0.6666666666666666,0.5714285714285714,0.5714285714285714,0.05555555555555555,0.030612244897959183,0.09523809523809523,0.02494331065759637
49,1,1,6,174,176,0.2,0.55,174,0,0,-345893.3474513978,0.5,0.5,0.5,0.08333333333333333,0.08333333333333333,0.0,0.0
49,1,1,7,174,176,0.2,0.55,176,1,1,-345899.9566472025,0.4,0.6666666666666666,0.4,0.04,0.05555555555555555,-0.2666666666666666,-0.015555555555555552
49,1,1,8,174,176,0.2,0.55,176,1,0,-345904.2137283001,0.6666666666666666,0.5,0.5,0.05555555555555555,0.08333333333333333,0.16666666666666663,-0.027777777777777776
49,1,1,9,174,177,0.2,0.45,177,1,0,-345905.6318941984,0.3333333333333333,0.6666666666666666,0.3333333333333333,0.031746031746031744,0.05555555555555555,-0.3333333333333333,-0.023809523809523808
49,1,1,10,174,177,0.2,0.45,174,0,0,-345913.9631178467,0.3333333333333333,0.6666666666666666,0.3333333333333333,0.05555555555555555,0.05555555555555555,-0.3333333333333333,0.0
49,1,1,11,175,178,0.6,0.5,175,0,1,-345918.20114386064,0.6666666666666666,0.6666666666666666,0.6666666666666666,0.05555555555555555,0.05555555555555555,0.0,0.0
49,1,1,12,175,177,0.6,0.45,175,0,0,-345921.718464947,0.42857142857142855,0.5,0.42857142857142855,0.030612244897959183,0.05,-0.07142857142857145,-0.01938775510204082
49,1,1,13,175,178,0.6,0.5,175,0,1,-345928.3018172782,0.375,0.625,0.625,0.026041666666666668,0.026041666666666668,-0.25,0.0
49,1,1,14,174,178,0.2,0.5,174,0,0,-345932.9361228251,0.375,0.6666666666666666,0.6666666666666666,0.026041666666666668,0.05555555555555555,-0.29166666666666663,-0.029513888888888885
49,1,1,15,174,178,0.2,0.5,178,1,1,-345938.54673703643,0.75,0.5,0.75,0.0375,0.05,0.25,-0.012500000000000004
49,1,1,16,174,176,0.2,0.55,176,1,0,-345940.1188629019,0.8,0.5,0.5,0.02666666666666667,0.05,0.30000000000000004,-0.023333333333333334
49,1,1,17,177,178,0.45,0.5,178,1,1,-345947.3832391508,0.375,0.4,0.4,0.026041666666666668,0.04,-0.025000000000000022,-0.013958333333333333
49,1,1,18,175,177,0.6,0.45,175,0,0,-345954.2911719058,0.5,0.5,0.5,0.08333333333333333,0.08333333333333333,0.0,0.0
49,1,1,19,174,178,0.2,0.5,178,1,0,-345957.8523419569,0.5,0.5,0.5,0.08333333333333333,0.08333333333333333,0.0,0.0
49,1,1,20,177,178,0.45,0.5,178,1,1,-345965.21338064485,0.5,0.3333333333333333,0.5,0.08333333333333333,0.05555555555555555,0.16666666666666669,0.027777777777777776
49,1,2,0,181,184,0.2,0.6500000000000001,184,1,1,-345993.61311589263,0.3333333333333333,0.6666666666666666,0.6666666666666666,0.05555555555555555,0.05555555555555555,-0.3333333333333333,0.0
49,1,2,1,180,181,0.8,0.2,181,1,0,-345997.34123064275,0.3333333333333333,0.75,0.3333333333333333,0.05555555555555555,0.0375,-0.4166666666666667,0.018055555555555554
49,1,2,2,180,184,0.8,0.6500000000000001,184,1,1,-346003.42518537625,0.25,0.75,0.75,0.0375,0.0375,-0.5,0.0
49,1,2,3,180,184,0.8,0.6500000000000001,184,1,1,-346009.34524774266,0.5,0.5,0.5,0.08333333333333333,0.08333333333333333,0.0,0.0
49,1,2,4,180,184,0.8,0.6500000000000001,184,1,1,-346013.000294141,0.3333333333333333,0.6,0.3333333333333333,0.05555555555555555,0.04,-0.26666666666666666,0.015555555555555552
49,1,2,5,180,184,0.8,0.6500000000000001,184,1,1,-346018.3714110936,0.25,0.5,0.25,0.0375,0.08333333333333333,-0.25,-0.04583333333333333
49,1,2,6,181,184,0.2,0.6500000000000001,181,0,0,-346021.5901302818,0.25,0.6,0.6,0.0375,0.04,-0.35,-0.0025000000000000022
49,1,2,7,181,184,0.2,0.6500000000000001,184,1,1,-346026.7673887354,0.5,0.3333333333333333,0.5,0.08333333333333333,0.05555555555555555,0.16666666666666669,0.027777777777777776
49,1,2,8,180,184,0.8,0.6500000000000001,184,1,0,-346030.456241841,0.3333333333333333,0.25,0.25,0.05555555555555555,0.0375,0.08333333333333331,0.018055555555555554
49,1,2,9,180,184,0.8,0.6500000000000001,180,0,1,-346035.3544631945,0.4,0.5,0.4,0.04,0.03571428571428571,-0.09999999999999998,0.0042857142857142885
49,1,2,10,181,184,0.2,0.6500000000000001,181,0,0,-346038.5116217941,0.3333333333333333,0.5,0.3333333333333333,0.05555555555555555,0.03571428571428571,-0.16666666666666669,0.01984126984126984
49,1,2,11,180,184,0.8,0.6500000000000001,184,1,0,-346045.1113860116,0.5,0.3333333333333333,0.5,0.03571428571428571,0.05555555555555555,0.16666666666666669,-0.01984126984126984
49,1,2,12,180,181,0.8,0.2,181,1,0,-346047.3822831768,0.3333333333333333,0.5,0.5,0.05555555555555555,0.05,-0.16666666666666669,0.00555555555555555
49,1,2,13,182,183,0.35,0.5,182,0,0,-346053.34770589473,0.3333333333333333,0.5,0.5,0.05555555555555555,0.03571428571428571,-0.16666666666666669,0.01984126984126984
49,1,2,14,182,184,0.35,0.6500000000000001,184,1,0,-346058.3741694829,0.3333333333333333,0.6,0.6,0.05555555555555555,0.04,-0.26666666666666666,0.015555555555555552
49,1,2,15,181,184,0.2,0.6500000000000001,184,1,1,-346061.43039919547,0.3333333333333333,0.4,0.3333333333333333,0.05555555555555555,0.04,-0.06666666666666671,0.015555555555555552
49,1,2,16,180,183,0.8,0.5,183,1,1,-346066.6249886089,0.5714285714285714,0.5714285714285714,0.5714285714285714,0.030612244897959183,0.030612244897959183,0.0,0.0
49,1,2,17,180,184,0.8,0.6500000000000001,184,1,1,-346072.6782777004,0.5714285714285714,0.6666666666666666,0.6666666666666666,0.030612244897959183,0.031746031746031744,-0.09523809523809523,-0.0011337868480725613
49,1,2,18,182,183,0.35,0.5,183,1,1,-346076.0744358123,0.5,0.625,0.625,0.05,0.026041666666666668,-0.125,0.023958333333333335
49,1,2,19,181,183,0.2,0.5,183,1,0,-346082.5433224797,0.5714285714285714,0.4,0.4,0.030612244897959183,0.04,0.17142857142857137,-0.009387755102040818
49,1,2,20,181,183,0.2,0.5,181,0,0,-346086.0155164416,0.5,0.5,0.5,0.08333333333333333,0.08333333333333333,0.0,0.0
49,1,2,21,180,183,0.8,0.5,183,1,1,-346092.1746209784,0.5,0.5,0.5,0.08333333333333333,0.08333333333333333,0.0,0.0
49,1,3,0,188,190,0.55,0.5,188,0,0,-346118.2917318023,0.3333333333333333,0.3333333333333333,0.3333333333333333,0.05555555555555555,0.05555555555555555,0.0,0.0
49,1,3,1,187,190,0.6,0.5,190,1,1,-346123.3695250092,0.5,0.3333333333333333,0.5,0.08333333333333333,0.05555555555555555,0.16666666666666669,0.027777777777777776
49,1,3,2,187,188,0.6,0.55,188,1,1,-346126.5863693859,0.5,0.5,0.5,0.08333333333333333,0.08333333333333333,0.0,0.0
49,1,3,3,187,190,0.6,0.5,190,1,1,-346130.9074697477,0.6666666666666666,0.25,0.25,0.05555555555555555,0.0375,0.41666666666666663,0.018055555555555554
49,1,3,4,188,190,0.55,0.5,190,1,0,-346136.6305843447,0.2,0.5,0.2,0.02666666666666667,0.08333333333333333,-0.3,-0.05666666666666666
49,1,3,5,187,190,0.6,0.5,190,1,1,-346142.98459199886,0.6666666666666666,0.5,0.5,0.05555555555555555,0.08333333333333333,0.16666666666666663,-0.027777777777777776
49,1,3,6,186,189,0.2,0.45,186,0,0,-346146.28458680416,0.6666666666666666,0.6666666666666666,0.6666666666666666,0.05555555555555555,0.05555555555555555,0.0,0.0
49,1,3,7,188,189,0.55,0.45,189,1,0,-346150.9323270894,0.6666666666666666,0.3333333333333333,0.6666666666666666,0.05555555555555555,0.05555555555555555,0.3333333333333333,0.0
49,1,3,8,187,188,0.6,0.55,188,1,1,-346158.44526470616,0.16666666666666666,0.75,0.75,0.01984126984126984,0.0375,-0.5833333333333334,-0.01765873015873016
49,1,3,9,186,190,0.2,0.5,190,1,1,-346163.9225898876,0.16666666666666666,0.3333333333333333,0.16666666666666666,0.01984126984126984,0.05555555555555555,-0.16666666666666666,-0.03571428571428571
49,1,3,10,188,189,0.55,0.45,188,0,1,-346168.5331746793,0.14285714285714285,0.8,0.8,0.015306122448979591,0.02666666666666667,-0.6571428571428573,-0.011360544217687077
49,1,3,11,186,187,0.2,0.6,186,0,0,-346173.3198558064,0.6666666666666666,0.3333333333333333,0.6666666666666666,0.05555555555555555,0.05555555555555555,0.3333333333333333,0.0
49,1,3,12,188,189,0.55,0.45,188,0,0,-346179.4921200307,0.75,0.3333333333333333,0.75,0.0375,0.05555555555555555,0.4166666666666667,-0.018055555555555554
49,1,3,13,186,189,0.2,0.45,189,1,0,-346184.079701448,0.8,0.3333333333333333,0.8,0.02666666666666667,0.05555555555555555,0.46666666666666673,-0.028888888888888884
49,1,3,14,189,190,0.45,0.5,190,1,0,-346189.3881867946,0.6666666666666666,0.3333333333333333,0.3333333333333333,0.031746031746031744,0.05555555555555555,0.3333333333333333,-0.023809523809523808
49,1,3,15,189,190,0.45,0.5,189,0,1,-346193.5894708676,0.5,0.8333333333333334,0.8333333333333334,0.05,0.01984126984126984,-0.33333333333333337,0.030158730158730163
49,1,3,16,186,188,0.2,0.55,188,1,0,-346197.9341474145,0.14285714285714285,0.6666666666666666,0.6666666666666666,0.015306122448979591,0.031746031746031744,-0.5238095238095237,-0.016439909297052153
49,1,3,17,187,188,0.6,0.55,187,0,0,-346202.06142706005,0.14285714285714285,0.8571428571428571,0.14285714285714285,0.015306122448979591,0.015306122448979591,-0.7142857142857142,0.0
49,1,4,0,192,193,0.55,0.6,193,1,0,-346230.8461478037,0.5,0.5714285714285714,0.5714285714285714,0.05,0.030612244897959183,-0.0714285714285714,0.01938775510204082
49,1,4,1,192,195,0.55,0.5,195,1,1,-346235.9421051209,0.5,0.5,0.5,0.08333333333333333,0.08333333333333333,0.0,0.0
49,1,4,2,192,195,0.55,0.5,195,1,0,-346240.5519723925,0.5,0.5,0.5,0.08333333333333333,0.08333333333333333,0.0,0.0
49,1,4,3,193,195,0.6,0.5,193,0,0,-346244.3589108668,0.3333333333333333,0.5,0.5,0.05555555555555555,0.08333333333333333,-0.16666666666666669,-0.027777777777777776
49,1,4,4,193,195,0.6,0.5,195,1,1,-346250.7086738679,0.3333333333333333,0.6666666666666666,0.6666666666666666,0.05555555555555555,0.05555555555555555,-0.3333333333333333,0.0
49,1,4,5,193,195,0.6,0.5,195,1,1,-346254.97388325224,0.3333333333333333,0.75,0.75,0.05555555555555555,0.0375,-0.4166666666666667,0.018055555555555554
49,1,4,6,192,195,0.55,0.5,192,0,1,-346256.4782683574,0.3333333333333333,0.3333333333333333,0.3333333333333333,0.05555555555555555,0.05555555555555555,0.0,0.0
49,1,4,7,192,195,0.55,0.5,192,0,1,-346265.2712127531,0.3333333333333333,0.5,0.5,0.05555555555555555,0.05,-0.16666666666666669,0.00555555555555555
49,1,4,8,192,193,0.55,0.6,193,1,0,-346268.8340666568,0.3333333333333333,0.8,0.3333333333333333,0.05555555555555555,0.02666666666666667,-0.46666666666666673,0.028888888888888884
49,1,4,9,192,195,0.55,0.5,192,0,0,-346274.79821253964,0.25,0.4,0.25,0.0375,0.04,-0.15000000000000002,-0.0025000000000000022
49,1,4,10,194,196,0.2,0.45,194,0,0,-346279.6014702292,0.4,0.8,0.8,0.04,0.02666666666666667,-0.4,0.013333333333333332
49,1,4,11,194,196,0.2,0.45,196,1,0,-346284.7135091795,0.4,0.6666666666666666,0.6666666666666666,0.04,0.031746031746031744,-0.2666666666666666,0.008253968253968257
49,1,4,12,194,196,0.2,0.45,196,1,1,-346288.2993490762,0.5,0.5,0.5,0.08333333333333333,0.08333333333333333,0.0,0.0
49,1,4,13,193,195,0.6,0.5,193,0,0,-346291.35812675464,0.4,0.5714285714285714,0.5714285714285714,0.04,0.030612244897959183,-0.17142857142857137,0.009387755102040818
49,1,4,14,192,194,0.55,0.2,194,1,0,-346298.1090053865,0.4,0.5,0.5,0.04,0.027777777777777776,-0.09999999999999998,0.012222222222222225
49,1,4,15,194,195,0.2,0.5,195,1,0,-346302.8558799611,0.4,0.6666666666666666,0.6666666666666666,0.04,0.05555555555555555,-0.2666666666666666,-0.015555555555555552
49,1,4,16,192,196,0.55,0.45,196,1,1,-346308.1730499075,0.4,0.4,0.4,0.04,0.04,0.0,0.0
49,1,4,17,192,194,0.55,0.2,192,0,0,-346312.0775620115,0.5,0.4,0.5,0.05,0.04,0.09999999999999998,0.010000000000000002
49,1,4,18,193,195,0.6,0.5,195,1,0,-346317.100311653,0.5,0.5555555555555556,0.5555555555555556,0.03571428571428571,0.024691358024691357,-0.05555555555555558,0.011022927689594356
51,0,0,0,81,82,0.5,0.55,81,0,1,-171149.77324156693,0.5,0.5,0.5,0.08333333333333333,0.08333333333333333,0.0,0.0
51,0,0,1,78,81,0.45,0.5,78,0,0,-171156.76473381976,0.3333333333333333,0.5,0.5,0.05555555555555555,0.08333333333333333,-0.16666666666666669,-0.027777777777777776
51,0,0,2,80,81,0.6,0.5,81,1,1,-171158.2899077809,0.5,0.5,0.5,0.08333333333333333,0.08333333333333333,0.0,0.0
51,0,0,3,80,82,0.6,0.55,82,1,0,-171169.71763195092,0.3333333333333333,0.3333333333333333,0.3333333333333333,0.05555555555555555,0.05555555555555555,0.0,0.0
51,0,0,4,79,81,0.2,0.5,79,0,0,-171175.97054126352,0.3333333333333333,0.3333333333333333,0.3333333333333333,0.05555555555555555,0.05555555555555555,0.0,0.0
51,0,0,5,78,80,0.45,0.6,78,0,0,-171181.2646006276,0.5,0.25,0.5,0.08333333333333333,0.0375,0.25,0.04583333333333333
51,0,0,6,78,81,0.45,0.5,78,0,1,-171184.4579797025,0.5,0.3333333333333333,0.5,0.05,0.05555555555555555,0.16666666666666669,-0.00555555555555555
51,0,0,7,79,80,0.2,0.6,80,1,1,-171188.83578190676,0.25,0.5,0.5,0.0375,0.08333333333333333,-0.25,-0.04583333333333333
51,0,0,8,78,81,0.45,0.5,81,1,0,-171194.52642752236,0.6666666666666666,0.3333333333333333,0.6666666666666666,0.05555555555555555,0.05555555555555555,0.3333333333333333,0.0
51,0,0,9,79,80,0.2,0.6,79,0,0,-171200.2019139478,0.25,0.3333333333333333,0.3333333333333333,0.0375,0.05555555555555555,-0.08333333333333331,-0.018055555555555554
51,0,0,10,81,82,0.5,0.55,81,0,1,-171204.76571621856,0.5,0.5,0.5,0.05,0.05,0.0,0.0
51,0,0,11,80,81,0.6,0.5,81,1,1,-171209.36127369365,0.4,0.4,0.4,0.04,0.04,0.0,0.0
51,0,0,12,78,81,0.45,0.5,78,0,1,-171215.92900864972,0.5,0.25,0.5,0.05,0.0375,0.25,0.012500000000000004
51,0,0,13,78,82,0.45,0.55,78,0,1,-171220.38541641156,0.5,0.4,0.4,0.03571428571428571,0.04,0.09999999999999998,-0.0042857142857142885
51,0,0,14,80,82,0.6,0.55,82,1,0,-171226.4334442364,0.6,0.25,0.6,0.04,0.0375,0.35,0.0025000000000000022
51,0,0,15,78,81,0.45,0.5,78,0,0,-171237.0491157129,0.6666666666666666,0.3333333333333333,0.3333333333333333,0.031746031746031744,0.05555555555555555,0.3333333333333333,-0.023809523809523808
51,0,0,16,79,80,0.2,0.6,80,1,1,-171242.18120012176,0.25,0.5,0.5,0.0375,0.03571428571428571,-0.25,0.0017857142857142863
51,0,0,17,79,81,0.2,0.5,81,1,1,-171247.41914939426,0.5,0.5714285714285714,0.5714285714285714,0.03571428571428571,0.030612244897959183,-0.0714285714285714,0.005102040816326529
51,0,1,0,85,86,0.6500000000000001,0.8,85,0,1,-171277.65875518788,0.25,0.5,0.25,0.0375,0.027777777777777776,-0.25,0.009722222222222222
51,0,1,1,86,87,0.8,0.5,87,1,0,-171286.21606387492,0.25,0.5,0.5,0.0375,0.03571428571428571,-0.25,0.0017857142857142863
51,0,1,2,85,87,0.6500000000000001,0.5,85,0,0,-171293.19262077485,0.25,0.5714285714285714,0.5714285714285714,0.0375,0.030612244897959183,-0.3214285714285714,0.006887755102040816
51,0,1,3,85,87,0.6500000000000001,0.5,85,0,1,-171296.1821743438,0.5,0.5,0.5,0.08333333333333333,0.08333333333333333,0.0,0.0
51,0,1,4,85,87,0.6500000000000001,0.5,85,0,1,-171304.377431183,0.5,0.5,0.5,0.08333333333333333,0.08333333333333333,0.0,0.0
51,0,1,5,85,86,0.6500000000000001,0.8,85,0,1,-171308.72013906672,0.3333333333333333,0.5,0.5,0.05555555555555555,0.08333333333333333,-0.16666666666666669,-0.027777777777777776
51,0,1,6,86,87,0.8,0.5,86,0,1,-171310.38686851974,0.3333333333333333,0.6666666666666666,0.6666666666666666,0.05555555555555555,0.05555555555555555,-0.3333333333333333,0.0
51,0,1,7,85,87,0.6500000000000001,0.5,85,0,0,-171320.73173982077,0.3333333333333333,0.75,0.75,0.05555555555555555,0.0375,-0.4166666666666667,0.018055555555555554
51,0,1,8,85,86,0.6500000000000001,0.8,85,0,1,-171324.21616776966,0.3333333333333333,0.6,0.3333333333333333,0.05555555555555555,0.04,-0.26666666666666666,0.015555555555555552
51,0,1,9,85,87,0.6500000000000001,0.5,85,0,1,-171329.2207899054,0.5,0.5,0.5,0.08333333333333333,0.08333333333333333,0.0,0.0
51,0,1,10,86,87,0.8,0.5,86,0,1,-171338.2215032343,0.6666666666666666,0.5,0.6666666666666666,0.05555555555555555,0.08333333333333333,0.16666666666666663,-0.027777777777777776
51,0,1,11,86,87,0.8,0.5,86,0,0,-171341.55617678844,0.6666666666666666,0.5,0.5,0.05555555555555555,0.05,0.16666666666666663,0.00555555555555555
51,0,1,12,86,87,0.8,0.5,87,1,0,-171344.60617971836,0.5,0.6,0.5,0.08333333333333333,0.04,-0.09999999999999998,0.04333333333333333
51,0,1,13,85,86,0.6500000000000001,0.8,85,0,0,-171355.526241484,0.6,0.6666666666666666,0.6666666666666666,0.04,0.05555555555555555,-0.06666666666666665,-0.015555555555555552
51,0,1,14,84,88,0.2,0.35,88,1,0,-171360.32529720102,0.25,0.75,0.75,0.0375,0.0375,-0.5,0.0
51,0,1,15,85,87,0.6500000000000001,0.5,85,0,0,-171363.3750029422,0.25,0.6,0.6,0.0375,0.04,-0.35,-0.0025000000000000022
51,0,1,16,84,85,0.2,0.6500000000000001,84,0,1,-171367.70980264965,0.25,0.6,0.6,0.0375,0.04,-0.35,-0.0025000000000000022
51,0,1,17,85,87,0.6500000000000001,0.5,85,0,1,-171372.88944730055,0.6666666666666666,0.8,0.8,0.05555555555555555,0.02666666666666667,-0.13333333333333341,0.028888888888888884
51,0,1,18,85,87,0.6500000000000001,0.5,85,0,1,-171377.46726585922,0.6666666666666666,0.6666666666666666,0.6666666666666666,0.031746031746031744,0.031746031746031744,0.0,0.0
51,0,1,19,86,88,0.8,0.35,86,0,1,-171381.04541692798,0.5714285714285714,0.6666666666666666,0.6666666666666666,0.030612244897959183,0.031746031746031744,-0.09523809523809523,-0.0011337868480725613
51,0,1,20,84,85,0.2,0.6500000000000001,84,0,1,-171386.95904149895,0.6666666666666666,0.7142857142857143,0.7142857142857143,0.05555555555555555,0.025510204081632654,-0.04761904761904767,0.0300453514739229
51,0,1,21,85,87,0.6500000000000001,0.5,87,1,1,-171398.3017605842,0.25,0.5,0.25,0.0375,0.03571428571428571,-0.25,0.0017857142857142863
51,0,2,0,91,92,0.5,0.6,91,0,0,-171426.7273438475,0.5,0.5,0.5,0.08333333333333333,0.08333333333333333,0.0,0.0
51,0,2,1,92,94,0.6,0.55,94,1,1,-171434.86205650272,0.5,0.5,0.5,0.08333333333333333,0.08333333333333333,0.0,0.0
51,0,2,2,92,94,0.6,0.55,94,1,0,-171440.5488941684,0.5,0.3333333333333333,0.5,0.08333333333333333,0.05555555555555555,0.16666666666666669,0.027777777777777776
51,0,2,3,92,94,0.6,0.55,94,1,0,-171444.302590702,0.6666666666666666,0.3333333333333333,0.6666666666666666,0.05555555555555555,0.05555555555555555,0.3333333333333333,0.0
51,0,2,4,91,92,0.5,0.6,91,0,0,-171452.38258733982,0.75,0.3333333333333333,0.3333333333333333,0.0375,0.05555555555555555,0.4166666666666667,-0.018055555555555554
51,0,2,5,90,93,0.45,0.2,93,1,0,-171458.69827157122,0.5,0.5,0.5,0.08333333333333333,0.08333333333333333,0.0,0.0
51,0,2,6,92,93,0.6,0.2,92,0,1,-171464.38509254297,0.3333333333333333,0.6666666666666666,0.6666666666666666,0.05555555555555555,0.05555555555555555,-0.3333333333333333,0.0
51,0,2,7,91,92,0.5,0.6,92,1,1,-171470.4437085808,0.3333333333333333,0.5,0.5,0.05555555555555555,0.05,-0.16666666666666669,0.00555555555555555
51,0,2,8,90,91,0.45,0.5,90,0,0,-171476.17333445844,0.5,0.4,0.5,0.08333333333333333,0.04,0.09999999999999998,0.04333333333333333
51,0,2,9,92,94,0.6,0.55,92,0,1,-171483.48865510974,0.75,0.5,0.75,0.0375,0.05,0.25,-0.012500000000000004
51,0,2,10,91,93,0.5,0.2,93,1,0,-171487.30595226644,0.6666666666666666,0.4,0.6666666666666666,0.05555555555555555,0.04,0.2666666666666666,0.015555555555555552
51,0,2,11,91,92,0.5,0.6,92,1,0,-171491.94814194983,0.8,0.75,0.75,0.02666666666666667,0.0375,0.050000000000000044,-0.01083333333333333
51,0,2,12,93,94,0.2,0.55,94,1,1,-171495.50879385462,0.6,0.5,0.5,0.04,0.05,0.09999999999999998,-0.010000000000000002
51,0,2,13,90,93,0.45,0.2,93,1,0,-171500.66354305667,0.8,0.4,0.8,0.02666666666666667,0.04,0.4,-0.013333333333333332
51,0,2,14,90,94,0.45,0.55,94,1,1,-171503.15818605435,0.3333333333333333,0.4,0.3333333333333333,0.05555555555555555,0.04,-0.06666666666666671,0.015555555555555552
51,0,2,15,92,94,0.6,0.55,94,1,1,-171515.2273798516,0.6,0.4,0.6,0.04,0.04,0.19999999999999996,0.0
51,0,2,16,90,92,0.45,0.6,90,0,0,-171521.09249216702,0.5,0.4,0.4,0.03571428571428571,0.04,0.09999999999999998,-0.0042857142857142885
51,0,2,17,92,94,0.6,0.55,94,1,1,-171530.6290328451,0.8333333333333334,0.5,0.8333333333333334,0.01984126984126984,0.03571428571428571,0.33333333333333337,-0.015873015873015872
51,0,2,18,92,94,0.6,0.55,94,1,0,-171532.45937400166,0.7142857142857143,0.5,0.7142857142857143,0.025510204081632654,0.03571428571428571,0.2142857142857143,-0.010204081632653059
51,0,3,0,97,98,0.5,0.35,97,0,0,-171565.80554480836,0.75,0.5,0.5,0.020833333333333332,0.03571428571428571,0.25,-0.01488095238095238
51,0,3,1,98,100,0.35,0.6500000000000001,98,0,1,-171573.17518092078,0.75,0.5,0.5,0.020833333333333332,0.03571428571428571,0.25,-0.01488095238095238
51,0,3,2,97,100,0.5,0.6500000000000001,100,1,1,-171577.9935902089,0.25,0.5714285714285714,0.5714285714285714,0.0375,0.030612244897959183,-0.3214285714285714,0.006887755102040816
51,0,3,3,97,100,0.5,0.6500000000000001,97,0,0,-171582.45663427407,0.4,0.42857142857142855,0.42857142857142855,0.04,0.030612244897959183,-0.028571428571428525,0.009387755102040818
51,0,3,4,97,100,0.5,0.6500000000000001,100,1,1,-171590.1407319104,0.5,0.5,0.5,0.08333333333333333,0.08333333333333333,0.0,0.0
51,0,3,5,97,98,0.5,0.35,98,1,0,-171591.7646712466,0.5,0.5,0.5,0.08333333333333333,0.08333333333333333,0.0,0.0
51,0,3,6,97,98,0.5,0.35,97,0,0,-171601.45581533856,0.5,0.6666666666666666,0.6666666666666666,0.08333333333333333,0.05555555555555555,-0.16666666666666663,0.027777777777777776
51,0,3,7,97,100,0.5,0.6500000000000001,97,0,1,-171604.36804730623,0.5,0.75,0.75,0.08333333333333333,0.0375,-0.25,0.04583333333333333
51,0,3,8,97,100,0.5,0.6500000000000001,97,0,1,-171610.95725164487,0.3333333333333333,0.8,0.8,0.05555555555555555,0.02666666666666667,-0.46666666666666673,0.028888888888888884
51,0,3,9,98,100,0.35,0.6500000000000001,100,1,1,-171616.1863861716,0.3333333333333333,0.5,0.3333333333333333,0.05555555555555555,0.08333333333333333,-0.16666666666666669,-0.027777777777777776
51,0,3,10,97,98,0.5,0.35,98,1,1,-171618.531696823,0.5,0.6666666666666666,0.6666666666666666,0.08333333333333333,0.031746031746031744,-0.16666666666666663,0.051587301587301584
51,0,3,11,97,98,0.5,0.35,98,1,1,-171627.63753551044,0.5,0.7142857142857143,0.7142857142857143,0.08333333333333333,0.025510204081632654,-0.2142857142857143,0.057823129251700675
51,0,3,12,98,100,0.35,0.6500000000000001,100,1,1,-171632.6123074567,0.5,0.75,0.75,0.08333333333333333,0.020833333333333332,-0.25,0.0625
51,0,3,13,98,100,0.35,0.6500000000000001,100,1,1,-171636.5622678905,0.5,0.7777777777777778,0.7777777777777778,0.08333333333333333,0.01728395061728395,-0.2777777777777778,0.06604938271604938
51,0,3,14,98,100,0.35,0.6500000000000001,98,0,0,-171641.4989911179,0.25,0.8,0.8,0.0375,0.014545454545454545,-0.55,0.022954545454545453
51,0,3,15,96,99,0.2,0.8,99,1,1,-171641.5398713511,0.5,0.8181818181818182,0.8181818181818182,0.08333333333333333,0.012396694214876033,-0.31818181818181823,0.0709366391184573
51,0,3,16,97,100,0.5,0.6500000000000001,97,0,1,-171650.775297006,0.25,0.5,0.25,0.0375,0.08333333333333333,-0.25,-0.04583333333333333
51,0,3,17,96,100,0.2,0.6500000000000001,96,0,0,-171657.41565445537,0.2,0.5,0.5,0.02666666666666667,0.08333333333333333,-0.3,-0.05666666666666666
51,0,3,18,96,99,0.2,0.8,99,1,1,-171661.2922769031,0.2,0.3333333333333333,0.2,0.02666666666666667,0.05555555555555555,-0.1333333333333333,-0.028888888888888884
51,0,3,19,97,100,0.5,0.6500000000000001,97,0,0,-171665.44244257707,0.5,0.5,0.5,0.08333333333333333,0.08333333333333333,0.0,0.0
51,0,3,20,96,98,0.2,0.35,96,0,0,-171673.22692553976,0.3333333333333333,0.8333333333333334,0.8333333333333334,0.05555555555555555,0.010683760683760684,-0.5,0.044871794871794865
51,0,3,21,97,98,0.5,0.35,98,1,0,-171676.81899889035,0.16666666666666666,0.3333333333333333,0.16666666666666666,0.01984126984126984,0.05555555555555555,-0.16666666666666666,-0.03571428571428571
51,0,3,22,98,99,0.35,0.8,99,1,1,-171683.10158818014,0.3333333333333333,0.5,0.5,0.05555555555555555,0.08333333333333333,-0.16666666666666669,-0.027777777777777776
51,0,4,0,104,106,0.55,0.5,104,0,0,-171714.8059566344,0.6666666666666666,0.8461538461538461,0.6666666666666666,0.05555555555555555,0.009298393913778529,-0.17948717948717952,0.046257161641777025
51,0,4,1,103,106,0.45,0.5,106,1,1,-171714.94237236734,0.6666666666666666,0.3333333333333333,0.6666666666666666,0.05555555555555555,0.05555555555555555,0.3333333333333333,0.0
51,0,4,2,104,106,0.55,0.5,104,0,1,-171715.1256829658,0.14285714285714285,0.8461538461538461,0.8461538461538461,0.015306122448979591,0.009298393913778529,-0.7032967032967032,0.006007728535201063
51,0,4,3,103,104,0.45,0.55,103,0,1,-171750.78163722533,0.5,0.5,0.5,0.08333333333333333,0.08333333333333333,0.0,0.0
51,0,4,4,103,104,0.45,0.55,104,1,0,-171756.0194350616,0.5,0.5,0.5,0.08333333333333333,0.08333333333333333,0.0,0.0
51,0,4,5,103,106,0.45,0.5,106,1,0,-171752.33419809007,0.6666666666666666,0.6666666666666666,0.6666666666666666,0.05555555555555555,0.05555555555555555,0.0,0.0
51,0,4,6,103,106,0.45,0.5,106,1,1,-171772.86298257904,0.5,0.75,0.75,0.08333333333333333,0.0375,-0.25,0.04583333333333333
51,0,4,7,103,104,0.45,0.55,103,0,1,-171777.97258922533,0.5,0.5,0.5,0.08333333333333333,0.08333333333333333,0.0,0.0
51,0,4,8,102,105,0.2,0.6,102,0,0,-171782.69954110094,0.5,0.6666666666666666,0.5,0.08333333333333333,0.05555555555555555,-0.16666666666666663,0.027777777777777776
51,0,4,9,102,104,0.2,0.55,102,0,0,-171786.91626517568,0.6666666666666666,0.6666666666666666,0.6666666666666666,0.05555555555555555,0.05555555555555555,0.0,0.0
51,0,4,10,102,103,0.2,0.45,103,1,0,-171789.95145284466,0.5,0.6666666666666666,0.5,0.08333333333333333,0.05555555555555555,-0.16666666666666663,0.027777777777777776
51,0,4,11,104,105,0.55,0.6,104,0,0,-171795.0924784219,0.3333333333333333,0.6666666666666666,0.3333333333333333,0.05555555555555555,0.05555555555555555,-0.3333333333333333,0.0
51,0,4,12,103,106,0.45,0.5,106,1,0,-171799.65765080255,0.75,0.6,0.6,0.0375,0.04,0.15000000000000002,-0.0025000000000000022
51,0,4,13,102,103,0.2,0.45,103,1,0,-171806.47296389448,0.6666666666666666,0.25,0.6666666666666666,0.031746031746031744,0.0375,0.41666666666666663,-0.005753968253968254
51,0,4,14,102,106,0.2,0.5,102,0,0,-171809.68284067724,0.7142857142857143,0.6666666666666666,0.7142857142857143,0.025510204081632654,0.05555555555555555,0.04761904761904767,-0.0300453514739229
51,0,4,15,102,106,0.2,0.5,102,0,0,-171815.3891773837,0.75,0.6666666666666666,0.75,0.020833333333333332,0.05555555555555555,0.08333333333333337,-0.034722222222222224
51,0,4,16,105,106,0.6,0.5,106,1,1,-171820.59499273004,0.7777777777777778,0.6666666666666666,0.7777777777777778,0.01728395061728395,0.05555555555555555,0.11111111111111116,-0.0382716049382716
51,0,4,17,103,105,0.45,0.6,105,1,1,-171824.50421357827,0.75,0.6666666666666666,0.6666666666666666,0.0375,0.05555555555555555,0.08333333333333337,-0.018055555555555554
51,0,4,18,102,104,0.2,0.55,104,1,1,-171826.53793140734,0.7,0.25,0.25,0.019090909090909092,0.0375,0.44999999999999996,-0.018409090909090906
51,0,4,19,104,106,0.55,0.5,104,0,0,-171834.89149628126,0.6666666666666666,0.75,0.6666666666666666,0.05555555555555555,0.0375,-0.08333333333333337,0.018055555555555554
51,0,4,20,102,103,0.2,0.45,103,1,1,-171838.24768354997,0.2,0.5,0.5,0.02666666666666667,0.05,-0.3,-0.023333333333333334
51,1,0,0,168,170,0.2,0.6,168,0,0,-172220.06245582548,0.5,0.5,0.5,0.08333333333333333,0.08333333333333333,0.0,0.0
51,1,0,1,170,171,0.6,0.55,170,0,1,-172228.92773796356,0.5,0.5,0.5,0.08333333333333333,0.08333333333333333,0.0,0.0
51,1,0,2,168,170,0.2,0.6,168,0,0,-172233.9266600615,0.3333333333333333,0.6666666666666666,0.6666666666666666,0.05555555555555555,0.05555555555555555,-0.3333333333333333,0.0
51,1,0,3,168,171,0.2,0.55,171,1,0,-172239.37563918147,0.5,0.3333333333333333,0.5,0.08333333333333333,0.05555555555555555,0.16666666666666669,0.027777777777777776
51,1,0,4,168,170,0.2,0.6,170,1,0,-172244.2876492438,0.6666666666666666,0.3333333333333333,0.6666666666666666,0.05555555555555555,0.05555555555555555,0.3333333333333333,0.0
51,1,0,5,168,171,0.2,0.55,171,1,1,-172248.5415717465,0.3333333333333333,0.75,0.75,0.05555555555555555,0.0375,-0.4166666666666667,0.018055555555555554
51,1,0,6,170,171,0.6,0.55,170,0,1,-172253.34888089003,0.3333333333333333,0.8,0.8,0.05555555555555555,0.02666666666666667,-0.46666666666666673,0.028888888888888884
51,1,0,7,168,171,0.2,0.55,168,0,0,-172256.84718226278,0.75,0.8333333333333334,0.8333333333333334,0.0375,0.01984126984126984,-0.08333333333333337,0.01765873015873016
51,1,0,8,170,171,0.6,0.55,170,0,1,-172265.23001599562,0.75,0.8571428571428571,0.8571428571428571,0.0375,0.015306122448979591,-0.1071428571428571,0.022193877551020407
51,1,0,9,170,171,0.6,0.55,170,0,1,-172268.60163448795,0.3333333333333333,0.875,0.875,0.05555555555555555,0.012152777777777778,-0.5416666666666667,0.043402777777777776
51,1,0,10,170,171,0.6,0.55,170,0,0,-172274.01241180755,0.3333333333333333,0.8888888888888888,0.8888888888888888,0.05555555555555555,0.009876543209876543,-0.5555555555555556,0.04567901234567901
51,1,0,11,170,171,0.6,0.55,170,0,0,-172278.95188915386,0.3333333333333333,0.9,0.9,0.05555555555555555,0.008181818181818182,-0.5666666666666667,0.047373737373737373
51,1,0,12,168,171,0.2,0.55,168,0,0,-172283.59166916157,0.75,0.9090909090909091,0.9090909090909091,0.0375,0.006887052341597796,-0.15909090909090906,0.030612947658402202
51,1,0,13,169,172,0.5,0.45,169,0,0,-172283.23730900275,0.3333333333333333,0.9166666666666666,0.9166666666666666,0.05555555555555555,0.005876068376068376,-0.5833333333333333,0.049679487179487176
51,1,0,14,171,172,0.55,0.45,172,1,0,-172295.36828803568,0.5,0.5,0.5,0.08333333333333333,0.08333333333333333,0.0,0.0
51,1,0,15,169,172,0.5,0.45,172,1,1,-172301.48588595464,0.5,0.3333333333333333,0.5,0.08333333333333333,0.05555555555555555,0.16666666666666669,0.027777777777777776
51,1,0,16,169,171,0.5,0.55,171,1,0,-172305.71914218998,0.3333333333333333,0.3333333333333333,0.3333333333333333,0.05555555555555555,0.05555555555555555,0.0,0.0
51,1,0,17,168,170,0.2,0.6,168,0,0,-172310.74075373012,0.3333333333333333,0.9230769230769231,0.3333333333333333,0.05555555555555555,0.00507185122569738,-0.5897435897435899,0.05048370432985817
51,1,0,18,168,170,0.2,0.6,168,0,0,-172315.82881428063,0.25,0.75,0.75,0.0375,0.0375,-0.5,0.0
51,1,1,0,174,175,0.2,0.5,175,1,1,-172341.81330614013,0.5,0.5,0.5,0.08333333333333333,0.08333333333333333,0.0,0.0
51,1,1,1,174,178,0.2,0.55,174,0,0,-172348.43393395917,0.5,0.5,0.5,0.08333333333333333,0.08333333333333333,0.0,0.0
51,1,1,2,175,178,0.5,0.55,178,1,1,-172355.67916388612,0.6666666666666666,0.6666666666666666,0.6666666666666666,0.05555555555555555,0.05555555555555555,0.0,0.0
51,1,1,3,174,175,0.2,0.5,174,0,1,-172359.00453547802,0.75,0.5,0.5,0.0375,0.08333333333333333,0.25,-0.04583333333333333
51,1,1,4,174,178,0.2,0.55,178,1,0,-172365.14635095818,0.75,0.6666666666666666,0.75,0.0375,0.05555555555555555,0.08333333333333337,-0.018055555555555554
51,1,1,5,174,178,0.2,0.55,178,1,0,-172372.7814725473,0.6666666666666666,0.6666666666666666,0.6666666666666666,0.05555555555555555,0.05555555555555555,0.0,0.0
51,1,1,6,175,178,0.5,0.55,178,1,1,-172377.71149262434,0.5,0.6666666666666666,0.5,0.05,0.05555555555555555,-0.16666666666666663,-0.00555555555555555
51,1,1,7,174,175,0.2,0.5,174,0,0,-172381.20999830167,0.6,0.4,0.4,0.04,0.04,0.19999999999999996,0.0
51,1,1,8,174,178,0.2,0.55,178,1,1,-172387.7566703931,0.6,0.6666666666666666,0.6666666666666666,0.04,0.05555555555555555,-0.06666666666666665,-0.015555555555555552
51,1,1,9,175,178,0.5,0.55,178,1,1,-172388.0949185859,0.6,0.3333333333333333,0.6,0.04,0.031746031746031744,0.26666666666666666,0.008253968253968257
51,1,1,10,176,177,0.45,0.6,176,0,0,-172401.50615929894,0.5,0.3333333333333333,0.5,0.03571428571428571,0.031746031746031744,0.16666666666666669,0.003968253968253968
51,1,1,11,174,175,0.2,0.5,174,0,0,-172408.21439641743,0.3333333333333333,0.5,0.5,0.031746031746031744,0.05,-0.16666666666666669,-0.01825396825396826
51,1,1,12,175,177,0.5,0.6,177,1,1,-172411.95018086332,0.5714285714285714,0.3333333333333333,0.5714285714285714,0.030612244897959183,0.031746031746031744,0.23809523809523808,-0.0011337868480725613
51,1,1,13,174,175,0.2,0.5,174,0,1,-172419.9273760781,0.5,0.5,0.5,0.08333333333333333,0.08333333333333333,0.0,0.0
51,1,1,14,176,177,0.45,0.6,176,0,1,-172417.6733842393,0.625,0.3333333333333333,0.625,0.026041666666666668,0.05555555555555555,0.2916666666666667,-0.029513888888888885
51,1,1,15,175,177,0.5,0.6,177,1,0,-172438.73115171617,0.3333333333333333,0.4,0.4,0.031746031746031744,0.04,-0.06666666666666671,-0.008253968253968257
51,1,1,16,174,177,0.2,0.6,174,0,0,-172443.36883275458,0.5,0.3333333333333333,0.3333333333333333,0.08333333333333333,0.031746031746031744,0.16666666666666669,0.051587301587301584
51,1,1,17,174,178,0.2,0.55,178,1,1,-172445.869754015,0.5,0.2857142857142857,0.5,0.08333333333333333,0.025510204081632654,0.2142857142857143,0.057823129251700675
51,1,1,18,174,175,0.2,0.5,175,1,1,-172452.34462312015,0.5,0.5,0.5,0.08333333333333333,0.08333333333333333,0.0,0.0
51,1,1,19,175,176,0.5,0.45,175,0,1,-172465.53669497772,0.5,0.5,0.5,0.08333333333333333,0.08333333333333333,0.0,0.0
51,1,1,20,175,177,0.5,0.6,177,1,0,-172470.48761149702,0.3333333333333333,0.5,0.5,0.05555555555555555,0.08333333333333333,-0.16666666666666669,-0.027777777777777776
51,1,1,21,174,177,0.2,0.6,177,1,0,-172475.73238267642,0.3333333333333333,0.6666666666666666,0.6666666666666666,0.05555555555555555,0.05555555555555555,-0.3333333333333333,0.0
51,1,2,0,182,184,0.45,0.6,184,1,1,-172510.96898902138,0.3333333333333333,0.6666666666666666,0.6666666666666666,0.05555555555555555,0.05555555555555555,-0.3333333333333333,0.0
51,1,2,1,180,182,0.5,0.45,182,1,0,-172513.9320534275,0.75,0.5,0.5,0.0375,0.05,0.25,-0.012500000000000004
51,1,2,2,180,182,0.5,0.45,180,0,0,-172520.9379519996,0.75,0.4,0.75,0.0375,0.04,0.35,-0.0025000000000000022
51,1,2,3,180,184,0.5,0.6,184,1,1,-172524.93679614124,0.8,0.4,0.8,0.02666666666666667,0.04,0.4,-0.013333333333333332
51,1,2,4,182,184,0.45,0.6,182,0,0,-172527.88277484453,0.3333333333333333,0.6666666666666666,0.3333333333333333,0.05555555555555555,0.031746031746031744,-0.3333333333333333,0.023809523809523808
51,1,2,5,182,184,0.45,0.6,184,1,0,-172537.57182847735,0.5,0.5,0.5,0.08333333333333333,0.08333333333333333,0.0,0.0
51,1,2,6,181,183,0.2,0.55,183,1,0,-172538.58764121725,0.5,0.4,0.4,0.05,0.04,0.09999999999999998,0.010000000000000002
51,1,2,7,180,184,0.5,0.6,180,0,0,-172547.90960750263,0.5,0.6666666666666666,0.6666666666666666,0.05,0.031746031746031744,-0.16666666666666663,0.01825396825396826
51,1,2,8,180,181,0.5,0.2,180,0,1,-172551.96412915012,0.5,0.5714285714285714,0.5714285714285714,0.05,0.030612244897959183,-0.0714285714285714,0.01938775510204082
51,1,2,9,182,184,0.45,0.6,184,1,0,-172552.58491180366,0.5,0.625,0.625,0.05,0.026041666666666668,-0.125,0.023958333333333335
51,1,2,10,181,183,0.2,0.55,181,0,0,-172564.84084673494,0.6666666666666666,0.5,0.6666666666666666,0.022222222222222223,0.03571428571428571,0.16666666666666663,-0.01349206349206349
51,1,2,11,181,182,0.2,0.45,182,1,1,-172571.91112171597,0.7,0.3333333333333333,0.7,0.019090909090909092,0.05555555555555555,0.36666666666666664,-0.036464646464646464
51,1,2,12,180,184,0.5,0.6,180,0,1,-172575.642922756,0.5,0.5,0.5,0.05,0.08333333333333333,0.0,-0.033333333333333326
51,1,2,13,183,184,0.55,0.6,183,0,1,-172581.25913894232,0.7272727272727273,0.3333333333333333,0.7272727272727273,0.01652892561983471,0.05555555555555555,0.393939393939394,-0.03902662993572084
51,1,2,14,180,181,0.5,0.2,180,0,1,-172582.47047848592,0.5,0.75,0.75,0.05,0.014423076923076924,-0.25,0.035576923076923075
51,1,2,15,181,183,0.2,0.55,183,1,1,-172591.08717908448,0.7692307692307693,0.3333333333333333,0.7692307692307693,0.01267962806424345,0.05555555555555555,0.43589743589743596,-0.0428759274913121
51,1,2,16,181,184,0.2,0.6,184,1,1,-172596.90679144402,0.3333333333333333,0.3333333333333333,0.3333333333333333,0.05555555555555555,0.05555555555555555,0.0,0.0
51,1,2,17,181,183,0.2,0.55,183,1,1,-172606.68606704334,0.25,0.5,0.5,0.0375,0.03571428571428571,-0.25,0.0017857142857142863
51,1,2,18,181,182,0.2,0.45,181,0,1,-172619.87643973544,0.3333333333333333,0.42857142857142855,0.3333333333333333,0.05555555555555555,0.030612244897959183,-0.09523809523809523,0.02494331065759637
51,1,2,19,180,184,0.5,0.6,184,1,1,-172627.22758916867,0.5,0.5,0.5,0.08333333333333333,0.08333333333333333,0.0,0.0
51,1,2,20,180,183,0.5,0.55,183,1,0,-172631.30232026297,0.5,0.5,0.5,0.08333333333333333,0.08333333333333333,0.0,0.0
51,1,2,21,181,184,0.2,0.6,184,1,1,-172638.58823954387,0.5,0.6666666666666666,0.6666666666666666,0.08333333333333333,0.05555555555555555,-0.16666666666666663,0.027777777777777776
51,1,2,22,180,182,0.5,0.45,182,1,0,-172643.38846803978,0.75,0.6666666666666666,0.75,0.0375,0.05555555555555555,0.08333333333333337,-0.018055555555555554
51,1,3,0,187,190,0.2,0.5,190,1,0,-172672.99692992083,0.6,0.6666666666666666,0.6,0.04,0.05555555555555555,-0.06666666666666665,-0.015555555555555552
51,1,3,1,186,187,0.6500000000000001,0.2,187,1,0,-172679.1068683502,0.5,0.6666666666666666,0.6666666666666666,0.08333333333333333,0.031746031746031744,-0.16666666666666663,0.051587301587301584
51,1,3,2,187,190,0.2,0.5,187,0,0,-172683.14882161503,0.5,0.6666666666666666,0.6666666666666666,0.08333333333333333,0.05555555555555555,-0.16666666666666663,0.027777777777777776
51,1,3,3,186,190,0.6500000000000001,0.5,186,0,1,-172686.6687485395,0.7142857142857143,0.5,0.7142857142857143,0.025510204081632654,0.05,0.2142857142857143,-0.02448979591836735
51,1,3,4,188,189,0.8,0.35,188,0,1,-172693.0516028354,0.5,0.5,0.5,0.08333333333333333,0.08333333333333333,0.0,0.0
51,1,3,5,186,187,0.6500000000000001,0.2,187,1,0,-172697.72831622916,0.3333333333333333,0.5,0.5,0.05555555555555555,0.05,-0.16666666666666669,0.00555555555555555
51,1,3,6,187,189,0.2,0.35,187,0,0,-172701.58339957558,0.625,0.6,0.6,0.026041666666666668,0.04,0.025000000000000022,-0.013958333333333333
51,1,3,7,188,189,0.8,0.35,189,1,1,-172708.0536563594,0.625,0.5,0.5,0.026041666666666668,0.03571428571428571,0.125,-0.009672619047619044
51,1,3,8,186,188,0.6500000000000001,0.8,186,0,0,-172712.66902562318,0.625,0.42857142857142855,0.625,0.026041666666666668,0.030612244897959183,0.19642857142857145,-0.004570578231292515
51,1,3,9,188,190,0.8,0.5,188,0,1,-172716.46710206097,0.6666666666666666,0.42857142857142855,0.6666666666666666,0.022222222222222223,0.030612244897959183,0.23809523809523808,-0.00839002267573696
51,1,3,10,187,188,0.2,0.8,188,1,1,-172722.52457251705,0.3333333333333333,0.42857142857142855,0.3333333333333333,0.05555555555555555,0.030612244897959183,-0.09523809523809523,0.02494331065759637
51,1,3,11,187,190,0.2,0.5,187,0,0,-172725.61980535503,0.5,0.5,0.5,0.08333333333333333,0.05,0.0,0.033333333333333326
51,1,3,12,187,188,0.2,0.8,188,1,1,-172728.51029334866,0.5,0.5,0.5,0.05,0.08333333333333333,0.0,-0.033333333333333326
51,1,3,13,189,190,0.35,0.5,189,0,1,-172735.16272705104,0.5,0.6666666666666666,0.6666666666666666,0.05,0.05555555555555555,-0.16666666666666663,-0.00555555555555555
51,1,3,14,189,190,0.35,0.5,189,0,1,-172743.00351706112,0.7,0.42857142857142855,0.7,0.019090909090909092,0.030612244897959183,0.2714285714285714,-0.01152133580705009
51,1,3,15,189,190,0.35,0.5,189,0,0,-172751.10299251287,0.5,0.7272727272727273,0.7272727272727273,0.05,0.01652892561983471,-0.2272727272727273,0.03347107438016529
51,1,3,16,189,190,0.35,0.5,190,1,1,-172754.725560173,0.6666666666666666,0.5,0.5,0.05555555555555555,0.05,0.16666666666666663,0.00555555555555555
51,1,3,17,186,188,0.6500000000000001,0.8,188,1,1,-172760.84116873975,0.5,0.5,0.5,0.08333333333333333,0.08333333333333333,0.0,0.0
51,1,3,18,187,189,0.2,0.35,189,1,0,-172765.3827760244,0.5,0.5,0.5,0.08333333333333333,0.08333333333333333,0.0,0.0
51,1,3,19,187,188,0.2,0.8,187,0,0,-172767.4286043995,0.3333333333333333,0.6666666666666666,0.6666666666666666,0.05555555555555555,0.05555555555555555,-0.3333333333333333,0.0
51,1,3,20,186,189,0.6500000000000001,0.35,189,1,1,-172774.38076247138,0.3333333333333333,0.75,0.75,0.05555555555555555,0.0375,-0.4166666666666667,0.018055555555555554
51,1,4,0,192,196,0.45,0.6,192,0,0,-172808.93440148534,0.3333333333333333,0.5,0.3333333333333333,0.05555555555555555,0.08333333333333333,-0.16666666666666669,-0.027777777777777776
51,1,4,1,194,196,0.2,0.6,194,0,0,-172812.72109514076,0.5,0.6,0.5,0.08333333333333333,0.04,-0.09999999999999998,0.04333333333333333
51,1,4,2,194,196,0.2,0.6,196,1,1,-172816.2698119016,0.25,0.6,0.6,0.0375,0.04,-0.35,-0.0025000000000000022
51,1,4,3,192,196,0.45,0.6,196,1,1,-172823.43962400116,0.25,0.6666666666666666,0.6666666666666666,0.0375,0.031746031746031744,-0.41666666666666663,0.005753968253968254
51,1,4,4,192,196,0.45,0.6,196,1,1,-172827.3475480314,0.6666666666666666,0.7142857142857143,0.7142857142857143,0.05555555555555555,0.025510204081632654,-0.04761904761904767,0.0300453514739229
51,1,4,5,192,194,0.45,0.2,194,1,1,-172827.70447128575,0.6666666666666666,0.75,0.75,0.05555555555555555,0.020833333333333332,-0.08333333333333337,0.034722222222222224
51,1,4,6,192,194,0.45,0.2,194,1,0,-172837.97011411883,0.5,0.5,0.5,0.08333333333333333,0.08333333333333333,0.0,0.0
51,1,4,7,192,196,0.45,0.6,192,0,0,-172846.05425285548,0.3333333333333333,0.7777777777777778,0.7777777777777778,0.05555555555555555,0.01728395061728395,-0.4444444444444445,0.0382716049382716
51,1,4,8,192,194,0.45,0.2,192,0,1,-172848.94295136494,0.3333333333333333,0.8,0.8,0.05555555555555555,0.014545454545454545,-0.46666666666666673,0.04101010101010101
51,1,4,9,194,196,0.2,0.6,196,1,0,-172855.07613609455,0.5,0.8181818181818182,0.8181818181818182,0.08333333333333333,0.012396694214876033,-0.31818181818181823,0.0709366391184573
51,1,4,10,192,196,0.45,0.6,196,1,0,-172861.62008293756,0.6666666666666666,0.3333333333333333,0.3333333333333333,0.05555555555555555,0.05555555555555555,0.3333333333333333,0.0
51,1,4,11,193,195,0.5,0.55,193,0,1,-172871.54163794784,0.6666666666666666,0.5,0.5,0.05555555555555555,0.08333333333333333,0.16666666666666663,-0.027777777777777776
51,1,4,12,194,196,0.2,0.6,196,1,0,-172876.52816525605,0.25,0.5,0.5,0.0375,0.05,-0.25,-0.012500000000000004
51,1,4,13,192,196,0.45,0.6,196,1,1,-172880.57472433543,0.6,0.3333333333333333,0.6,0.04,0.05555555555555555,0.26666666666666666,-0.015555555555555552
51,1,4,14,192,193,0.45,0.5,193,1,0,-172886.00293418372,0.3333333333333333,0.75,0.3333333333333333,0.05555555555555555,0.014423076923076924,-0.4166666666666667,0.041132478632478625
51,1,4,15,192,194,0.45,0.2,192,0,1,-172889.2655722338,0.6666666666666666,0.25,0.25,0.05555555555555555,0.0375,0.41666666666666663,0.018055555555555554
51,1,4,16,193,194,0.5,0.2,193,0,0,-172896.10075227357,0.25,0.2,0.25,0.0375,0.02666666666666667,0.04999999999999999,0.01083333333333333
51,1,4,17,192,196,0.45,0.6,196,1,1,-172904.90903563052,0.2,0.75,0.75,0.02666666666666667,0.014423076923076924,-0.55,0.012243589743589745
53,0,0,0,80,83,0.35,0.8,80,0,0,-4046.516750018469,0.5,0.5,0.5,0.08333333333333333,0.08333333333333333,0.0,0.0
53,0,0,1,80,82,0.35,0.5,82,1,0,-4129.48819562817,0.5,0.3333333333333333,0.3333333333333333,0.08333333333333333,0.05555555555555555,0.16666666666666669,0.027777777777777776
53,0,0,2,79,83,0.6500000000000001,0.8,83,1,0,-4134.388456063239,0.5,0.5,0.5,0.08333333333333333,0.08333333333333333,0.0,0.0
53,0,0,3,80,83,0.35,0.8,80,0,0,-4139.5953935221305,0.5,0.3333333333333333,0.3333333333333333,0.08333333333333333,0.05555555555555555,0.16666666666666669,0.027777777777777776
53,0,0,4,82,83,0.5,0.8,82,0,1,-4146.592414528766,0.5,0.5,0.5,0.08333333333333333,0.05,0.0,0.033333333333333326
53,0,0,5,79,80,0.6500000000000001,0.35,79,0,1,-4152.393340686132,0.5,0.25,0.25,0.08333333333333333,0.0375,0.25,0.04583333333333333
53,0,0,6,82,83,0.5,0.8,82,0,0,-4161.396661384922,0.5,0.5,0.5,0.08333333333333333,0.08333333333333333,0.0,0.0
53,0,0,7,80,81,0.35,0.2,81,1,0,-4166.185853729279,0.4,0.5,0.4,0.04,0.08333333333333333,-0.09999999999999998,-0.04333333333333333
53,0,0,8,79,81,0.6500000000000001,0.2,79,0,0,-4170.450339572455,0.5,0.2,0.2,0.08333333333333333,0.02666666666666667,0.3,0.05666666666666666
53,0,0,9,80,83,0.35,0.8,83,1,1,-4176.441564618398,0.5,0.3333333333333333,0.5,0.08333333333333333,0.05555555555555555,0.16666666666666669,0.027777777777777776
53,0,0,10,79,83,0.6500000000000001,0.8,83,1,0,-4182.052965892213,0.6666666666666666,0.5,0.6666666666666666,0.05555555555555555,0.08333333333333333,0.16666666666666663,-0.027777777777777776
53,0,0,11,82,83,0.5,0.8,82,0,1,-4184.233608270075,0.16666666666666666,0.5,0.5,0.01984126984126984,0.08333333333333333,-0.33333333333333337,-0.06349206349206349
53,0,0,12,79,80,0.6500000000000001,0.35,79,0,1,-4193.313846787263,0.3333333333333333,0.16666666666666666,0.16666666666666666,0.05555555555555555,0.01984126984126984,0.16666666666666666,0.03571428571428571
53,0,0,13,82,83,0.5,0.8,83,1,1,-4198.150947137431,0.5,0.6666666666666666,0.6666666666666666,0.03571428571428571,0.05555555555555555,-0.16666666666666663,-0.01984126984126984
53,0,0,14,79,80,0.6500000000000001,0.35,79,0,1,-4203.473135665359,0.5,0.5,0.5,0.03571428571428571,0.05,0.0,-0.01428571428571429
53,0,0,15,79,81,0.6500000000000001,0.2,81,1,0,-4207.151097252344,0.2857142857142857,0.5,0.5,0.025510204081632654,0.03571428571428571,-0.2142857142857143,-0.010204081632653059
53,0,0,16,80,83,0.35,0.8,83,1,1,-4213.147183223113,0.42857142857142855,0.4,0.4,0.030612244897959183,0.04,0.028571428571428525,-0.009387755102040818
53,0,0,17,82,83,0.5,0.8,83,1,0,-4215.919674159602,0.5,0.2857142857142857,0.5,0.05,0.025510204081632654,0.2142857142857143,0.02448979591836735
53,0,0,18,81,83,0.2,0.8,81,0,0,-4225.456306645798,0.2857142857142857,0.5,0.5,0.025510204081632654,0.03571428571428571,-0.2142857142857143,-0.010204081632653059
53,0,0,19,80,82,0.35,0.5,82,1,1,-4232.307136158803,0.3333333333333333,0.2857142857142857,0.3333333333333333,0.05555555555555555,0.025510204081632654,0.047619047619047616,0.0300453514739229
53,0,0,20,80,82,0.35,0.5,82,1,1,-4236.480175528696,0.5,0.5714285714285714,0.5,0.05,0.030612244897959183,-0.0714285714285714,0.01938775510204082
53,0,1,0,85,86,0.6500000000000001,0.35,86,1,0,-4264.696853684468,0.5,0.5,0.5,0.08333333333333333,0.08333333333333333,0.0,0.0
53,0,1,1,85,89,0.6500000000000001,0.5,85,0,1,-4271.949551272879,0.5,0.5,0.5,0.08333333333333333,0.08333333333333333,0.0,0.0
53,0,1,2,86,89,0.35,0.5,89,1,1,-4275.732751817716,0.6666666666666666,0.5,0.6666666666666666,0.05555555555555555,0.08333333333333333,0.16666666666666663,-0.027777777777777776
53,0,1,3,86,89,0.35,0.5,89,1,1,-4281.705479071202,0.3333333333333333,0.5,0.5,0.05555555555555555,0.08333333333333333,-0.16666666666666669,-0.027777777777777776
53,0,1,4,86,89,0.35,0.5,89,1,0,-4286.833030782882,0.3333333333333333,0.6666666666666666,0.6666666666666666,0.05555555555555555,0.05555555555555555,-0.3333333333333333,0.0
53,0,1,5,86,89,0.35,0.5,86,0,0,-4291.250397135952,0.75,0.5,0.75,0.0375,0.05,0.25,-0.012500000000000004
53,0,1,6,87,88,0.2,0.8,87,0,1,-4294.691677110701,0.5,0.5,0.5,0.08333333333333333,0.08333333333333333,0.0,0.0
53,0,1,7,87,88,0.2,0.8,87,0,0,-4300.037969104466,0.8,0.5,0.5,0.02666666666666667,0.05,0.30000000000000004,-0.023333333333333334
53,0,1,8,85,87,0.6500000000000001,0.2,87,1,1,-4306.871091670617,0.5,0.3333333333333333,0.5,0.08333333333333333,0.05555555555555555,0.16666666666666669,0.027777777777777776
53,0,1,9,88,89,0.8,0.5,88,0,1,-4310.197047697977,0.6666666666666666,0.6,0.6666666666666666,0.05555555555555555,0.04,0.06666666666666665,0.015555555555555552
53,0,1,10,87,88,0.2,0.8,88,1,1,-4316.132413717122,0.8,0.6,0.6,0.02666666666666667,0.04,0.20000000000000007,-0.013333333333333332
53,0,1,11,86,88,0.35,0.8,88,1,1,-4322.367032717685,0.3333333333333333,0.3333333333333333,0.3333333333333333,0.05555555555555555,0.05555555555555555,0.0,0.0
53,0,1,12,86,89,0.35,0.5,89,1,0,-4326.9372227431,0.75,0.3333333333333333,0.75,0.0375,0.05555555555555555,0.4166666666666667,-0.018055555555555554
53,0,1,13,86,87,0.35,0.2,87,1,1,-4336.376377689706,0.6,0.8,0.6,0.04,0.02666666666666667,-0.20000000000000007,0.013333333333333332
53,0,1,14,85,88,0.6500000000000001,0.8,88,1,0,-4340.454876078142,0.8,0.6666666666666666,0.6666666666666666,0.02666666666666667,0.031746031746031744,0.13333333333333341,-0.005079365079365076
53,0,1,15,87,88,0.2,0.8,87,0,0,-4345.20609950938,0.3333333333333333,0.5714285714285714,0.3333333333333333,0.05555555555555555,0.030612244897959183,-0.23809523809523808,0.02494331065759637
53,0,1,16,87,88,0.2,0.8,88,1,1,-4350.807929258242,0.5,0.5714285714285714,0.5,0.05,0.030612244897959183,-0.0714285714285714,0.01938775510204082
53,0,1,17,85,88,0.6500000000000001,0.8,88,1,1,-4353.304918305013,0.25,0.5714285714285714,0.5714285714285714,0.0375,0.030612244897959183,-0.3214285714285714,0.006887755102040816
53,0,1,18,86,89,0.35,0.5,86,0,0,-4356.9108670071055,0.6666666666666666,0.5,0.5,0.031746031746031744,0.027777777777777776,0.16666666666666663,0.003968253968253968
53,0,2,0,92,94,0.2,0.5,94,1,0,-4389.311967006537,0.6666666666666666,0.4444444444444444,0.6666666666666666,0.031746031746031744,0.024691358024691357,0.2222222222222222,0.007054673721340388
53,0,2,1,91,92,0.8,0.2,92,1,0,-4397.293546527164,0.5714285714285714,0.4,0.5714285714285714,0.030612244897959183,0.04,0.17142857142857137,-0.009387755102040818
53,0,2,2,91,94,0.8,0.5,91,0,1,-4400.7061428115785,0.8,0.4444444444444444,0.4444444444444444,0.02666666666666667,0.024691358024691357,0.3555555555555556,0.0019753086419753117
53,0,2,3,91,92,0.8,0.2,91,0,1,-4406.214745393554,0.8,0.4,0.8,0.02666666666666667,0.04,0.4,-0.013333333333333332
53,0,2,4,91,94,0.8,0.5,94,1,1,-4412.259884227994,0.5,0.5,0.5,0.08333333333333333,0.08333333333333333,0.0,0.0
53,0,2,5,93,95,0.6500000000000001,0.35,95,1,1,-4416.199432461194,0.5,0.5,0.5,0.08333333333333333,0.08333333333333333,0.0,0.0
53,0,2,6,92,95,0.2,0.35,95,1,0,-4423.4300889115175,0.3333333333333333,0.5,0.5,0.05555555555555555,0.08333333333333333,-0.16666666666666669,-0.027777777777777776
53,0,2,7,92,94,0.2,0.5,94,1,0,-4430.879736524926,0.6666666666666666,0.3333333333333333,0.3333333333333333,0.05555555555555555,0.05555555555555555,0.3333333333333333,0.0
53,0,2,8,93,94,0.6500000000000001,0.5,93,0,1,-4435.628433786497,0.3333333333333333,0.25,0.3333333333333333,0.05555555555555555,0.0375,0.08333333333333331,0.018055555555555554
53,0,2,9,91,95,0.8,0.35,91,0,1,-4441.187829048216,0.6666666666666666,0.25,0.6666666666666666,0.05555555555555555,0.0375,0.41666666666666663,0.018055555555555554
53,0,2,10,93,94,0.6500000000000001,0.5,93,0,1,-4446.917074735577,0.5,0.25,0.25,0.05,0.0375,0.25,0.012500000000000004
53,0,2,11,91,93,0.8,0.6500000000000001,93,1,0,-4454.114197271242,0.5,0.5,0.5,0.05,0.05,0.0,0.0
53,0,2,12,93,95,0.6500000000000001,0.35,95,1,0,-4458.044297609158,0.6,0.2,0.6,0.04,0.02666666666666667,0.39999999999999997,0.013333333333333332
53,0,2,13,91,95,0.8,0.35,91,0,1,-4460.835781922354,0.5,0.2,0.5,0.05,0.02666666666666667,0.3,0.023333333333333334
53,0,2,14,92,94,0.2,0.5,92,0,0,-4468.419329676317,0.6666666666666666,0.2,0.6666666666666666,0.031746031746031744,0.02666666666666667,0.4666666666666666,0.005079365079365076
53,0,2,15,93,95,0.6500000000000001,0.35,93,0,0,-4474.381201172583,0.4,0.2,0.2,0.04,0.02666666666666667,0.2,0.013333333333333332
53,0,2,16,93,95,0.6500000000000001,0.35,95,1,1,-4480.70458578868,0.4,0.7142857142857143,0.7142857142857143,0.04,0.025510204081632654,-0.3142857142857143,0.014489795918367347
53,0,2,17,91,93,0.8,0.6500000000000001,91,0,0,-4483.048145388581,0.4,0.75,0.75,0.04,0.020833333333333332,-0.35,0.01916666666666667
53,0,2,18,91,93,0.8,0.6500000000000001,91,0,1,-4488.745222712876,0.5,0.5,0.5,0.08333333333333333,0.08333333333333333,0.0,0.0
53,0,2,19,91,95,0.8,0.35,95,1,0,-4494.303108364116,0.6666666666666666,0.4,0.6666666666666666,0.05555555555555555,0.04,0.2666666666666666,0.015555555555555552
53,0,2,20,91,93,0.8,0.6500000000000001,93,1,1,-4500.967195135287,0.4,0.5,0.5,0.04,0.08333333333333333,-0.09999999999999998,-0.04333333333333333
53,0,2,21,92,93,0.2,0.6500000000000001,93,1,0,-4506.276984045976,0.6666666666666666,0.6666666666666666,0.6666666666666666,0.022222222222222223,0.05555555555555555,0.0,-0.033333333333333326
53,0,2,22,94,95,0.5,0.35,95,1,1,-4510.535921782936,0.5,0.5,0.5,0.08333333333333333,0.08333333333333333,0.0,0.0
53,0,3,0,97,99,0.35,0.6500000000000001,97,0,0,-4539.950381387424,0.5,0.5,0.5,0.08333333333333333,0.08333333333333333,0.0,0.0
53,0,3,1,99,101,0.6500000000000001,0.8,101,1,1,-4545.952535760381,0.5,0.3333333333333333,0.5,0.08333333333333333,0.05555555555555555,0.16666666666666669,0.027777777777777776
53,0,3,2,99,101,0.6500000000000001,0.8,101,1,1,-4550.861673102384,0.3333333333333333,0.3333333333333333,0.3333333333333333,0.05555555555555555,0.05555555555555555,0.0,0.0
53,0,3,3,99,101,0.6500000000000001,0.8,101,1,1,-4556.776653022766,0.3333333333333333,0.3333333333333333,0.3333333333333333,0.05555555555555555,0.05555555555555555,0.0,0.0
53,0,3,4,97,101,0.35,0.8,101,1,0,-4561.458217875742,0.3333333333333333,0.5,0.5,0.05555555555555555,0.05,-0.16666666666666669,0.00555555555555555
53,0,3,5,97,99,0.35,0.6500000000000001,97,0,0,-4566.374085857204,0.25,0.6,0.6,0.0375,0.04,-0.35,-0.0025000000000000022
53,0,3,6,99,101,0.6500000000000001,0.8,101,1,1,-4571.383642783629,0.25,0.6666666666666666,0.6666666666666666,0.0375,0.031746031746031744,-0.41666666666666663,0.005753968253968254
53,0,3,7,99,101,0.6500000000000001,0.8,101,1,1,-4575.44168085159,0.5,0.5,0.5,0.08333333333333333,0.08333333333333333,0.0,0.0
53,0,3,8,99,101,0.6500000000000001,0.8,101,1,1,-4581.242169127399,0.25,0.5714285714285714,0.25,0.0375,0.030612244897959183,-0.3214285714285714,0.006887755102040816
53,0,3,9,99,101,0.6500000000000001,0.8,101,1,1,-4583.344005223325,0.5,0.2,0.5,0.08333333333333333,0.02666666666666667,0.3,0.05666666666666666
53,0,3,10,97,101,0.35,0.8,101,1,1,-4590.581812432516,0.5714285714285714,0.6666666666666666,0.6666666666666666,0.030612244897959183,0.05555555555555555,-0.09523809523809523,-0.02494331065759637
53,0,3,11,99,101,0.6500000000000001,0.8,101,1,1,-4595.723478503237,0.3333333333333333,0.2,0.2,0.05555555555555555,0.02666666666666667,0.1333333333333333,0.028888888888888884
53,0,3,12,97,99,0.35,0.6500000000000001,97,0,0,-4596.154070330119,0.3333333333333333,0.5714285714285714,0.5714285714285714,0.05555555555555555,0.030612244897959183,-0.23809523809523808,0.02494331065759637
53,0,3,13,97,99,0.35,0.6500000000000001,99,1,0,-4606.903103503024,0.3333333333333333,0.16666666666666666,0.16666666666666666,0.05555555555555555,0.01984126984126984,0.16666666666666666,0.03571428571428571
53,0,3,14,97,99,0.35,0.6500000000000001,97,0,0,-4611.274946836129,0.14285714285714285,0.5,0.5,0.015306122448979591,0.05,-0.35714285714285715,-0.03469387755102041
53,0,3,15,98,100,0.2,0.5,98,0,1,-4613.484888832339,0.3333333333333333,0.6666666666666666,0.3333333333333333,0.05555555555555555,0.05555555555555555,-0.3333333333333333,0.0
53,0,3,16,99,101,0.6500000000000001,0.8,101,1,1,-4620.344753973761,0.5,0.14285714285714285,0.5,0.05,0.015306122448979591,0.35714285714285715,0.03469387755102041
53,0,3,17,97,99,0.35,0.6500000000000001,97,0,0,-4624.208826863166,0.6666666666666666,0.4,0.4,0.05555555555555555,0.04,0.2666666666666666,0.015555555555555552
53,0,3,18,99,100,0.6500000000000001,0.5,100,1,1,-4629.393341517821,0.5,0.3333333333333333,0.3333333333333333,0.027777777777777776,0.031746031746031744,0.16666666666666669,-0.003968253968253968
53,0,3,19,100,101,0.5,0.8,100,0,1,-4634.419946230767,0.4,0.42857142857142855,0.42857142857142855,0.04,0.030612244897959183,-0.028571428571428525,0.009387755102040818
53,0,3,20,98,99,0.2,0.6500000000000001,98,0,0,-4637.663249053716,0.14285714285714285,0.5,0.14285714285714285,0.015306122448979591,0.027777777777777776,-0.35714285714285715,-0.012471655328798185
53,0,3,21,97,101,0.35,0.8,101,1,1,-4643.156142344296,0.5,0.5,0.5,0.08333333333333333,0.08333333333333333,0.0,0.0
53,0,4,0,104,106,0.55,0.45,106,1,1,-4671.387014083936,0.5,0.5,0.5,0.08333333333333333,0.08333333333333333,0.0,0.0
53,0,4,1,103,104,0.5,0.55,104,1,1,-4674.958235358607,0.5,0.3333333333333333,0.5,0.08333333333333333,0.05555555555555555,0.16666666666666669,0.027777777777777776
53,0,4,2,104,106,0.55,0.45,104,0,1,-4678.934903425621,0.3333333333333333,0.3333333333333333,0.3333333333333333,0.05555555555555555,0.05555555555555555,0.0,0.0
53,0,4,3,103,104,0.5,0.55,104,1,0,-4684.86534797523,0.3333333333333333,0.3333333333333333,0.3333333333333333,0.05555555555555555,0.05555555555555555,0.0,0.0
53,0,4,4,105,107,0.2,0.6,107,1,1,-4687.321199492909,0.5,0.3333333333333333,0.5,0.05,0.05555555555555555,0.16666666666666669,-0.00555555555555555
53,0,4,5,103,107,0.5,0.6,103,0,1,-4694.200993677761,0.6,0.3333333333333333,0.6,0.04,0.05555555555555555,0.26666666666666666,-0.015555555555555552
53,0,4,6,103,106,0.5,0.45,103,0,1,-4698.538930122189,0.5,0.3333333333333333,0.3333333333333333,0.03571428571428571,0.05555555555555555,0.16666666666666669,-0.01984126984126984
53,0,4,7,105,106,0.2,0.45,105,0,0,-4704.169366238536,0.5,0.5,0.5,0.03571428571428571,0.05,0.0,-0.01428571428571429
53,0,4,8,105,106,0.2,0.45,105,0,0,-4707.959429585132,0.4,0.5,0.4,0.04,0.05,-0.09999999999999998,-0.010000000000000002
53,0,4,9,103,104,0.5,0.55,104,1,1,-4712.649229230305,0.5,0.5,0.5,0.08333333333333333,0.08333333333333333,0.0,0.0
53,0,4,10,104,105,0.55,0.2,104,0,1,-4718.826206844733,0.5,0.5,0.5,0.03571428571428571,0.08333333333333333,0.0,-0.047619047619047616
53,0,4,11,104,106,0.55,0.45,104,0,1,-4723.468505048909,0.5,0.5,0.5,0.08333333333333333,0.05,0.0,0.033333333333333326
53,0,4,12,104,106,0.55,0.45,104,0,1,-4726.678677711288,0.42857142857142855,0.5,0.42857142857142855,0.030612244897959183,0.05,-0.07142857142857145,-0.01938775510204082
53,0,4,13,104,106,0.55,0.45,104,0,0,-4732.215327608292,0.5,0.6666666666666666,0.5,0.03571428571428571,0.05555555555555555,-0.16666666666666663,-0.01984126984126984
53,0,4,14,103,107,0.5,0.6,107,1,1,-4738.056693908167,0.375,0.5,0.375,0.026041666666666668,0.05,-0.125,-0.023958333333333335
53,0,4,15,104,105,0.55,0.2,105,1,0,-4741.3950328995215,0.5714285714285714,0.6666666666666666,0.6666666666666666,0.030612244897959183,0.05555555555555555,-0.09523809523809523,-0.02494331065759637
53,0,4,16,106,107,0.45,0.6,106,0,0,-4748.712497961803,0.5714285714285714,0.75,0.75,0.030612244897959183,0.0375,-0.1785714285714286,-0.006887755102040816
53,0,4,17,105,106,0.2,0.45,106,1,0,-4751.739958954586,0.3333333333333333,0.5,0.5,0.05555555555555555,0.05,-0.16666666666666669,0.00555555555555555
53,1,0,0,171,173,0.5,0.8,173,1,1,-5031.880954206772,0.5,0.5,0.5,0.08333333333333333,0.08333333333333333,0.0,0.0
53,1,0,1,170,171,0.6500000000000001,0.5,171,1,0,-5036.439862660761,0.5,0.5,0.5,0.08333333333333333,0.08333333333333333,0.0,0.0
53,1,0,2,171,173,0.5,0.8,173,1,1,-5041.3650499123205,0.5,0.3333333333333333,0.5,0.08333333333333333,0.05555555555555555,0.16666666666666669,0.027777777777777776
53,1,0,3,170,171,0.6500000000000001,0.5,170,0,1,-5047.14661058506,0.3333333333333333,0.3333333333333333,0.3333333333333333,0.05555555555555555,0.05555555555555555,0.0,0.0
53,1,0,4,170,171,0.6500000000000001,0.5,170,0,1,-5050.732903003953,0.5,0.3333333333333333,0.3333333333333333,0.05,0.05555555555555555,0.16666666666666669,-0.00555555555555555
53,1,0,5,171,173,0.5,0.8,173,1,1,-5054.618399639539,0.5,0.25,0.25,0.05,0.0375,0.25,0.012500000000000004
53,1,0,6,171,173,0.5,0.8,173,1,1,-5059.536784400289,0.5,0.4,0.5,0.05,0.04,0.09999999999999998,0.010000000000000002
53,1,0,7,170,173,0.6500000000000001,0.8,173,1,1,-5063.561013230876,0.6,0.4,0.6,0.04,0.04,0.19999999999999996,0.0
53,1,0,8,170,173,0.6500000000000001,0.8,173,1,1,-5067.464275444901,0.4,0.3333333333333333,0.3333333333333333,0.04,0.05555555555555555,0.06666666666666671,-0.015555555555555552
53,1,0,9,171,173,0.5,0.8,173,1,1,-5071.572509161838,0.4,0.25,0.25,0.04,0.0375,0.15000000000000002,0.0025000000000000022
53,1,0,10,171,173,0.5,0.8,173,1,1,-5075.415443951678,0.6666666666666666,0.2,0.6666666666666666,0.031746031746031744,0.02666666666666667,0.4666666666666666,0.005079365079365076
53,1,0,11,171,173,0.5,0.8,173,1,1,-5079.5789985244855,0.7142857142857143,0.4,0.7142857142857143,0.025510204081632654,0.04,0.3142857142857143,-0.014489795918367347
53,1,0,12,170,173,0.6500000000000001,0.8,173,1,1,-5083.52260130872,0.4,0.2,0.4,0.04,0.02666666666666667,0.2,0.013333333333333332
53,1,0,13,171,173,0.5,0.8,173,1,1,-5087.459435722492,0.5,0.5,0.5,0.08333333333333333,0.08333333333333333,0.0,0.0
53,1,0,14,169,172,0.35,0.2,172,1,0,-5089.284496983341,0.5,0.6666666666666666,0.6666666666666666,0.08333333333333333,0.05555555555555555,-0.16666666666666663,0.027777777777777776
53,1,0,15,169,172,0.35,0.2,169,0,0,-5097.125154905942,0.3333333333333333,0.5,0.3333333333333333,0.031746031746031744,0.08333333333333333,-0.16666666666666669,-0.051587301587301584
53,1,0,16,169,172,0.35,0.2,169,0,0,-5099.619083883059,0.2857142857142857,0.2,0.2,0.025510204081632654,0.02666666666666667,0.08571428571428569,-0.0011564625850340148
53,1,0,17,172,173,0.2,0.8,172,0,1,-5106.978798921584,0.16666666666666666,0.5,0.5,0.01984126984126984,0.05,-0.33333333333333337,-0.030158730158730163
53,1,0,18,169,170,0.35,0.6500000000000001,170,1,1,-5110.124461614027,0.2857142857142857,0.5,0.5,0.025510204081632654,0.08333333333333333,-0.2142857142857143,-0.057823129251700675
53,1,1,0,175,177,0.55,0.5,177,1,1,-5138.870103384277,0.2857142857142857,0.6,0.6,0.025510204081632654,0.04,-0.3142857142857143,-0.014489795918367347
53,1,1,1,175,179,0.55,0.6,175,0,1,-5142.135834999454,0.625,0.16666666666666666,0.625,0.026041666666666668,0.01984126984126984,0.45833333333333337,0.006200396825396828
53,1,1,2,175,177,0.55,0.5,175,0,1,-5147.828632379073,0.6666666666666666,0.6666666666666666,0.6666666666666666,0.022222222222222223,0.05555555555555555,0.0,-0.033333333333333326
53,1,1,3,175,179,0.55,0.6,179,1,1,-5152.629455773155,0.7,0.2857142857142857,0.2857142857142857,0.019090909090909092,0.025510204081632654,0.41428571428571426,-0.006419294990723561
53,1,1,4,175,177,0.55,0.5,175,0,0,-5157.740030605537,0.5,0.5,0.5,0.08333333333333333,0.08333333333333333,0.0,0.0
53,1,1,5,177,179,0.5,0.6,177,0,0,-5163.317298229798,0.5,0.5,0.5,0.08333333333333333,0.08333333333333333,0.0,0.0
53,1,1,6,177,179,0.5,0.6,177,0,0,-5165.755504230292,0.5,0.6666666666666666,0.6666666666666666,0.08333333333333333,0.05555555555555555,-0.16666666666666663,0.027777777777777776
53,1,1,7,175,177,0.55,0.5,177,1,0,-5171.431264735548,0.5,0.5,0.5,0.08333333333333333,0.05,0.0,0.033333333333333326
53,1,1,8,175,179,0.55,0.6,179,1,0,-5176.238585030968,0.6666666666666666,0.6666666666666666,0.6666666666666666,0.05555555555555555,0.05555555555555555,0.0,0.0
53,1,1,9,175,177,0.55,0.5,175,0,0,-5180.97243173762,0.5,0.5,0.5,0.08333333333333333,0.08333333333333333,0.0,0.0
53,1,1,10,175,177,0.55,0.5,175,0,1,-5185.045220549521,0.6666666666666666,0.5,0.6666666666666666,0.05555555555555555,0.08333333333333333,0.16666666666666663,-0.027777777777777776
53,1,1,11,177,179,0.5,0.6,179,1,0,-5189.253694119348,0.6666666666666666,0.5,0.5,0.05555555555555555,0.08333333333333333,0.16666666666666663,-0.027777777777777776
53,1,1,12,175,177,0.55,0.5,175,0,1,-5197.0154476182015,0.6666666666666666,0.5,0.6666666666666666,0.05555555555555555,0.05,0.16666666666666663,0.00555555555555555
53,1,1,13,176,178,0.2,0.45,178,1,0,-5199.366053970435,0.5,0.75,0.5,0.05,0.0375,-0.25,0.012500000000000004
53,1,1,14,175,178,0.55,0.45,175,0,1,-5206.217632784192,0.6,0.3333333333333333,0.3333333333333333,0.04,0.05555555555555555,0.26666666666666666,-0.015555555555555552
53,1,1,15,177,179,0.5,0.6,179,1,0,-5209.748143250768,0.6,0.5,0.6,0.04,0.05,0.09999999999999998,-0.010000000000000002
53,1,1,16,176,177,0.2,0.5,177,1,0,-5214.336031007545,0.75,0.5,0.75,0.0375,0.05,0.25,-0.012500000000000004
53,1,1,17,176,177,0.2,0.5,176,0,0,-5220.075158395961,0.5,0.5,0.5,0.03571428571428571,0.05,0.0,-0.01428571428571429
53,1,2,0,181,182,0.45,0.5,181,0,0,-5248.013463096197,0.6,0.4,0.6,0.04,0.04,0.19999999999999996,0.0
53,1,2,1,182,185,0.5,0.55,182,0,1,-5252.984515759882,0.5,0.4,0.5,0.05,0.04,0.09999999999999998,0.010000000000000002
53,1,2,2,181,185,0.45,0.55,185,1,1,-5256.995773401884,0.5,0.4,0.5,0.03571428571428571,0.04,0.09999999999999998,-0.0042857142857142885
53,1,2,3,181,185,0.45,0.55,185,1,0,-5260.6137432360365,0.5714285714285714,0.4,0.4,0.030612244897959183,0.04,0.17142857142857137,-0.009387755102040818
53,1,2,4,181,182,0.45,0.5,182,1,1,-5263.816619211309,0.4,0.5,0.5,0.04,0.05,-0.09999999999999998,-0.010000000000000002
53,1,2,5,182,185,0.5,0.55,185,1,0,-5268.557451569021,0.5714285714285714,0.4,0.5714285714285714,0.030612244897959183,0.04,0.17142857142857137,-0.009387755102040818
53,1,2,6,182,185,0.5,0.55,182,0,1,-5274.088249520541,0.4,0.6,0.6,0.04,0.04,-0.19999999999999996,0.0
53,1,2,7,182,185,0.5,0.55,182,0,0,-5278.576950766919,0.5,0.5,0.5,0.08333333333333333,0.08333333333333333,0.0,0.0
53,1,2,8,181,182,0.45,0.5,181,0,1,-5282.596374559899,0.5,0.5,0.5,0.08333333333333333,0.08333333333333333,0.0,0.0
53,1,2,9,183,184,0.6,0.2,184,1,0,-5286.825333758807,0.3333333333333333,0.3333333333333333,0.3333333333333333,0.05555555555555555,0.05555555555555555,0.0,0.0
53,1,2,10,181,185,0.45,0.55,185,1,1,-5292.302095377891,0.5,0.5,0.5,0.08333333333333333,0.05,0.0,0.033333333333333326
53,1,2,11,181,182,0.45,0.5,182,1,0,-5296.553240469749,0.3333333333333333,0.5,0.3333333333333333,0.05555555555555555,0.05,-0.16666666666666669,0.00555555555555555
53,1,2,12,181,182,0.45,0.5,182,1,1,-5299.92863782291,0.3333333333333333,0.5,0.5,0.05555555555555555,0.05,-0.16666666666666669,0.00555555555555555
53,1,2,13,181,182,0.45,0.5,182,1,1,-5306.377192035522,0.25,0.4,0.25,0.0375,0.04,-0.15000000000000002,-0.0025000000000000022
53,1,2,14,182,185,0.5,0.55,182,0,1,-5310.166753828959,0.2,0.4,0.2,0.02666666666666667,0.04,-0.2,-0.013333333333333332
53,1,2,15,182,184,0.5,0.2,182,0,1,-5314.459891688692,0.16666666666666666,0.4,0.16666666666666666,0.01984126984126984,0.04,-0.23333333333333336,-0.02015873015873016
53,1,2,16,181,183,0.45,0.6,183,1,0,-5317.022846519198,0.14285714285714285,0.4,0.4,0.015306122448979591,0.04,-0.2571428571428572,-0.02469387755102041
53,1,2,17,182,183,0.5,0.6,182,0,1,-5324.991893789473,0.3333333333333333,0.14285714285714285,0.3333333333333333,0.05555555555555555,0.015306122448979591,0.19047619047619047,0.04024943310657596
53,1,2,18,181,182,0.45,0.5,182,1,1,-5329.238989438087,0.5,0.5,0.5,0.08333333333333333,0.08333333333333333,0.0,0.0
53,1,2,19,182,184,0.5,0.2,182,0,0,-5333.529095633535,0.14285714285714285,0.5,0.5,0.015306122448979591,0.08333333333333333,-0.35714285714285715,-0.06802721088435373
53,1,2,20,183,184,0.6,0.2,184,1,0,-5337.293254581946,0.14285714285714285,0.3333333333333333,0.3333333333333333,0.015306122448979591,0.05555555555555555,-0.19047619047619047,-0.04024943310657596
53,1,2,21,184,185,0.2,0.55,185,1,0,-5341.395535300597,0.14285714285714285,0.3333333333333333,0.14285714285714285,0.015306122448979591,0.031746031746031744,-0.19047619047619047,-0.016439909297052153
53,1,2,22,183,185,0.6,0.55,183,0,1,-5347.298957651659,0.25,0.25,0.25,0.0375,0.0375,0.0,0.0
53,1,3,0,187,189,0.6500000000000001,0.8,189,1,1,-5374.146139142071,0.125,0.3333333333333333,0.3333333333333333,0.012152777777777778,0.05555555555555555,-0.20833333333333331,-0.043402777777777776
53,1,3,1,187,190,0.6500000000000001,0.35,190,1,1,-5379.297469149655,0.2,0.25,0.25,0.02666666666666667,0.0375,-0.04999999999999999,-0.01083333333333333
53,1,3,2,187,189,0.6500000000000001,0.8,189,1,1,-5384.621989943678,0.25,0.4,0.25,0.0375,0.04,-0.15000000000000002,-0.0025000000000000022
53,1,3,3,189,190,0.8,0.35,189,0,0,-5391.029398433649,0.5,0.5,0.5,0.08333333333333333,0.08333333333333333,0.0,0.0
53,1,3,4,189,190,0.8,0.35,189,0,1,-5393.828870635105,0.5,0.5,0.5,0.08333333333333333,0.08333333333333333,0.0,0.0
53,1,3,5,187,189,0.6500000000000001,0.8,189,1,1,-5399.981093424377,0.3333333333333333,0.6666666666666666,0.6666666666666666,0.05555555555555555,0.05555555555555555,-0.3333333333333333,0.0
53,1,3,6,187,190,0.6500000000000001,0.35,190,1,0,-5404.002600638039,0.3333333333333333,0.75,0.75,0.05555555555555555,0.0375,-0.4166666666666667,0.018055555555555554
53,1,3,7,189,190,0.8,0.35,189,0,0,-5410.605464090475,0.5,0.3333333333333333,0.5,0.08333333333333333,0.05555555555555555,0.16666666666666669,0.027777777777777776
53,1,3,8,188,191,0.5,0.2,188,0,0,-5415.011134437623,0.3333333333333333,0.8,0.8,0.05555555555555555,0.02666666666666667,-0.46666666666666673,0.028888888888888884
53,1,3,9,188,190,0.5,0.35,190,1,1,-5419.704108961832,0.3333333333333333,0.8333333333333334,0.8333333333333334,0.05555555555555555,0.01984126984126984,-0.5,0.03571428571428571
53,1,3,10,189,190,0.8,0.35,190,1,0,-5424.06748986372,0.3333333333333333,0.7142857142857143,0.3333333333333333,0.05555555555555555,0.025510204081632654,-0.380952380952381,0.0300453514739229
53,1,3,11,189,190,0.8,0.35,190,1,0,-5428.109156227361,0.25,0.3333333333333333,0.3333333333333333,0.0375,0.05555555555555555,-0.08333333333333331,-0.018055555555555554
53,1,3,12,189,190,0.8,0.35,189,0,1,-5433.044521804266,0.25,0.7142857142857143,0.7142857142857143,0.0375,0.025510204081632654,-0.4642857142857143,0.011989795918367345
53,1,3,13,189,190,0.8,0.35,189,0,1,-5436.69896964432,0.25,0.75,0.75,0.0375,0.020833333333333332,-0.5,0.016666666666666666
53,1,3,14,188,190,0.5,0.35,188,0,1,-5441.006161683684,0.25,0.7777777777777778,0.7777777777777778,0.0375,0.01728395061728395,-0.5277777777777778,0.02021604938271605
53,1,3,15,187,188,0.6500000000000001,0.5,187,0,1,-5446.581478209822,0.25,0.7,0.25,0.0375,0.019090909090909092,-0.44999999999999996,0.018409090909090906
53,1,3,16,188,191,0.5,0.2,191,1,1,-5451.849560213223,0.25,0.7,0.7,0.0375,0.019090909090909092,-0.44999999999999996,0.018409090909090906
53,1,3,17,188,191,0.5,0.2,191,1,0,-5456.795298460641,0.2,0.7272727272727273,0.7272727272727273,0.02666666666666667,0.01652892561983471,-0.5272727272727273,0.010137741046831957
53,1,3,18,189,190,0.8,0.35,189,0,1,-5459.9528474574045,0.5,0.5,0.5,0.08333333333333333,0.08333333333333333,0.0,0.0
53,1,3,19,188,189,0.5,0.8,189,1,1,-5464.372047742378,0.25,0.2,0.2,0.0375,0.02666666666666667,0.04999999999999999,0.01083333333333333
53,1,3,20,187,191,0.6500000000000001,0.2,191,1,0,-5469.11229307923,0.25,0.6666666666666666,0.6666666666666666,0.0375,0.017094017094017096,-0.41666666666666663,0.020405982905982903
53,1,4,0,194,197,0.6500000000000001,0.8,197,1,1,-5498.859354166623,0.16666666666666666,0.6923076923076923,0.6923076923076923,0.01984126984126984,0.015215553677092139,-0.5256410256410257,0.004625716164177701
53,1,4,1,193,194,0.5,0.6500000000000001,193,0,0,-5503.8044877972725,0.25,0.5,0.5,0.0375,0.08333333333333333,-0.25,-0.04583333333333333
53,1,4,2,193,197,0.5,0.8,197,1,1,-5508.884636018977,0.25,0.7142857142857143,0.7142857142857143,0.0375,0.013605442176870748,-0.4642857142857143,0.02389455782312925
53,1,4,3,193,197,0.5,0.8,197,1,0,-5513.923147520562,0.25,0.6666666666666666,0.6666666666666666,0.0375,0.05555555555555555,-0.41666666666666663,-0.018055555555555554
53,1,4,4,193,194,0.5,0.6500000000000001,193,0,0,-5516.905603585334,0.5,0.5,0.5,0.08333333333333333,0.08333333333333333,0.0,0.0
53,1,4,5,194,197,0.6500000000000001,0.8,194,0,1,-5523.734103849092,0.5,0.5,0.5,0.08333333333333333,0.08333333333333333,0.0,0.0
53,1,4,6,193,197,0.5,0.8,197,1,1,-5528.511470849617,0.5,0.3333333333333333,0.5,0.08333333333333333,0.05555555555555555,0.16666666666666669,0.027777777777777776
53,1,4,7,193,197,0.5,0.8,197,1,1,-5531.944030175075,0.6666666666666666,0.3333333333333333,0.6666666666666666,0.05555555555555555,0.05555555555555555,0.3333333333333333,0.0
53,1,4,8,194,197,0.6500000000000001,0.8,197,1,1,-5536.32666637872,0.5,0.6666666666666666,0.6666666666666666,0.05,0.05555555555555555,-0.16666666666666663,-0.00555555555555555
53,1,4,9,194,197,0.6500000000000001,0.8,197,1,1,-5541.574599797013,0.5,0.3333333333333333,0.5,0.05,0.05555555555555555,0.16666666666666669,-0.00555555555555555
53,1,4,10,195,196,0.2,0.35,195,0,0,-5543.999130756732,0.5,0.3333333333333333,0.3333333333333333,0.05,0.05555555555555555,0.16666666666666669,-0.00555555555555555
53,1,4,11,195,197,0.2,0.8,197,1,1,-5550.751948151196,0.6,0.5,0.5,0.04,0.05,0.09999999999999998,-0.010000000000000002
53,1,4,12,195,197,0.2,0.8,197,1,1,-5555.078270041468,0.6,0.5,0.5,0.04,0.05,0.09999999999999998,-0.010000000000000002
53,1,4,13,196,197,0.35,0.8,197,1,0,-5559.723556476907,0.5,0.5,0.5,0.08333333333333333,0.08333333333333333,0.0,0.0
53,1,4,14,194,195,0.6500000000000001,0.2,195,1,1,-5563.680218137502,0.3333333333333333,0.4,0.3333333333333333,0.05555555555555555,0.04,-0.06666666666666671,0.015555555555555552
53,1,4,15,194,196,0.6500000000000001,0.35,196,1,0,-5567.656284252901,0.6,0.5,0.5,0.04,0.08333333333333333,0.09999999999999998,-0.04333333333333333
53,1,4,16,193,195,0.5,0.2,195,1,1,-5575.5531816830335,0.5,0.6,0.5,0.05,0.04,-0.09999999999999998,0.010000000000000002
53,1,4,17,195,196,0.2,0.35,195,0,0,-5580.154875256217,0.6,0.4,0.4,0.04,0.04,0.19999999999999996,0.0
53,1,4,18,196,197,0.35,0.8,196,0,0,-5584.328630735485,0.6,0.3333333333333333,0.6,0.04,0.031746031746031744,0.26666666666666666,0.008253968253968257
53,1,4,19,194,196,0.6500000000000001,0.35,196,1,0,-5587.906504794492,0.4,0.6,0.6,0.04,0.04,-0.19999999999999996,0.0
53,1,4,20,193,196,0.5,0.35,193,0,0,-5592.295726126225,0.6666666666666666,0.3333333333333333,0.6666666666666666,0.05555555555555555,0.031746031746031744,0.3333333333333333,0.023809523809523808
53,1,4,21,196,197,0.35,0.8,197,1,1,-5597.808814733413,0.5,0.75,0.5,0.03571428571428571,0.0375,-0.25,-0.0017857142857142863
54,0,0,0,79,81,0.55,0.6,81,1,0,-181363.75930984007,0.5,0.5,0.5,0.08333333333333333,0.08333333333333333,0.0,0.0
54,0,0,1,78,81,0.2,0.6,81,1,1,-181371.133849008,0.5,0.5,0.5,0.08333333333333333,0.08333333333333333,0.0,0.0
54,0,0,2,80,82,0.45,0.5,80,0,0,-181376.8344584487,0.5,0.5,0.5,0.08333333333333333,0.08333333333333333,0.0,0.0
54,0,0,3,78,80,0.2,0.45,80,1,0,-181394.07048913997,0.5,0.6666666666666666,0.5,0.08333333333333333,0.05555555555555555,-0.16666666666666663,0.027777777777777776
54,0,0,4,79,81,0.55,0.6,81,1,0,-181398.59463407745,0.3333333333333333,0.6666666666666666,0.6666666666666666,0.05555555555555555,0.05555555555555555,-0.3333333333333333,0.0
54,0,0,5,78,80,0.2,0.45,80,1,0,-181406.2732716589,0.5,0.6666666666666666,0.6666666666666666,0.05,0.05555555555555555,-0.16666666666666663,-0.00555555555555555
54,0,0,6,79,82,0.55,0.5,79,0,0,-181412.03048969636,0.5,0.5,0.5,0.08333333333333333,0.05,0.0,0.033333333333333326
54,0,0,7,81,82,0.6,0.5,81,0,1,-181419.11872624923,0.3333333333333333,0.5,0.5,0.05555555555555555,0.05,-0.16666666666666669,0.00555555555555555
54,0,0,8,78,80,0.2,0.45,80,1,0,-181424.96264356896,0.3333333333333333,0.6666666666666666,0.3333333333333333,0.05555555555555555,0.05555555555555555,-0.3333333333333333,0.0
54,0,0,9,78,79,0.2,0.55,78,0,1,-181434.80863636237,0.3333333333333333,0.5,0.3333333333333333,0.05555555555555555,0.05,-0.16666666666666669,0.00555555555555555
54,0,0,10,78,82,0.2,0.5,78,0,0,-181443.07291558792,0.5,0.25,0.5,0.05,0.0375,0.25,0.012500000000000004
54,0,0,11,80,82,0.45,0.5,82,1,1,-181447.1383599424,0.6666666666666666,0.6,0.6666666666666666,0.05555555555555555,0.04,0.06666666666666665,0.015555555555555552
54,0,0,12,79,80,0.55,0.45,80,1,1,-181455.59463961373,0.5,0.6,0.6,0.05,0.04,-0.09999999999999998,0.010000000000000002
54,0,0,13,81,82,0.6,0.5,82,1,0,-181462.06623591852,0.5,0.5,0.5,0.05,0.03571428571428571,0.0,0.01428571428571429
54,0,0,14,81,82,0.6,0.5,82,1,0,-181471.1465706531,0.6,0.5,0.6,0.04,0.03571428571428571,0.09999999999999998,0.0042857142857142885
54,0,0,15,80,81,0.45,0.6,81,1,0,-181478.2007948949,0.75,0.4,0.75,0.0375,0.04,0.35,-0.0025000000000000022
54,0,0,16,81,82,0.6,0.5,82,1,1,-181483.9429856997,0.5,0.8,0.8,0.03571428571428571,0.02666666666666667,-0.30000000000000004,0.009047619047619044
54,0,0,17,78,80,0.2,0.45,78,0,1,-181490.22816522908,0.6666666666666666,0.4,0.6666666666666666,0.031746031746031744,0.04,0.2666666666666666,-0.008253968253968257
54,0,0,18,80,82,0.45,0.5,82,1,1,-181493.59487738457,0.25,0.7142857142857143,0.7142857142857143,0.0375,0.025510204081632654,-0.4642857142857143,0.011989795918367345
54,0,0,19,79,80,0.55,0.45,79,0,1,-181498.89120487904,0.5,0.5,0.5,0.03571428571428571,0.03571428571428571,0.0,0.0
54,0,0,20,79,82,0.55,0.5,79,0,0,-181508.4440879236,0.4,0.5,0.4,0.04,0.03571428571428571,-0.09999999999999998,0.0042857142857142885
54,0,1,0,85,86,0.45,0.5,86,1,0,-181538.58404161237,0.5,0.5,0.5,0.08333333333333333,0.08333333333333333,0.0,0.0
54,0,1,1,85,88,0.45,0.55,85,0,1,-181557.21718642343,0.5,0.5,0.5,0.08333333333333333,0.08333333333333333,0.0,0.0
54,0,1,2,85,88,0.45,0.55,85,0,1,-181569.38834517,0.5,0.3333333333333333,0.5,0.08333333333333333,0.05555555555555555,0.16666666666666669,0.027777777777777776
54,0,1,3,86,88,0.5,0.55,88,1,1,-181577.4488277969,0.3333333333333333,0.3333333333333333,0.3333333333333333,0.05555555555555555,0.05555555555555555,0.0,0.0
54,0,1,4,86,88,0.5,0.55,88,1,0,-181584.89189588104,0.3333333333333333,0.5,0.3333333333333333,0.05555555555555555,0.05,-0.16666666666666669,0.00555555555555555
54,0,1,5,85,88,0.45,0.55,85,0,1,-181590.03030225143,0.3333333333333333,0.5,0.5,0.05555555555555555,0.05,-0.16666666666666669,0.00555555555555555
54,0,1,6,84,87,0.6,0.2,87,1,0,-181597.9070016852,0.6,0.5,0.6,0.04,0.05,0.09999999999999998,-0.010000000000000002
54,0,1,7,85,88,0.45,0.55,88,1,1,-181602.6781412063,0.3333333333333333,0.5,0.3333333333333333,0.05555555555555555,0.03571428571428571,-0.16666666666666669,0.01984126984126984
54,0,1,8,84,87,0.6,0.2,84,0,1,-181611.05713006645,0.5,0.5,0.5,0.05,0.05,0.0,0.0
54,0,1,9,84,88,0.6,0.55,84,0,1,-181615.73506816223,0.5,0.5,0.5,0.08333333333333333,0.08333333333333333,0.0,0.0
54,0,1,10,85,88,0.45,0.55,88,1,1,-181623.3373053696,0.5,0.6666666666666666,0.6666666666666666,0.03571428571428571,0.05555555555555555,-0.16666666666666663,-0.01984126984126984
54,0,1,11,86,87,0.5,0.2,86,0,1,-181627.62239763868,0.75,0.5,0.75,0.0375,0.05,0.25,-0.012500000000000004
54,0,1,12,84,87,0.6,0.2,84,0,0,-181634.32144661903,0.5,0.8,0.8,0.08333333333333333,0.02666666666666667,-0.30000000000000004,0.05666666666666666
54,0,1,13,84,85,0.6,0.45,84,0,1,-181638.355774001,0.4,0.5,0.5,0.04,0.08333333333333333,-0.09999999999999998,-0.04333333333333333
54,0,1,14,85,88,0.45,0.55,88,1,0,-181646.0991680812,0.3333333333333333,0.5,0.3333333333333333,0.05555555555555555,0.05,-0.16666666666666669,0.00555555555555555
54,0,1,15,87,88,0.2,0.55,87,0,0,-181652.20894649575,0.25,0.5,0.5,0.0375,0.05,-0.25,-0.012500000000000004
54,0,1,16,86,88,0.5,0.55,86,0,0,-181657.6321608348,0.25,0.5,0.5,0.0375,0.03571428571428571,-0.25,0.0017857142857142863
54,0,1,17,87,88,0.2,0.55,88,1,0,-181663.58428447688,0.4,0.5714285714285714,0.4,0.04,0.030612244897959183,-0.17142857142857137,0.009387755102040818
54,0,1,18,84,88,0.6,0.55,88,1,0,-181669.86209319363,0.5,0.5,0.5,0.08333333333333333,0.08333333333333333,0.0,0.0
54,0,1,19,84,88,0.6,0.55,84,0,0,-181675.8333753018,0.5,0.5,0.5,0.08333333333333333,0.08333333333333333,0.0,0.0
54,0,1,20,84,86,0.6,0.5,84,0,0,-181680.73858464925,0.6666666666666666,0.5,0.6666666666666666,0.05555555555555555,0.08333333333333333,0.16666666666666663,-0.027777777777777776
54,0,1,21,85,88,0.45,0.55,88,1,1,-181684.75818981972,0.75,0.5,0.5,0.0375,0.08333333333333333,0.25,-0.04583333333333333
54,0,1,22,85,86,0.45,0.5,85,0,0,-181688.26337044945,0.3333333333333333,0.3333333333333333,0.3333333333333333,0.05555555555555555,0.05555555555555555,0.0,0.0
54,0,2,0,91,92,0.55,0.5,92,1,1,-181730.166824182,0.75,0.3333333333333333,0.75,0.0375,0.05555555555555555,0.4166666666666667,-0.018055555555555554
54,0,2,1,91,93,0.55,0.2,91,0,0,-181737.78059991496,0.3333333333333333,0.5,0.5,0.05555555555555555,0.05,-0.16666666666666669,0.00555555555555555
54,0,2,2,91,93,0.55,0.2,93,1,0,-181746.7471288311,0.8,0.3333333333333333,0.8,0.02666666666666667,0.05555555555555555,0.46666666666666673,-0.028888888888888884
54,0,2,3,92,93,0.5,0.2,93,1,0,-181752.2550611398,0.8333333333333334,0.3333333333333333,0.3333333333333333,0.01984126984126984,0.05555555555555555,0.5,-0.03571428571428571
54,0,2,4,91,93,0.55,0.2,91,0,1,-181758.68259441105,0.8333333333333334,0.4,0.8333333333333334,0.01984126984126984,0.04,0.43333333333333335,-0.02015873015873016
54,0,2,5,92,93,0.5,0.2,92,0,0,-181763.36152842795,0.8571428571428571,0.25,0.25,0.015306122448979591,0.0375,0.6071428571428571,-0.022193877551020407
54,0,2,6,91,93,0.55,0.2,93,1,0,-181768.6033638016,0.4,0.4,0.4,0.04,0.04,0.0,0.0
54,0,2,7,91,92,0.55,0.5,92,1,1,-181773.54998487592,0.5,0.4,0.5,0.03571428571428571,0.04,0.09999999999999998,-0.0042857142857142885
54,0,2,8,92,93,0.5,0.2,92,0,1,-181776.13469819463,0.8571428571428571,0.4,0.8571428571428571,0.015306122448979591,0.04,0.4571428571428571,-0.02469387755102041
54,0,2,9,91,93,0.55,0.2,91,0,0,-181783.08087438883,0.5,0.5,0.5,0.08333333333333333,0.08333333333333333,0.0,0.0
54,0,2,10,92,93,0.5,0.2,92,0,1,-181789.2372560416,0.42857142857142855,0.3333333333333333,0.3333333333333333,0.030612244897959183,0.05555555555555555,0.09523809523809523,-0.02494331065759637
54,0,2,11,91,93,0.55,0.2,93,1,1,-181794.66961925224,0.5,0.4,0.4,0.08333333333333333,0.04,0.09999999999999998,0.04333333333333333
54,0,2,12,91,92,0.55,0.5,92,1,1,-181801.8321384036,0.5,0.5,0.5,0.08333333333333333,0.03571428571428571,0.0,0.047619047619047616
54,0,2,13,91,92,0.55,0.5,92,1,0,-181807.47689866225,0.875,0.42857142857142855,0.875,0.012152777777777778,0.030612244897959183,0.44642857142857145,-0.018459467120181407
54,0,2,14,90,94,0.6,0.45,90,0,1,-181814.38584075737,0.8888888888888888,0.5,0.5,0.009876543209876543,0.08333333333333333,0.38888888888888884,-0.07345679012345678
54,0,2,15,90,91,0.6,0.55,90,0,1,-181820.23371217592,0.8888888888888888,0.25,0.25,0.009876543209876543,0.0375,0.6388888888888888,-0.027623456790123457
54,0,2,16,91,94,0.55,0.45,94,1,1,-181824.47598323837,0.8888888888888888,0.5714285714285714,0.8888888888888888,0.009876543209876543,0.030612244897959183,0.31746031746031744,-0.02073570168808264
54,0,2,17,92,94,0.5,0.45,94,1,0,-181833.6040378601,0.5,0.5,0.5,0.08333333333333333,0.08333333333333333,0.0,0.0
54,0,3,0,96,99,0.8,0.35,99,1,0,-181865.54253644787,0.5,0.5,0.5,0.08333333333333333,0.08333333333333333,0.0,0.0
54,0,3,1,96,98,0.8,0.2,98,1,0,-181872.11788217575,0.6666666666666666,0.6666666666666666,0.6666666666666666,0.05555555555555555,0.05555555555555555,0.0,0.0
54,0,3,2,96,98,0.8,0.2,96,0,0,-181878.16272646,0.75,0.6666666666666666,0.75,0.0375,0.05555555555555555,0.08333333333333337,-0.018055555555555554
54,0,3,3,96,98,0.8,0.2,98,1,0,-181883.3970615189,0.5,0.5,0.5,0.08333333333333333,0.08333333333333333,0.0,0.0
54,0,3,4,96,99,0.8,0.35,99,1,1,-181888.2129573061,0.6666666666666666,0.5,0.5,0.05555555555555555,0.08333333333333333,0.16666666666666663,-0.027777777777777776
54,0,3,5,96,99,0.8,0.35,99,1,1,-181895.52518841717,0.6666666666666666,0.3333333333333333,0.6666666666666666,0.05555555555555555,0.05555555555555555,0.3333333333333333,0.0
54,0,3,6,98,99,0.2,0.35,99,1,1,-181900.9111606262,0.5,0.3333333333333333,0.3333333333333333,0.08333333333333333,0.05555555555555555,0.16666666666666669,0.027777777777777776
54,0,3,7,98,99,0.2,0.35,99,1,0,-181907.73070725848,0.5,0.6666666666666666,0.5,0.08333333333333333,0.05555555555555555,-0.16666666666666663,0.027777777777777776
54,0,3,8,97,100,0.6500000000000001,0.5,100,1,1,-181910.54317787229,0.3333333333333333,0.6666666666666666,0.6666666666666666,0.05555555555555555,0.05555555555555555,-0.3333333333333333,0.0
54,0,3,9,98,99,0.2,0.35,98,0,0,-181916.6479619877,0.3333333333333333,0.25,0.25,0.05555555555555555,0.0375,0.08333333333333331,0.018055555555555554
54,0,3,10,97,98,0.6500000000000001,0.2,97,0,1,-181922.75047419625,0.3333333333333333,0.5,0.5,0.05555555555555555,0.05,-0.16666666666666669,0.00555555555555555
54,0,3,11,99,100,0.35,0.5,100,1,0,-181928.0764651496,0.6,0.2,0.6,0.04,0.02666666666666667,0.39999999999999997,0.013333333333333332
54,0,3,12,96,98,0.8,0.2,98,1,0,-181934.3277339117,0.6,0.6666666666666666,0.6,0.04,0.031746031746031744,-0.06666666666666665,0.008253968253968257
54,0,3,13,96,99,0.8,0.35,99,1,0,-181938.4486984551,0.6666666666666666,0.2,0.6666666666666666,0.031746031746031744,0.02666666666666667,0.4666666666666666,0.005079365079365076
54,0,3,14,96,98,0.8,0.2,98,1,0,-181944.79936477533,0.3333333333333333,0.2,0.2,0.05555555555555555,0.02666666666666667,0.1333333333333333,0.028888888888888884
54,0,3,15,98,100,0.2,0.5,100,1,0,-181949.2454370564,0.5,0.16666666666666666,0.16666666666666666,0.05,0.01984126984126984,0.33333333333333337,0.030158730158730163
54,0,3,16,96,97,0.8,0.6500000000000001,96,0,1,-181953.25219706813,0.5714285714285714,0.6666666666666666,0.5714285714285714,0.030612244897959183,0.031746031746031744,-0.09523809523809523,-0.0011337868480725613
54,0,3,17,96,98,0.8,0.2,96,0,0,-181957.7814386059,0.5,0.6666666666666666,0.6666666666666666,0.027777777777777776,0.031746031746031744,-0.16666666666666663,-0.003968253968253968
54,0,3,18,97,100,0.6500000000000001,0.5,100,1,0,-181962.4475393181,0.5,0.5,0.5,0.08333333333333333,0.08333333333333333,0.0,0.0
54,0,3,19,99,100,0.35,0.5,100,1,1,-181968.40407624425,0.5,0.5,0.5,0.08333333333333333,0.08333333333333333,0.0,0.0
54,0,3,20,96,100,0.8,0.5,100,1,1,-181972.28974409023,0.6666666666666666,0.5,0.5,0.05555555555555555,0.08333333333333333,0.16666666666666663,-0.027777777777777776
54,0,3,21,98,99,0.2,0.35,98,0,0,-181980.02677063528,0.3333333333333333,0.6666666666666666,0.3333333333333333,0.05555555555555555,0.05555555555555555,-0.3333333333333333,0.0
54,0,4,0,104,106,0.6,0.45,106,1,0,-182012.40230297516,0.25,0.6666666666666666,0.6666666666666666,0.0375,0.05555555555555555,-0.41666666666666663,-0.018055555555555554
54,0,4,1,103,104,0.5,0.6,104,1,0,-182020.23954199572,0.6666666666666666,0.75,0.75,0.05555555555555555,0.0375,-0.08333333333333337,0.018055555555555554
54,0,4,2,103,106,0.5,0.45,103,0,0,-182023.9734026289,0.25,0.8,0.8,0.0375,0.02666666666666667,-0.55,0.01083333333333333
54,0,4,3,103,106,0.5,0.45,103,0,1,-182031.65472080532,0.25,0.6666666666666666,0.6666666666666666,0.0375,0.05555555555555555,-0.41666666666666663,-0.018055555555555554
54,0,4,4,104,106,0.6,0.45,104,0,1,-182035.19935360533,0.25,0.75,0.75,0.0375,0.0375,-0.5,0.0
54,0,4,5,103,106,0.5,0.45,103,0,1,-182041.7858071408,0.25,0.6,0.25,0.0375,0.04,-0.35,-0.0025000000000000022
54,0,4,6,103,106,0.5,0.45,103,0,0,-182045.9266009887,0.6,0.8333333333333334,0.6,0.04,0.01984126984126984,-0.2333333333333334,0.02015873015873016
54,0,4,7,103,106,0.5,0.45,106,1,1,-182050.34557783025,0.5,0.5,0.5,0.08333333333333333,0.08333333333333333,0.0,0.0
54,0,4,8,103,104,0.5,0.6,104,1,0,-182059.38180248343,0.8333333333333334,0.5,0.5,0.01984126984126984,0.08333333333333333,0.33333333333333337,-0.06349206349206349
54,0,4,9,104,106,0.6,0.45,104,0,1,-182067.424200157,0.2,0.3333333333333333,0.2,0.02666666666666667,0.05555555555555555,-0.1333333333333333,-0.028888888888888884
54,0,4,10,102,105,0.2,0.55,102,0,0,-182071.00074242,0.6666666666666666,0.3333333333333333,0.6666666666666666,0.031746031746031744,0.05555555555555555,0.3333333333333333,-0.023809523809523808
54,0,4,11,103,105,0.5,0.55,103,0,0,-182079.3843993312,0.5714285714285714,0.3333333333333333,0.3333333333333333,0.030612244897959183,0.05555555555555555,0.23809523809523808,-0.02494331065759637
54,0,4,12,105,106,0.55,0.45,105,0,1,-182088.64063968844,0.3333333333333333,0.25,0.25,0.05555555555555555,0.0375,0.08333333333333331,0.018055555555555554
54,0,4,13,103,106,0.5,0.45,103,0,0,-182093.9331403521,0.3333333333333333,0.5714285714285714,0.3333333333333333,0.031746031746031744,0.030612244897959183,-0.23809523809523808,0.0011337868480725613
54,0,4,14,104,105,0.6,0.55,104,0,1,-182096.8814318604,0.8333333333333334,0.2,0.8333333333333334,0.01984126984126984,0.02666666666666667,0.6333333333333333,-0.006825396825396828
54,0,4,15,103,106,0.5,0.45,103,0,0,-182102.10892491444,0.42857142857142855,0.2,0.42857142857142855,0.030612244897959183,0.02666666666666667,0.22857142857142854,0.003945578231292515
54,0,4,16,104,105,0.6,0.55,105,1,1,-182112.573204998,0.3333333333333333,0.2,0.3333333333333333,0.05555555555555555,0.02666666666666667,0.1333333333333333,0.028888888888888884
54,0,4,17,104,105,0.6,0.55,105,1,0,-182118.12566507325,0.5,0.7142857142857143,0.7142857142857143,0.027777777777777776,0.025510204081632654,-0.2142857142857143,0.0022675736961451226
54,0,4,18,102,106,0.2,0.45,106,1,0,-182122.02491450557,0.5,0.25,0.5,0.027777777777777776,0.0375,0.25,-0.009722222222222222
54,1,0,0,168,171,0.5,0.2,171,1,0,-182435.24431359532,0.5,0.5,0.5,0.08333333333333333,0.08333333333333333,0.0,0.0
54,1,0,1,168,169,0.5,0.35,169,1,0,-182441.62273362096,0.5,0.5,0.5,0.08333333333333333,0.08333333333333333,0.0,0.0
54,1,0,2,168,169,0.5,0.35,168,0,0,-182448.17967764864,0.5,0.3333333333333333,0.5,0.08333333333333333,0.05555555555555555,0.16666666666666669,0.027777777777777776
54,1,0,3,168,171,0.5,0.2,168,0,1,-182451.87040020985,0.6666666666666666,0.6666666666666666,0.6666666666666666,0.05555555555555555,0.05555555555555555,0.0,0.0
54,1,0,4,168,169,0.5,0.35,169,1,0,-182457.0323950672,0.75,0.6666666666666666,0.75,0.0375,0.05555555555555555,0.08333333333333337,-0.018055555555555554
54,1,0,5,168,169,0.5,0.35,169,1,1,-182463.6663969021,0.8,0.3333333333333333,0.8,0.02666666666666667,0.05555555555555555,0.46666666666666673,-0.028888888888888884
54,1,0,6,168,169,0.5,0.35,168,0,1,-182466.62483286916,0.6666666666666666,0.3333333333333333,0.6666666666666666,0.05555555555555555,0.05555555555555555,0.3333333333333333,0.0
54,1,0,7,168,169,0.5,0.35,168,0,1,-182470.53663899135,0.8333333333333334,0.5,0.5,0.01984126984126984,0.05,0.33333333333333337,-0.030158730158730163
54,1,0,8,169,171,0.35,0.2,171,1,0,-182479.12964200595,0.5,0.5,0.5,0.08333333333333333,0.08333333333333333,0.0,0.0
54,1,0,9,169,171,0.35,0.2,171,1,0,-182487.74266426623,0.5,0.3333333333333333,0.3333333333333333,0.08333333333333333,0.05555555555555555,0.16666666666666669,0.027777777777777776
54,1,0,10,168,171,0.5,0.2,168,0,1,-182492.83511646505,0.5,0.25,0.25,0.08333333333333333,0.0375,0.25,0.04583333333333333
54,1,0,11,168,169,0.5,0.35,168,0,0,-182498.08419526345,0.8333333333333334,0.4,0.4,0.01984126984126984,0.04,0.43333333333333335,-0.02015873015873016
54,1,0,12,169,171,0.35,0.2,169,0,0,-182502.9112920482,0.5,0.5,0.5,0.08333333333333333,0.03571428571428571,0.0,0.047619047619047616
54,1,0,13,170,172,0.8,0.6500000000000001,172,1,1,-182507.68457758692,0.8333333333333334,0.6666666666666666,0.6666666666666666,0.01984126984126984,0.05555555555555555,0.16666666666666674,-0.03571428571428571
54,1,0,14,170,172,0.8,0.6500000000000001,172,1,0,-182514.7475683264,0.5,0.8333333333333334,0.8333333333333334,0.08333333333333333,0.01984126984126984,-0.33333333333333337,0.06349206349206349
54,1,0,15,169,170,0.35,0.8,169,0,0,-182519.63490326065,0.7142857142857143,0.4,0.7142857142857143,0.025510204081632654,0.04,0.3142857142857143,-0.014489795918367347
54,1,0,16,169,171,0.35,0.2,171,1,0,-182526.95768971456,0.42857142857142855,0.4,0.4,0.030612244897959183,0.04,0.028571428571428525,-0.009387755102040818
54,1,0,17,171,172,0.2,0.6500000000000001,172,1,1,-182530.75409784925,0.5,0.625,0.625,0.08333333333333333,0.026041666666666668,-0.125,0.05729166666666666
54,1,0,18,169,170,0.35,0.8,170,1,1,-182535.70690333453,0.5,0.5,0.5,0.08333333333333333,0.08333333333333333,0.0,0.0
54,1,0,19,169,172,0.35,0.6500000000000001,172,1,1,-182541.17961934453,0.5,0.5,0.5,0.08333333333333333,0.08333333333333333,0.0,0.0
54,1,0,20,168,171,0.5,0.2,168,0,1,-182545.6317473605,0.5,0.3333333333333333,0.3333333333333333,0.08333333333333333,0.05555555555555555,0.16666666666666669,0.027777777777777776
54,1,0,21,168,170,0.5,0.8,168,0,1,-182550.8952757971,0.3333333333333333,0.5,0.5,0.05555555555555555,0.08333333333333333,-0.16666666666666669,-0.027777777777777776
54,1,0,22,168,169,0.5,0.35,169,1,0,-182556.7232668157,0.3333333333333333,0.5,0.5,0.05555555555555555,0.05,-0.16666666666666669,0.00555555555555555
54,1,1,0,176,177,0.6,0.2,177,1,1,-182591.66214556064,0.3333333333333333,0.3333333333333333,0.3333333333333333,0.05555555555555555,0.05555555555555555,0.0,0.0
54,1,1,1,175,176,0.45,0.6,175,0,1,-182597.30395123255,0.5,0.6,0.6,0.05,0.04,-0.09999999999999998,0.010000000000000002
54,1,1,2,176,177,0.6,0.2,177,1,0,-182603.8969981603,0.3333333333333333,0.6666666666666666,0.6666666666666666,0.05555555555555555,0.031746031746031744,-0.3333333333333333,0.023809523809523808
54,1,1,3,176,177,0.6,0.2,176,0,1,-182610.0949522732,0.3333333333333333,0.7142857142857143,0.7142857142857143,0.05555555555555555,0.025510204081632654,-0.380952380952381,0.0300453514739229
54,1,1,4,175,176,0.45,0.6,175,0,0,-182613.2241607531,0.5,0.625,0.625,0.05,0.026041666666666668,-0.125,0.023958333333333335
54,1,1,5,174,178,0.5,0.55,174,0,1,-182622.4629381177,0.5,0.5,0.5,0.08333333333333333,0.08333333333333333,0.0,0.0
54,1,1,6,174,178,0.5,0.55,174,0,0,-182626.16950657015,0.5,0.6666666666666666,0.6666666666666666,0.05,0.022222222222222223,-0.16666666666666663,0.02777777777777778
54,1,1,7,176,178,0.6,0.55,178,1,0,-182630.6672541649,0.3333333333333333,0.3333333333333333,0.3333333333333333,0.05555555555555555,0.05555555555555555,0.0,0.0
54,1,1,8,176,177,0.6,0.2,176,0,1,-182633.71733406803,0.3333333333333333,0.5,0.3333333333333333,0.05555555555555555,0.05,-0.16666666666666669,0.00555555555555555
54,1,1,9,174,176,0.5,0.6,174,0,1,-182640.0614829065,0.5,0.25,0.25,0.08333333333333333,0.0375,0.25,0.04583333333333333
54,1,1,10,174,178,0.5,0.55,178,1,1,-182645.71885445685,0.5,0.25,0.5,0.05,0.0375,0.25,0.012500000000000004
54,1,1,11,174,178,0.5,0.55,174,0,0,-182650.3163986059,0.5,0.6,0.6,0.08333333333333333,0.02181818181818182,-0.09999999999999998,0.06151515151515151
54,1,1,12,176,177,0.6,0.2,176,0,0,-182655.20640210595,0.5,0.4,0.5,0.08333333333333333,0.04,0.09999999999999998,0.04333333333333333
54,1,1,13,174,177,0.5,0.2,177,1,0,-182662.81257313903,0.6,0.5454545454545454,0.5454545454545454,0.04,0.02066115702479339,0.054545454545454564,0.019338842975206612
54,1,1,14,176,177,0.6,0.2,176,0,1,-182665.62754522424,0.5,0.5,0.5,0.08333333333333333,0.08333333333333333,0.0,0.0
54,1,1,15,175,177,0.45,0.2,175,0,0,-182670.0086659805,0.5,0.5,0.5,0.08333333333333333,0.08333333333333333,0.0,0.0
54,1,1,16,174,175,0.5,0.45,174,0,1,-182677.05883970947,0.5,0.3333333333333333,0.3333333333333333,0.08333333333333333,0.05555555555555555,0.16666666666666669,0.027777777777777776
54,1,1,17,174,177,0.5,0.2,177,1,0,-182679.44119906344,0.6666666666666666,0.25,0.25,0.05555555555555555,0.0375,0.41666666666666663,0.018055555555555554
54,1,1,18,175,178,0.45,0.55,178,1,1,-182687.380657318,0.6666666666666666,0.2,0.6666666666666666,0.05555555555555555,0.02666666666666667,0.4666666666666666,0.028888888888888884
54,1,1,19,174,175,0.5,0.45,174,0,0,-182692.3046427784,0.75,0.2,0.75,0.0375,0.02666666666666667,0.55,0.01083333333333333
54,1,1,20,175,178,0.45,0.55,178,1,1,-182699.7763921923,0.5,0.2,0.5,0.08333333333333333,0.02666666666666667,0.3,0.05666666666666666
54,1,2,0,180,181,0.45,0.2,181,1,0,-182729.8617155006,0.6,0.2,0.6,0.04,0.02666666666666667,0.39999999999999997,0.013333333333333332
54,1,2,1,180,184,0.45,0.5,184,1,0,-182735.8381056392,0.3333333333333333,0.6666666666666666,0.3333333333333333,0.05555555555555555,0.031746031746031744,-0.3333333333333333,0.023809523809523808
54,1,2,2,181,184,0.2,0.5,184,1,1,-182739.07415297156,0.25,0.2,0.25,0.0375,0.02666666666666667,0.04999999999999999,0.01083333333333333
54,1,2,3,180,184,0.45,0.5,180,0,0,-182745.2729403629,0.4,0.2,0.2,0.04,0.02666666666666667,0.2,0.013333333333333332
54,1,2,4,181,184,0.2,0.5,181,0,0,-182751.19086879896,0.4,0.16666666666666666,0.4,0.04,0.01984126984126984,0.23333333333333336,0.02015873015873016
54,1,2,5,180,184,0.45,0.5,184,1,0,-182757.000281734,0.5,0.16666666666666666,0.16666666666666666,0.03571428571428571,0.01984126984126984,0.33333333333333337,0.015873015873015872
54,1,2,6,181,184,0.2,0.5,181,0,0,-182761.9645992597,0.6666666666666666,0.14285714285714285,0.6666666666666666,0.031746031746031744,0.015306122448979591,0.5238095238095237,0.016439909297052153
54,1,2,7,181,184,0.2,0.5,181,0,0,-182765.85706862016,0.5,0.14285714285714285,0.5,0.03571428571428571,0.015306122448979591,0.35714285714285715,0.02040816326530612
54,1,2,8,181,184,0.2,0.5,181,0,0,-182771.3443406777,0.5,0.5,0.5,0.08333333333333333,0.08333333333333333,0.0,0.0
54,1,2,9,181,184,0.2,0.5,184,1,0,-182775.4005963804,0.7142857142857143,0.6666666666666666,0.6666666666666666,0.025510204081632654,0.05555555555555555,0.04761904761904767,-0.0300453514739229
54,1,2,10,180,181,0.45,0.2,180,0,0,-182777.59851888387,0.5714285714285714,0.5,0.5,0.030612244897959183,0.08333333333333333,0.0714285714285714,-0.052721088435374146
54,1,2,11,182,183,0.6,0.55,182,0,0,-182784.44230255875,0.7142857142857143,0.5,0.7142857142857143,0.025510204081632654,0.05,0.2142857142857143,-0.02448979591836735
54,1,2,12,181,183,0.2,0.55,183,1,0,-182790.16421899968,0.6666666666666666,0.75,0.75,0.05555555555555555,0.020833333333333332,-0.08333333333333337,0.034722222222222224
54,1,2,13,181,183,0.2,0.55,183,1,0,-182793.6608104113,0.6666666666666666,0.6666666666666666,0.6666666666666666,0.05555555555555555,0.022222222222222223,0.0,0.033333333333333326
54,1,2,14,181,184,0.2,0.5,181,0,0,-182798.810194862,0.5,0.5,0.5,0.08333333333333333,0.08333333333333333,0.0,0.0
54,1,2,15,180,183,0.45,0.55,180,0,0,-182801.1804983863,0.5,0.5,0.5,0.08333333333333333,0.08333333333333333,0.0,0.0
54,1,2,16,181,182,0.2,0.6,182,1,0,-182807.00481756625,0.3333333333333333,0.3333333333333333,0.3333333333333333,0.05555555555555555,0.05555555555555555,0.0,0.0
54,1,2,17,180,183,0.45,0.55,183,1,1,-182812.40391719464,0.25,0.3333333333333333,0.3333333333333333,0.0375,0.05555555555555555,-0.08333333333333331,-0.018055555555555554
54,1,2,18,182,183,0.6,0.55,182,0,1,-182816.165200235,0.25,0.5,0.25,0.0375,0.08333333333333333,-0.25,-0.04583333333333333
54,1,3,0,186,187,0.2,0.35,187,1,0,-182849.5992206604,0.4,0.5,0.4,0.04,0.08333333333333333,-0.09999999999999998,-0.04333333333333333
54,1,3,1,186,189,0.2,0.5,189,1,1,-182851.8738032372,0.5,0.5,0.5,0.08333333333333333,0.08333333333333333,0.0,0.0
54,1,3,2,187,189,0.35,0.5,189,1,1,-182860.1176174677,0.25,0.6666666666666666,0.6666666666666666,0.0375,0.05555555555555555,-0.41666666666666663,-0.018055555555555554
54,1,3,3,187,189,0.35,0.5,189,1,1,-182868.57345329088,0.5,0.3333333333333333,0.5,0.08333333333333333,0.031746031746031744,0.16666666666666669,0.051587301587301584
54,1,3,4,186,187,0.2,0.35,186,0,0,-182871.49723261892,0.3333333333333333,0.5,0.3333333333333333,0.031746031746031744,0.08333333333333333,-0.16666666666666669,-0.051587301587301584
54,1,3,5,186,189,0.2,0.5,189,1,1,-182878.31730943828,0.2857142857142857,0.75,0.2857142857142857,0.025510204081632654,0.0375,-0.4642857142857143,-0.011989795918367345
54,1,3,6,186,189,0.2,0.5,189,1,0,-182884.0707140532,0.375,0.75,0.375,0.026041666666666668,0.0375,-0.375,-0.01145833333333333
54,1,3,7,186,189,0.2,0.5,186,0,0,-182887.55170102225,0.3333333333333333,0.25,0.3333333333333333,0.05555555555555555,0.0375,0.08333333333333331,0.018055555555555554
54,1,3,8,186,187,0.2,0.35,187,1,0,-182894.13947028905,0.5,0.75,0.75,0.08333333333333333,0.0375,-0.25,0.04583333333333333
54,1,3,9,187,189,0.35,0.5,189,1,1,-182899.81458326205,0.25,0.6,0.6,0.0375,0.04,-0.35,-0.0025000000000000022
54,1,3,10,187,189,0.35,0.5,189,1,1,-182904.93856836972,0.3333333333333333,0.6666666666666666,0.3333333333333333,0.022222222222222223,0.031746031746031744,-0.3333333333333333,-0.009523809523809521
54,1,3,11,187,189,0.35,0.5,189,1,0,-182908.7557395117,0.3,0.5,0.5,0.019090909090909092,0.08333333333333333,-0.2,-0.06424242424242424
54,1,3,12,187,189,0.35,0.5,187,0,0,-182912.08406359903,0.25,0.3,0.25,0.0375,0.019090909090909092,-0.04999999999999999,0.018409090909090906
54,1,3,13,186,189,0.2,0.5,189,1,1,-182919.09514439892,0.25,0.3,0.3,0.0375,0.019090909090909092,-0.04999999999999999,0.018409090909090906
54,1,3,14,187,189,0.35,0.5,189,1,0,-182924.62099435856,0.25,0.6666666666666666,0.25,0.0375,0.031746031746031744,-0.41666666666666663,0.005753968253968254
54,1,3,15,188,190,0.6500000000000001,0.8,190,1,1,-182926.2197663286,0.2727272727272727,0.3333333333333333,0.2727272727272727,0.01652892561983471,0.05555555555555555,-0.06060606060606061,-0.03902662993572084
54,1,3,16,186,187,0.2,0.35,187,1,0,-182934.0800057635,0.4,0.25,0.4,0.04,0.014423076923076924,0.15000000000000002,0.025576923076923077
54,1,3,17,186,189,0.2,0.5,189,1,1,-182942.7488689904,0.5,0.5,0.5,0.08333333333333333,0.08333333333333333,0.0,0.0
54,1,3,18,187,189,0.35,0.5,189,1,1,-182947.5530045632,0.5,0.5,0.5,0.08333333333333333,0.08333333333333333,0.0,0.0
54,1,3,19,186,188,0.2,0.6500000000000001,188,1,1,-182950.16134265103,0.5,0.6666666666666666,0.6666666666666666,0.08333333333333333,0.05555555555555555,-0.16666666666666663,0.027777777777777776
54,1,3,20,186,189,0.2,0.5,189,1,0,-182953.5408199848,0.5,0.6666666666666666,0.6666666666666666,0.08333333333333333,0.05555555555555555,-0.16666666666666663,0.027777777777777776
54,1,3,21,186,188,0.2,0.6500000000000001,188,1,0,-182962.36790553684,0.5,0.75,0.75,0.08333333333333333,0.0375,-0.25,0.04583333333333333
54,1,4,0,193,194,0.55,0.45,194,1,1,-182990.9247451636,0.5,0.6,0.6,0.08333333333333333,0.04,-0.09999999999999998,0.04333333333333333
54,1,4,1,193,196,0.55,0.2,196,1,0,-182998.131909476,0.5,0.5,0.5,0.08333333333333333,0.05,0.0,0.033333333333333326
54,1,4,2,193,196,0.55,0.2,193,0,1,-183004.23866522557,0.5,0.5,0.5,0.08333333333333333,0.03571428571428571,0.0,0.047619047619047616
54,1,4,3,193,196,0.55,0.2,193,0,0,-183011.2414611065,0.5,0.4,0.4,0.08333333333333333,0.04,0.09999999999999998,0.04333333333333333
54,1,4,4,193,194,0.55,0.45,194,1,0,-183015.96344215705,0.5,0.5,0.5,0.08333333333333333,0.03571428571428571,0.0,0.047619047619047616
54,1,4,5,193,196,0.55,0.2,193,0,1,-183020.44975164343,0.5,0.42857142857142855,0.42857142857142855,0.08333333333333333,0.030612244897959183,0.07142857142857145,0.052721088435374146
54,1,4,6,194,196,0.45,0.2,196,1,1,-183023.58068728735,0.5,0.5,0.5,0.08333333333333333,0.027777777777777776,0.0,0.05555555555555555
54,1,4,7,193,196,0.55,0.2,196,1,0,-183029.3545544881,0.3333333333333333,0.5714285714285714,0.5714285714285714,0.05555555555555555,0.030612244897959183,-0.23809523809523808,0.02494331065759637
54,1,4,8,193,194,0.55,0.45,194,1,1,-183038.513476912,0.5,0.5,0.5,0.08333333333333333,0.08333333333333333,0.0,0.0
54,1,4,9,192,195,0.5,0.6,192,0,0,-183042.7015209172,0.6666666666666666,0.5,0.5,0.05555555555555555,0.027777777777777776,0.16666666666666663,0.027777777777777776
54,1,4,10,192,196,0.5,0.2,192,0,1,-183050.17460183203,0.3333333333333333,0.5,0.3333333333333333,0.05555555555555555,0.027777777777777776,-0.16666666666666669,0.027777777777777776
54,1,4,11,194,195,0.45,0.6,195,1,1,-183053.48585677895,0.5,0.5,0.5,0.05,0.08333333333333333,0.0,-0.033333333333333326
54,1,4,12,192,194,0.5,0.45,192,0,0,-183060.36845213597,0.5,0.5555555555555556,0.5555555555555556,0.027777777777777776,0.024691358024691357,-0.05555555555555558,0.0030864197530864196
54,1,4,13,193,196,0.55,0.2,196,1,0,-183065.78160841195,0.5,0.5,0.5,0.05,0.027777777777777776,0.0,0.022222222222222227
54,1,4,14,194,196,0.45,0.2,194,0,0,-183073.5569278266,0.6,0.6666666666666666,0.6,0.04,0.05555555555555555,-0.06666666666666665,-0.015555555555555552
54,1,4,15,192,193,0.5,0.55,193,1,1,-183077.91725971227,0.6666666666666666,0.6,0.6666666666666666,0.05555555555555555,0.02181818181818182,0.06666666666666665,0.03373737373737373
54,1,4,16,195,196,0.6,0.2,195,0,1,-183080.7804939087,0.5,0.6,0.6,0.027777777777777776,0.02181818181818182,-0.09999999999999998,0.005959595959595956
54,1,4,17,194,195,0.45,0.6,194,0,1,-183089.12154307065,0.6666666666666666,0.5,0.5,0.031746031746031744,0.027777777777777776,0.16666666666666663,0.003968253968253968
55,0,0,0,80,82,0.2,0.6500000000000001,82,1,1,-87205.8328590305,0.5,0.5,0.5,0.08333333333333333,0.08333333333333333,0.0,0.0
55,0,0,1,80,83,0.2,0.8,80,0,0,-87195.30668468161,0.6666666666666666,0.5,0.5,0.05555555555555555,0.08333333333333333,0.16666666666666663,-0.027777777777777776
55,0,0,2,81,83,0.35,0.8,83,1,1,-87255.7281143239,0.5,0.6666666666666666,0.5,0.08333333333333333,0.05555555555555555,-0.16666666666666663,0.027777777777777776
55,0,0,3,79,82,0.5,0.6500000000000001,79,0,0,-87261.79046119169,0.5,0.6666666666666666,0.6666666666666666,0.08333333333333333,0.05555555555555555,-0.16666666666666663,0.027777777777777776
55,0,0,4,80,82,0.2,0.6500000000000001,82,1,0,-87266.93413502534,0.3333333333333333,0.75,0.3333333333333333,0.05555555555555555,0.0375,-0.4166666666666667,0.018055555555555554
55,0,0,5,82,83,0.6500000000000001,0.8,83,1,0,-87270.73001514583,0.5,0.6666666666666666,0.6666666666666666,0.08333333333333333,0.05555555555555555,-0.16666666666666663,0.027777777777777776
55,0,0,6,81,83,0.35,0.8,81,0,1,-87275.02477540307,0.5,0.75,0.5,0.08333333333333333,0.0375,-0.25,0.04583333333333333
55,0,0,7,80,83,0.2,0.8,83,1,1,-87280.13248052358,0.5,0.3333333333333333,0.3333333333333333,0.08333333333333333,0.05555555555555555,0.16666666666666669,0.027777777777777776
55,0,0,8,79,81,0.5,0.35,79,0,1,-87284.015093598,0.5,0.75,0.5,0.05,0.0375,-0.25,0.012500000000000004
55,0,0,9,80,82,0.2,0.6500000000000001,80,0,0,-87287.79800180302,0.5,0.75,0.75,0.08333333333333333,0.0375,-0.25,0.04583333333333333
55,0,0,10,79,80,0.5,0.2,79,0,1,-87291.69408593078,0.75,0.25,0.25,0.0375,0.0375,0.5,0.0
55,0,0,11,81,83,0.35,0.8,81,0,1,-87296.84836542727,0.5,0.2,0.2,0.08333333333333333,0.02666666666666667,0.3,0.05666666666666666
55,0,0,12,82,83,0.6500000000000001,0.8,83,1,0,-87301.54641627819,0.75,0.16666666666666666,0.75,0.0375,0.01984126984126984,0.5833333333333334,0.01765873015873016
55,0,0,13,82,83,0.6500000000000001,0.8,82,0,0,-87306.33692775165,0.6,0.8,0.8,0.04,0.02666666666666667,-0.20000000000000007,0.013333333333333332
55,0,0,14,79,83,0.5,0.8,79,0,0,-87308.05631511871,0.6,0.6666666666666666,0.6,0.04,0.031746031746031744,-0.06666666666666665,0.008253968253968257
55,0,0,15,81,82,0.35,0.6500000000000001,81,0,1,-87315.36950607903,0.6,0.6666666666666666,0.6666666666666666,0.04,0.031746031746031744,-0.06666666666666665,0.008253968253968257
55,0,0,16,79,81,0.5,0.35,81,1,0,-87319.08973558705,0.6,0.7142857142857143,0.7142857142857143,0.04,0.025510204081632654,-0.11428571428571432,0.014489795918367347
55,0,0,17,81,82,0.35,0.6500000000000001,81,0,1,-87323.0531090616,0.75,0.16666666666666666,0.75,0.020833333333333332,0.01984126984126984,0.5833333333333334,0.000992063492063492
55,0,0,18,80,81,0.2,0.35,81,1,1,-87327.84761035646,0.6,0.16666666666666666,0.16666666666666666,0.04,0.01984126984126984,0.43333333333333335,0.02015873015873016
55,0,0,19,79,83,0.5,0.8,79,0,0,-87333.42599922618,0.5,0.6666666666666666,0.6666666666666666,0.08333333333333333,0.031746031746031744,-0.16666666666666663,0.051587301587301584
55,0,0,20,82,83,0.6500000000000001,0.8,82,0,1,-87338.38153704561,0.5,0.7142857142857143,0.7142857142857143,0.08333333333333333,0.025510204081632654,-0.2142857142857143,0.057823129251700675
55,0,1,0,85,89,0.35,0.6500000000000001,89,1,0,-87366.34900617572,0.7777777777777778,0.14285714285714285,0.7777777777777778,0.01728395061728395,0.015306122448979591,0.6349206349206349,0.0019778281683043575
55,0,1,1,85,87,0.35,0.5,85,0,0,-87372.73742808464,0.5,0.75,0.75,0.08333333333333333,0.020833333333333332,-0.25,0.0625
55,0,1,2,87,89,0.5,0.6500000000000001,87,0,0,-87376.65837910146,0.5,0.6,0.6,0.08333333333333333,0.04,-0.09999999999999998,0.04333333333333333
55,0,1,3,85,89,0.35,0.6500000000000001,89,1,1,-87379.92459116546,0.6666666666666666,0.14285714285714285,0.6666666666666666,0.031746031746031744,0.015306122448979591,0.5238095238095237,0.016439909297052153
55,0,1,4,87,89,0.5,0.6500000000000001,87,0,1,-87385.01888725073,0.14285714285714285,0.6666666666666666,0.14285714285714285,0.015306122448979591,0.022222222222222223,-0.5238095238095237,-0.006916099773242632
55,0,1,5,85,87,0.35,0.5,87,1,1,-87389.95026458167,0.5,0.8,0.8,0.08333333333333333,0.014545454545454545,-0.30000000000000004,0.06878787878787879
55,0,1,6,87,89,0.5,0.6500000000000001,87,0,0,-87393.82778794639,0.5,0.7142857142857143,0.5,0.08333333333333333,0.025510204081632654,-0.2142857142857143,0.057823129251700675
55,0,1,7,85,87,0.35,0.5,85,0,1,-87398.41858759269,0.125,0.6666666666666666,0.125,0.012152777777777778,0.022222222222222223,-0.5416666666666666,-0.010069444444444445
55,0,1,8,85,89,0.35,0.6500000000000001,85,0,0,-87402.49411396243,0.7272727272727273,0.6666666666666666,0.6666666666666666,0.01652892561983471,0.022222222222222223,0.06060606060606066,-0.005693296602387512
55,0,1,9,86,88,0.2,0.8,88,1,1,-87406.91024248651,0.7272727272727273,0.6,0.7272727272727273,0.01652892561983471,0.02181818181818182,0.12727272727272732,-0.005289256198347109
55,0,1,10,87,88,0.5,0.8,88,1,1,-87410.9791074388,0.7142857142857143,0.6,0.6,0.025510204081632654,0.02181818181818182,0.11428571428571432,0.0036920222634508337
55,0,1,11,88,89,0.8,0.6500000000000001,88,0,1,-87414.708635582,0.7142857142857143,0.6666666666666666,0.7142857142857143,0.025510204081632654,0.017094017094017096,0.04761904761904767,0.008416186987615558
55,0,1,12,86,88,0.2,0.8,88,1,1,-87419.86396045062,0.3333333333333333,0.2222222222222222,0.3333333333333333,0.05555555555555555,0.01728395061728395,0.1111111111111111,0.0382716049382716
55,0,1,13,85,86,0.35,0.2,86,1,0,-87423.75880683115,0.625,0.2222222222222222,0.625,0.026041666666666668,0.01728395061728395,0.4027777777777778,0.008757716049382719
55,0,1,14,86,89,0.2,0.6500000000000001,86,0,0,-87428.55784324583,0.6666666666666666,0.5454545454545454,0.6666666666666666,0.017094017094017096,0.02066115702479339,0.12121212121212122,-0.0035671399307762933
55,0,1,15,86,89,0.2,0.6500000000000001,89,1,0,-87433.18998419776,0.25,0.5454545454545454,0.25,0.0375,0.02066115702479339,-0.2954545454545454,0.01683884297520661
55,0,1,16,86,87,0.2,0.5,87,1,1,-87436.7682618636,0.4,0.2222222222222222,0.4,0.04,0.01728395061728395,0.1777777777777778,0.022716049382716052
55,0,1,17,85,87,0.35,0.5,85,0,0,-87441.0810160732,0.5,0.2222222222222222,0.5,0.03571428571428571,0.01728395061728395,0.2777777777777778,0.018430335097001763
55,0,2,0,91,93,0.6,0.45,91,0,1,-87468.58140704055,0.2222222222222222,0.5454545454545454,0.5454545454545454,0.01728395061728395,0.02066115702479339,-0.3232323232323232,-0.00337720640750944
55,0,2,1,93,95,0.45,0.5,95,1,0,-87472.31336961077,0.42857142857142855,0.6923076923076923,0.6923076923076923,0.030612244897959183,0.015215553677092139,-0.26373626373626374,0.015396691220867044
55,0,2,2,91,93,0.6,0.45,91,0,1,-87476.43856039102,0.5555555555555556,0.2222222222222222,0.5555555555555556,0.024691358024691357,0.01728395061728395,0.33333333333333337,0.007407407407407408
55,0,2,3,91,93,0.6,0.45,93,1,0,-87480.50642999043,0.5,0.2222222222222222,0.5,0.022727272727272728,0.01728395061728395,0.2777777777777778,0.005443322109988779
55,0,2,4,93,95,0.45,0.5,95,1,1,-87484.61823796465,0.2222222222222222,0.5833333333333334,0.5833333333333334,0.01728395061728395,0.018696581196581196,-0.36111111111111116,-0.0014126305792972471
55,0,2,5,91,93,0.6,0.45,91,0,1,-87488.3709674254,0.6428571428571429,0.6153846153846154,0.6153846153846154,0.015306122448979591,0.0169061707523246,0.027472527472527486,-0.0016000483033450086
55,0,2,6,93,95,0.45,0.5,95,1,0,-87492.996035443,0.5,0.5,0.5,0.08333333333333333,0.08333333333333333,0.0,0.0
55,0,2,7,91,93,0.6,0.45,91,0,1,-87500.14550409462,0.5,0.5,0.5,0.08333333333333333,0.08333333333333333,0.0,0.0
55,0,2,8,91,93,0.6,0.45,93,1,0,-87504.67383620013,0.6666666666666666,0.6666666666666666,0.6666666666666666,0.05555555555555555,0.05555555555555555,0.0,0.0
55,0,2,9,91,95,0.6,0.5,91,0,1,-87509.45547444046,0.6666666666666666,0.5,0.5,0.05555555555555555,0.08333333333333333,0.16666666666666663,-0.027777777777777776
55,0,2,10,91,93,0.6,0.45,93,1,1,-87513.97982296688,0.75,0.6666666666666666,0.6666666666666666,0.0375,0.05555555555555555,0.08333333333333337,-0.018055555555555554
55,0,2,11,93,95,0.45,0.5,93,0,1,-87519.30645064384,0.5,0.5,0.5,0.08333333333333333,0.08333333333333333,0.0,0.0
55,0,2,12,93,95,0.45,0.5,93,0,0,-87523.2866983838,0.3333333333333333,0.5,0.5,0.05555555555555555,0.08333333333333333,-0.16666666666666669,-0.027777777777777776
55,0,2,13,91,95,0.6,0.5,91,0,1,-87525.12457041604,0.6666666666666666,0.3333333333333333,0.6666666666666666,0.05555555555555555,0.05555555555555555,0.3333333333333333,0.0
55,0,2,14,92,94,0.2,0.55,94,1,0,-87533.53074529264,0.75,0.3333333333333333,0.75,0.0375,0.05555555555555555,0.4166666666666667,-0.018055555555555554
55,0,2,15,93,94,0.45,0.55,94,1,0,-87538.87571900027,0.3333333333333333,0.75,0.3333333333333333,0.05555555555555555,0.0375,-0.4166666666666667,0.018055555555555554
55,0,2,16,92,95,0.2,0.5,95,1,1,-87542.16504790886,0.75,0.6,0.75,0.0375,0.04,0.15000000000000002,-0.0025000000000000022
55,0,2,17,92,95,0.2,0.5,95,1,1,-87547.33409032163,0.75,0.3333333333333333,0.3333333333333333,0.0375,0.05555555555555555,0.4166666666666667,-0.018055555555555554
55,0,2,18,91,93,0.6,0.45,91,0,1,-87550.98903302698,0.8,0.25,0.8,0.02666666666666667,0.0375,0.55,-0.01083333333333333
55,0,2,19,91,92,0.6,0.2,92,1,0,-87555.2782131456,0.75,0.6666666666666666,0.75,0.0375,0.031746031746031744,0.08333333333333337,0.005753968253968254
55,0,2,20,91,94,0.6,0.55,94,1,0,-87559.5863886171,0.25,0.6666666666666666,0.6666666666666666,0.0375,0.031746031746031744,-0.41666666666666663,0.005753968253968254
55,0,2,21,91,95,0.6,0.5,91,0,1,-87562.65832728067,0.8,0.5714285714285714,0.8,0.02666666666666667,0.030612244897959183,0.22857142857142865,-0.003945578231292515
55,0,3,0,99,100,0.8,0.5,99,0,1,-87591.81090055409,0.5714285714285714,0.25,0.5714285714285714,0.030612244897959183,0.0375,0.3214285714285714,-0.006887755102040816
55,0,3,1,97,100,0.6500000000000001,0.5,100,1,1,-87596.45618447143,0.25,0.6666666666666666,0.25,0.0375,0.031746031746031744,-0.41666666666666663,0.005753968253968254
55,0,3,2,99,100,0.8,0.5,99,0,1,-87601.64175734231,0.2,0.6,0.6,0.02666666666666667,0.04,-0.39999999999999997,-0.013333333333333332
55,0,3,3,99,100,0.8,0.5,99,0,0,-87606.47451515756,0.2,0.5,0.2,0.02666666666666667,0.027777777777777776,-0.3,-0.0011111111111111079
55,0,3,4,98,101,0.35,0.2,98,0,1,-87610.53041591441,0.5,0.5,0.5,0.027777777777777776,0.03571428571428571,0.0,-0.007936507936507936
55,0,3,5,100,101,0.5,0.2,101,1,0,-87614.7342788141,0.3333333333333333,0.42857142857142855,0.42857142857142855,0.031746031746031744,0.030612244897959183,-0.09523809523809523,0.0011337868480725613
55,0,3,6,100,101,0.5,0.2,100,0,0,-87618.76986597881,0.5,0.5,0.5,0.027777777777777776,0.027777777777777776,0.0,0.0
55,0,3,7,97,101,0.6500000000000001,0.2,101,1,0,-87622.6237342153,0.3333333333333333,0.5555555555555556,0.5555555555555556,0.031746031746031744,0.024691358024691357,-0.22222222222222227,0.007054673721340388
55,0,3,8,97,98,0.6500000000000001,0.35,97,0,0,-87627.42748689304,0.3333333333333333,0.5,0.5,0.031746031746031744,0.027777777777777776,-0.16666666666666669,0.003968253968253968
55,0,3,9,97,98,0.6500000000000001,0.35,98,1,0,-87631.4100801641,0.5555555555555556,0.5,0.5555555555555556,0.024691358024691357,0.022727272727272728,0.05555555555555558,0.0019640852974186288
55,0,3,10,97,101,0.6500000000000001,0.2,101,1,0,-87635.61764017558,0.3333333333333333,0.6,0.6,0.031746031746031744,0.02181818181818182,-0.26666666666666666,0.009927849927849924
55,0,3,11,97,98,0.6500000000000001,0.35,98,1,1,-87639.25488688325,0.6666666666666666,0.25,0.6666666666666666,0.031746031746031744,0.0375,0.41666666666666663,-0.005753968253968254
55,0,3,12,99,101,0.8,0.2,99,0,1,-87643.66530124842,0.5454545454545454,0.25,0.25,0.02066115702479339,0.0375,0.2954545454545454,-0.01683884297520661
55,0,3,13,98,99,0.35,0.8,98,0,1,-87647.85969790233,0.5714285714285714,0.4,0.4,0.030612244897959183,0.04,0.17142857142857137,-0.009387755102040818
55,0,3,14,98,101,0.35,0.2,98,0,0,-87652.80529879703,0.5454545454545454,0.5,0.5,0.02066115702479339,0.022727272727272728,0.045454545454545414,-0.002066115702479339
55,0,3,15,97,101,0.6500000000000001,0.2,101,1,0,-87657.55097172977,0.5714285714285714,0.5454545454545454,0.5714285714285714,0.030612244897959183,0.02066115702479339,0.025974025974025983,0.009951087873165794
55,0,3,16,100,101,0.5,0.2,101,1,0,-87662.11503639985,0.3333333333333333,0.5,0.3333333333333333,0.031746031746031744,0.03571428571428571,-0.16666666666666669,-0.003968253968253968
55,0,3,17,98,99,0.35,0.8,98,0,0,-87666.3697636463,0.625,0.5454545454545454,0.625,0.026041666666666668,0.02066115702479339,0.07954545454545459,0.005380509641873279
55,0,3,18,98,99,0.35,0.8,99,1,1,-87671.780427508,0.6666666666666666,0.5454545454545454,0.5454545454545454,0.022222222222222223,0.02066115702479339,0.12121212121212122,0.001561065197428834
55,0,4,0,103,104,0.6,0.5,103,0,0,-87699.49021830753,0.42857142857142855,0.5,0.42857142857142855,0.030612244897959183,0.019230769230769232,-0.07142857142857145,0.011381475667189951
55,0,4,1,104,106,0.5,0.55,104,0,1,-87702.76860897991,0.375,0.6666666666666666,0.6666666666666666,0.026041666666666668,0.022222222222222223,-0.29166666666666663,0.0038194444444444448
55,0,4,2,104,106,0.5,0.55,106,1,1,-87706.42372352506,0.6,0.5454545454545454,0.5454545454545454,0.02181818181818182,0.02066115702479339,0.054545454545454564,0.001157024793388431
55,0,4,3,103,104,0.6,0.5,103,0,0,-87711.83302617869,0.5,0.5,0.5,0.08333333333333333,0.08333333333333333,0.0,0.0
55,0,4,4,103,106,0.6,0.55,106,1,1,-87716.10786227691,0.5,0.5,0.5,0.08333333333333333,0.08333333333333333,0.0,0.0
55,0,4,5,104,106,0.5,0.55,106,1,1,-87720.29007581489,0.3333333333333333,0.5,0.5,0.05555555555555555,0.08333333333333333,-0.16666666666666669,-0.027777777777777776
55,0,4,6,103,106,0.6,0.55,106,1,1,-87724.51229289894,0.3333333333333333,0.3333333333333333,0.3333333333333333,0.05555555555555555,0.05555555555555555,0.0,0.0
55,0,4,7,103,104,0.6,0.5,104,1,1,-87728.5235345913,0.5,0.3333333333333333,0.5,0.05,0.05555555555555555,0.16666666666666669,-0.00555555555555555
55,0,4,8,103,104,0.6,0.5,104,1,0,-87732.91241626481,0.3333333333333333,0.3333333333333333,0.3333333333333333,0.05555555555555555,0.05555555555555555,0.0,0.0
55,0,4,9,103,104,0.6,0.5,103,0,0,-87736.18141034426,0.6,0.3333333333333333,0.6,0.04,0.05555555555555555,0.26666666666666666,-0.015555555555555552
55,0,4,10,104,106,0.5,0.55,104,0,1,-87741.05610698435,0.5,0.3333333333333333,0.3333333333333333,0.03571428571428571,0.05555555555555555,0.16666666666666669,-0.01984126984126984
55,0,4,11,105,107,0.2,0.45,105,0,0,-87740.9192979455,0.25,0.5,0.25,0.0375,0.05,-0.25,-0.012500000000000004
55,0,4,12,106,107,0.55,0.45,107,1,0,-87753.5222898736,0.5,0.2,0.5,0.03571428571428571,0.02666666666666667,0.3,0.009047619047619044
55,0,4,13,103,105,0.6,0.2,103,0,1,-87758.61333653939,0.2,0.5,0.2,0.02666666666666667,0.05,-0.3,-0.023333333333333334
55,0,4,14,104,105,0.5,0.2,104,0,0,-87761.81068244835,0.16666666666666666,0.5,0.16666666666666666,0.01984126984126984,0.05,-0.33333333333333337,-0.030158730158730163
55,0,4,15,104,107,0.5,0.45,107,1,0,-87766.11672516142,0.5714285714285714,0.5,0.5714285714285714,0.030612244897959183,0.05,0.0714285714285714,-0.01938775510204082
55,0,4,16,105,107,0.2,0.45,107,1,0,-87770.69159821578,0.5,0.5,0.5,0.027777777777777776,0.05,0.0,-0.022222222222222227
55,0,4,17,103,104,0.6,0.5,103,0,1,-87775.90216175039,0.5,0.5,0.5,0.08333333333333333,0.08333333333333333,0.0,0.0
55,0,4,18,106,107,0.55,0.45,106,0,0,-87781.25136738196,0.5,0.5,0.5,0.027777777777777776,0.08333333333333333,0.0,-0.05555555555555555
55,0,4,19,103,107,0.6,0.45,103,0,1,-87785.64251094763,0.14285714285714285,0.4,0.4,0.015306122448979591,0.04,-0.2571428571428572,-0.02469387755102041
55,0,4,20,105,107,0.2,0.45,105,0,0,-87789.60533455203,0.14285714285714285,0.5,0.5,0.015306122448979591,0.08333333333333333,-0.35714285714285715,-0.06802721088435373
55,0,4,21,103,106,0.6,0.55,106,1,1,-87794.74466112147,0.3333333333333333,0.14285714285714285,0.14285714285714285,0.05555555555555555,0.015306122448979591,0.19047619047619047,0.04024943310657596
55,0,4,22,103,105,0.6,0.2,103,0,1,-87798.83586456727,0.4444444444444444,0.3333333333333333,0.3333333333333333,0.024691358024691357,0.05555555555555555,0.1111111111111111,-0.030864197530864196
55,1,0,0,170,172,0.5,0.6500000000000001,170,0,1,-88073.86065054851,0.4444444444444444,0.125,0.125,0.024691358024691357,0.012152777777777778,0.3194444444444444,0.012538580246913579
55,1,0,1,171,172,0.35,0.6500000000000001,172,1,0,-88078.14845318785,0.1111111111111111,0.3333333333333333,0.1111111111111111,0.009876543209876543,0.031746031746031744,-0.2222222222222222,-0.021869488536155203
55,1,0,2,171,172,0.35,0.6500000000000001,171,0,1,-88083.03855624309,0.5,0.3333333333333333,0.3333333333333333,0.05,0.031746031746031744,0.16666666666666669,0.01825396825396826
55,1,0,3,170,171,0.5,0.35,170,0,1,-88085.45650579597,0.1,0.2857142857142857,0.2857142857142857,0.008181818181818182,0.025510204081632654,-0.1857142857142857,-0.01732838589981447
55,1,0,4,170,171,0.5,0.35,170,0,1,-88091.68987540422,0.5,0.1,0.1,0.05,0.008181818181818182,0.4,0.041818181818181824
55,1,0,5,170,172,0.5,0.6500000000000001,170,0,1,-88096.7165867928,0.5,0.25,0.5,0.05,0.020833333333333332,0.25,0.02916666666666667
55,1,0,6,171,172,0.35,0.6500000000000001,171,0,0,-88100.5495035389,0.4444444444444444,0.6666666666666666,0.4444444444444444,0.024691358024691357,0.05555555555555555,-0.2222222222222222,-0.030864197530864196
55,1,0,7,170,171,0.5,0.35,171,1,0,-88105.03297660411,0.4,0.6666666666666666,0.4,0.02181818181818182,0.05555555555555555,-0.2666666666666666,-0.03373737373737373
55,1,0,8,169,173,0.2,0.8,173,1,1,-88108.17288362904,0.36363636363636365,0.25,0.25,0.01928374655647383,0.020833333333333332,0.11363636363636365,-0.0015495867768595024
55,1,0,9,169,172,0.2,0.6500000000000001,172,1,0,-88113.99469938857,0.18181818181818182,0.2222222222222222,0.18181818181818182,0.012396694214876033,0.01728395061728395,-0.04040404040404039,-0.0048872564024079156
55,1,0,10,169,172,0.2,0.6500000000000001,172,1,1,-88118.4498256911,0.36363636363636365,0.6666666666666666,0.36363636363636365,0.01928374655647383,0.05555555555555555,-0.303030303030303,-0.03627180899908172
55,1,0,11,170,171,0.5,0.35,171,1,1,-88122.66566778548,0.6666666666666666,0.2222222222222222,0.6666666666666666,0.05555555555555555,0.01728395061728395,0.4444444444444444,0.0382716049382716
55,1,0,12,169,171,0.2,0.35,171,1,0,-88126.37285092555,0.6,0.5,0.5,0.04,0.05,0.09999999999999998,-0.010000000000000002
55,1,0,13,170,173,0.5,0.8,173,1,0,-88130.32919523654,0.4,0.2222222222222222,0.2222222222222222,0.04,0.01728395061728395,0.1777777777777778,0.022716049382716052
55,1,0,14,169,170,0.2,0.5,170,1,0,-88136.56563938632,0.4166666666666667,0.4,0.4,0.018696581196581196,0.04,0.016666666666666663,-0.021303418803418805
55,1,0,15,170,172,0.5,0.6500000000000001,170,0,0,-88140.68578063662,0.6,0.3333333333333333,0.6,0.04,0.031746031746031744,0.26666666666666666,0.008253968253968257
55,1,0,16,171,172,0.35,0.6500000000000001,172,1,1,-88144.19787815576,0.4166666666666667,0.16666666666666666,0.16666666666666666,0.018696581196581196,0.010683760683760684,0.25,0.008012820512820512
55,1,0,17,169,170,0.2,0.5,170,1,1,-88147.96288332771,0.6666666666666666,0.3333333333333333,0.6666666666666666,0.031746031746031744,0.031746031746031744,0.3333333333333333,0.0
55,1,1,0,176,178,0.45,0.6,178,1,0,-88180.37028769289,0.4166666666666667,0.23076923076923078,0.23076923076923078,0.018696581196581196,0.01267962806424345,0.1858974358974359,0.006016953132337747
55,1,1,1,176,177,0.45,0.5,176,0,0,-88185.12563269355,0.4166666666666667,0.7142857142857143,0.4166666666666667,0.018696581196581196,0.025510204081632654,-0.2976190476190476,-0.0068136228850514576
55,1,1,2,177,178,0.5,0.6,178,1,1,-88189.80141099264,0.21428571428571427,0.3333333333333333,0.21428571428571427,0.011224489795918367,0.031746031746031744,-0.11904761904761904,-0.020521541950113378
55,1,1,3,176,177,0.45,0.5,177,1,0,-88192.40501252568,0.38461538461538464,0.7142857142857143,0.7142857142857143,0.0169061707523246,0.025510204081632654,-0.32967032967032966,-0.008604033329308054
55,1,1,4,177,178,0.5,0.6,178,1,1,-88199.55127052791,0.38461538461538464,0.3333333333333333,0.3333333333333333,0.0169061707523246,0.031746031746031744,0.05128205128205132,-0.014839860993707144
55,1,1,5,176,177,0.45,0.5,177,1,1,-88202.82585970295,0.5,0.5,0.5,0.08333333333333333,0.08333333333333333,0.0,0.0
55,1,1,6,177,178,0.5,0.6,178,1,1,-88208.13215076088,0.5,0.5,0.5,0.08333333333333333,0.08333333333333333,0.0,0.0
55,1,1,7,176,178,0.45,0.6,178,1,1,-88212.54899914448,0.5,0.3333333333333333,0.3333333333333333,0.08333333333333333,0.05555555555555555,0.16666666666666669,0.027777777777777776
55,1,1,8,176,178,0.45,0.6,178,1,0,-88215.70690598653,0.6666666666666666,0.5,0.5,0.05555555555555555,0.08333333333333333,0.16666666666666663,-0.027777777777777776
55,1,1,9,177,178,0.5,0.6,178,1,1,-88220.66013791274,0.6666666666666666,0.5,0.5,0.05555555555555555,0.05,0.16666666666666663,0.00555555555555555
55,1,1,10,175,179,0.55,0.2,179,1,0,-88225.94307204598,0.6666666666666666,0.4,0.6666666666666666,0.05555555555555555,0.04,0.2666666666666666,0.015555555555555552
55,1,1,11,177,178,0.5,0.6,178,1,0,-88229.94312871211,0.6666666666666666,0.4,0.4,0.05555555555555555,0.04,0.2666666666666666,0.015555555555555552
55,1,1,12,176,179,0.45,0.2,179,1,0,-88235.38078606888,0.6666666666666666,0.3333333333333333,0.6666666666666666,0.05555555555555555,0.031746031746031744,0.3333333333333333,0.023809523809523808
55,1,1,13,176,177,0.45,0.5,176,0,0,-88239.71061768894,0.75,0.5,0.5,0.0375,0.05,0.25,-0.012500000000000004
55,1,1,14,175,176,0.55,0.45,176,1,1,-88243.83259200458,0.5,0.5,0.5,0.08333333333333333,0.08333333333333333,0.0,0.0
55,1,1,15,177,179,0.5,0.2,177,0,1,-88247.17033340626,0.4,0.5,0.5,0.04,0.08333333333333333,-0.09999999999999998,-0.04333333333333333
55,1,1,16,175,178,0.55,0.6,178,1,0,-88251.19582172873,0.3333333333333333,0.6666666666666666,0.6666666666666666,0.05555555555555555,0.05555555555555555,-0.3333333333333333,0.0
55,1,1,17,175,176,0.55,0.45,175,0,1,-88255.25493833123,0.75,0.3333333333333333,0.3333333333333333,0.0375,0.05555555555555555,0.4166666666666667,-0.018055555555555554
55,1,1,18,177,178,0.5,0.6,178,1,0,-88250.68023754815,0.4,0.3333333333333333,0.3333333333333333,0.04,0.031746031746031744,0.06666666666666671,0.008253968253968257
55,1,2,0,181,183,0.55,0.45,183,1,1,-88297.3036561371,0.4,0.5,0.5,0.04,0.05,-0.09999999999999998,-0.010000000000000002
55,1,2,1,181,184,0.55,0.2,184,1,0,-88301.54305259621,0.4,0.6,0.6,0.04,0.04,-0.19999999999999996,0.0
55,1,2,2,181,184,0.55,0.2,184,1,0,-88306.39188428446,0.42857142857142855,0.5,0.42857142857142855,0.030612244897959183,0.03571428571428571,-0.07142857142857145,-0.005102040816326529
55,1,2,3,183,184,0.45,0.2,184,1,0,-88310.41016419299,0.75,0.5,0.75,0.0375,0.05,0.25,-0.012500000000000004
55,1,2,4,183,184,0.45,0.2,183,0,1,-88314.64710426627,0.5,0.375,0.5,0.05,0.026041666666666668,0.125,0.023958333333333335
55,1,2,5,183,184,0.45,0.2,183,0,0,-88318.38883270018,0.4,0.375,0.4,0.04,0.026041666666666668,0.025000000000000022,0.013958333333333333
55,1,2,6,181,184,0.55,0.2,181,0,0,-88321.19522884798,0.3333333333333333,0.375,0.3333333333333333,0.031746031746031744,0.026041666666666668,-0.041666666666666685,0.0057043650793650764
55,1,2,7,183,184,0.45,0.2,183,0,1,-88326.27924467972,0.2857142857142857,0.375,0.2857142857142857,0.025510204081632654,0.026041666666666668,-0.0892857142857143,-0.0005314625850340142
55,1,2,8,181,183,0.55,0.45,181,0,0,-88329.83409147995,0.6,0.5,0.6,0.04,0.03571428571428571,0.09999999999999998,0.0042857142857142885
55,1,2,9,181,184,0.55,0.2,181,0,1,-88335.25065192491,0.375,0.5,0.5,0.026041666666666668,0.03571428571428571,-0.125,-0.009672619047619044
55,1,2,10,181,184,0.55,0.2,184,1,0,-88339.23318367376,0.4,0.375,0.4,0.04,0.026041666666666668,0.025000000000000022,0.013958333333333333
55,1,2,11,181,184,0.55,0.2,181,0,1,-88344.45154464252,0.25,0.375,0.375,0.020833333333333332,0.026041666666666668,-0.125,-0.005208333333333336
55,1,2,12,181,184,0.55,0.2,184,1,0,-88347.44429168133,0.3333333333333333,0.4444444444444444,0.3333333333333333,0.031746031746031744,0.024691358024691357,-0.1111111111111111,0.007054673721340388
55,1,2,13,183,184,0.45,0.2,183,0,1,-88352.33297824844,0.25,0.5714285714285714,0.25,0.020833333333333332,0.030612244897959183,-0.3214285714285714,-0.00977891156462585
55,1,2,14,181,184,0.55,0.2,181,0,1,-88356.51584797922,0.4444444444444444,0.5714285714285714,0.4444444444444444,0.024691358024691357,0.030612244897959183,-0.12698412698412698,-0.005920886873267826
55,1,2,15,182,185,0.5,0.6,185,1,1,-88359.74034401255,0.5,0.5714285714285714,0.5,0.03571428571428571,0.030612244897959183,-0.0714285714285714,0.005102040816326529
55,1,2,16,183,185,0.45,0.6,185,1,0,-88366.10207052439,0.42857142857142855,0.2222222222222222,0.42857142857142855,0.030612244897959183,0.01728395061728395,0.20634920634920634,0.013328294280675234
55,1,2,17,181,182,0.55,0.5,182,1,1,-88370.66792033883,0.375,0.42857142857142855,0.375,0.026041666666666668,0.030612244897959183,-0.05357142857142855,-0.004570578231292515
55,1,2,18,183,185,0.45,0.6,183,0,1,-88374.48562828888,0.3333333333333333,0.5,0.5,0.022222222222222223,0.022727272727272728,-0.16666666666666669,-0.0005050505050505048
55,1,2,19,182,183,0.5,0.45,183,1,0,-88378.21531451156,0.2222222222222222,0.5454545454545454,0.5454545454545454,0.01728395061728395,0.02066115702479339,-0.3232323232323232,-0.00337720640750944
55,1,2,20,182,183,0.5,0.45,182,0,0,-88382.20864123614,0.42857142857142855,0.5833333333333334,0.42857142857142855,0.030612244897959183,0.018696581196581196,-0.15476190476190482,0.011915663701377987
55,1,3,0,188,189,0.2,0.5,189,1,0,-88407.46594648156,0.375,0.5714285714285714,0.5714285714285714,0.026041666666666668,0.030612244897959183,-0.1964285714285714,-0.004570578231292515
55,1,3,1,188,190,0.2,0.55,188,0,0,-88414.94284566621,0.5,0.5,0.5,0.08333333333333333,0.08333333333333333,0.0,0.0
55,1,3,2,188,189,0.2,0.5,188,0,0,-88418.75119188466,0.5,0.5,0.5,0.08333333333333333,0.08333333333333333,0.0,0.0
55,1,3,3,188,189,0.2,0.5,189,1,0,-88422.56782438031,0.5,0.6666666666666666,0.6666666666666666,0.08333333333333333,0.05555555555555555,-0.16666666666666663,0.027777777777777776
55,1,3,4,189,190,0.5,0.55,189,0,1,-88426.23151403968,0.5,0.5,0.5,0.08333333333333333,0.05,0.0,0.033333333333333326
55,1,3,5,189,190,0.5,0.55,189,0,0,-88430.2127496752,0.5,0.6,0.6,0.08333333333333333,0.04,-0.09999999999999998,0.04333333333333333
55,1,3,6,187,191,0.45,0.6,191,1,1,-88434.2505841525,0.6666666666666666,0.6666666666666666,0.6666666666666666,0.05555555555555555,0.031746031746031744,0.0,0.023809523809523808
55,1,3,7,188,191,0.2,0.6,191,1,1,-88438.8179691217,0.5,0.5,0.5,0.08333333333333333,0.08333333333333333,0.0,0.0
55,1,3,8,187,189,0.45,0.5,187,0,0,-88443.4533546492,0.5,0.5,0.5,0.08333333333333333,0.08333333333333333,0.0,0.0
55,1,3,9,189,190,0.5,0.55,189,0,0,-88448.15426776405,0.3333333333333333,0.5714285714285714,0.3333333333333333,0.05555555555555555,0.030612244897959183,-0.23809523809523808,0.02494331065759637
55,1,3,10,189,191,0.5,0.6,189,0,1,-88451.66767429432,0.5,0.5714285714285714,0.5,0.08333333333333333,0.030612244897959183,-0.0714285714285714,0.052721088435374146
55,1,3,11,189,191,0.5,0.6,189,0,0,-88455.3449873403,0.6666666666666666,0.5714285714285714,0.5714285714285714,0.05555555555555555,0.030612244897959183,0.09523809523809523,0.02494331065759637
55,1,3,12,187,188,0.45,0.2,187,0,0,-88458.93030857113,0.6666666666666666,0.6666666666666666,0.6666666666666666,0.05555555555555555,0.05555555555555555,0.0,0.0
55,1,3,13,190,191,0.55,0.6,191,1,0,-88463.74972768163,0.3333333333333333,0.625,0.3333333333333333,0.05555555555555555,0.026041666666666668,-0.2916666666666667,0.029513888888888885
55,1,3,14,187,191,0.45,0.6,191,1,1,-88467.1800004212,0.5,0.5,0.5,0.05,0.05,0.0,0.0
55,1,3,15,189,191,0.5,0.6,189,0,0,-88472.25336635853,0.5,0.5,0.5,0.05,0.05,0.0,0.0
55,1,3,16,189,190,0.5,0.55,190,1,0,-88476.09729580053,0.5,0.6666666666666666,0.6666666666666666,0.05,0.05555555555555555,-0.16666666666666663,-0.00555555555555555
55,1,3,17,188,189,0.2,0.5,188,0,1,-88480.56877792758,0.5,0.6,0.5,0.05,0.04,-0.09999999999999998,0.010000000000000002
55,1,3,18,187,189,0.45,0.5,189,1,0,-88484.76866204308,0.5,0.6,0.6,0.05,0.04,-0.09999999999999998,0.010000000000000002
55,1,3,19,187,191,0.45,0.6,187,0,1,-88481.83955246423,0.5,0.625,0.5,0.03571428571428571,0.026041666666666668,-0.125,0.009672619047619044
55,1,3,20,189,190,0.5,0.55,189,0,0,-88499.7921815267,0.4,0.625,0.625,0.04,0.026041666666666668,-0.22499999999999998,0.013958333333333333
55,1,3,21,188,189,0.2,0.5,188,0,0,-88503.94813544756,0.6,0.5714285714285714,0.5714285714285714,0.04,0.030612244897959183,0.02857142857142858,0.009387755102040818
55,1,4,0,195,197,0.6,0.45,197,1,1,-88530.67675552862,0.625,0.6666666666666666,0.625,0.026041666666666668,0.022222222222222223,-0.04166666666666663,0.0038194444444444448
55,1,4,1,193,195,0.5,0.6,195,1,1,-88535.1402151476,0.5,0.6666666666666666,0.5,0.05,0.022222222222222223,-0.16666666666666663,0.02777777777777778
55,1,4,2,193,197,0.5,0.45,197,1,1,-88538.71139530576,0.6,0.6,0.6,0.04,0.04,0.0,0.0
55,1,4,3,193,195,0.5,0.6,195,1,0,-88544.2109834954,0.6,0.6666666666666666,0.6,0.04,0.022222222222222223,-0.06666666666666665,0.017777777777777778
55,1,4,4,193,197,0.5,0.45,197,1,0,-88548.22781051982,0.6666666666666666,0.6666666666666666,0.6666666666666666,0.031746031746031744,0.031746031746031744,0.0,0.0
55,1,4,5,193,197,0.5,0.45,197,1,0,-88552.54069751372,0.5714285714285714,0.6666666666666666,0.6666666666666666,0.030612244897959183,0.022222222222222223,-0.09523809523809523,0.00839002267573696
55,1,4,6,193,195,0.5,0.6,195,1,0,-88556.76054003976,0.5714285714285714,0.6,0.6,0.030612244897959183,0.02181818181818182,-0.02857142857142858,0.008794063079777363
55,1,4,7,193,197,0.5,0.45,197,1,1,-88561.34503117716,0.6666666666666666,0.6363636363636364,0.6363636363636364,0.031746031746031744,0.01928374655647383,0.030303030303030276,0.012462285189557915
55,1,4,8,193,195,0.5,0.6,195,1,1,-88561.35002721823,0.5714285714285714,0.6666666666666666,0.6666666666666666,0.030612244897959183,0.017094017094017096,-0.09523809523809523,0.013518227803942087
55,1,4,9,193,195,0.5,0.6,195,1,0,-88572.91599274884,0.6666666666666666,0.6153846153846154,0.6153846153846154,0.031746031746031744,0.0169061707523246,0.05128205128205121,0.014839860993707144
55,1,4,10,193,195,0.5,0.6,195,1,1,-88577.18056222072,0.5714285714285714,0.5714285714285714,0.5714285714285714,0.030612244897959183,0.0163265306122449,0.0,0.014285714285714284
55,1,4,11,193,195,0.5,0.6,193,0,0,-88580.80193468231,0.6666666666666666,0.5714285714285714,0.5714285714285714,0.031746031746031744,0.0163265306122449,0.09523809523809523,0.015419501133786845
55,1,4,12,193,197,0.5,0.45,197,1,0,-88584.82417643337,0.625,0.6,0.625,0.026041666666666668,0.015,0.025000000000000022,0.011041666666666668
55,1,4,13,194,196,0.55,0.2,194,0,1,-88588.75910453357,0.5555555555555556,0.6666666666666666,0.5555555555555556,0.024691358024691357,0.031746031746031744,-0.11111111111111105,-0.007054673721340388
55,1,4,14,194,197,0.55,0.45,197,1,1,-88592.90725950924,0.5,0.6666666666666666,0.6666666666666666,0.022727272727272728,0.031746031746031744,-0.16666666666666663,-0.009018759018759016
55,1,4,15,193,195,0.5,0.6,193,0,1,-88597.01745900232,0.7142857142857143,0.6,0.7142857142857143,0.025510204081632654,0.015,0.11428571428571432,0.010510204081632654
55,1,4,16,193,196,0.5,0.2,196,1,0,-88596.31357924803,0.4,0.6666666666666666,0.4,0.04,0.022222222222222223,-0.2666666666666666,0.017777777777777778
55,1,4,17,195,197,0.6,0.45,197,1,1,-88611.18382756432,0.625,0.6,0.625,0.026041666666666668,0.015,0.025000000000000022,0.011041666666666668
55,1,4,18,193,195,0.5,0.6,193,0,1,-88615.30343917757,0.5,0.5555555555555556,0.5,0.022727272727272728,0.024691358024691357,-0.05555555555555558,-0.0019640852974186288
55,1,4,19,193,194,0.5,0.55,193,0,1,-88618.95242970287,0.6666666666666666,0.6,0.6,0.022222222222222223,0.015,0.06666666666666665,0.007222222222222224
55,1,4,20,194,197,0.55,0.45,194,0,1,-88622.6616067953,0.5454545454545454,0.5625,0.5625,0.02066115702479339,0.014476102941176471,-0.017045454545454586,0.006185054083616918
55,1,4,21,195,197,0.6,0.45,197,1,1,-88627.8676488187,0.5454545454545454,0.6666666666666666,0.5454545454545454,0.02066115702479339,0.022222222222222223,-0.12121212121212122,-0.001561065197428834
55,1,4,22,193,195,0.5,0.6,195,1,1,-88631.70288737465,0.3333333333333333,0.6666666666666666,0.3333333333333333,0.031746031746031744,0.022222222222222223,-0.3333333333333333,0.009523809523809521
56,0,0,0,81,83,0.55,0.6,81,0,1,-3963.574444711972,0.5,0.5,0.5,0.08333333333333333,0.08333333333333333,0.0,0.0
56,0,0,1,81,83,0.55,0.6,83,1,1,-3995.897303582679,0.5,0.5,0.5,0.08333333333333333,0.08333333333333333,0.0,0.0
56,0,0,2,82,83,0.2,0.6,82,0,0,-4005.521540349757,0.6666666666666666,0.3333333333333333,0.3333333333333333,0.05555555555555555,0.05555555555555555,0.3333333333333333,0.0
56,0,0,3,79,83,0.45,0.6,83,1,1,-4013.386900800904,0.6666666666666666,0.5,0.5,0.05555555555555555,0.08333333333333333,0.16666666666666663,-0.027777777777777776
56,0,0,4,82,83,0.2,0.6,82,0,0,-4015.201375310333,0.25,0.6666666666666666,0.25,0.0375,0.05555555555555555,-0.41666666666666663,-0.018055555555555554
56,0,0,5,79,81,0.45,0.55,81,1,1,-4024.453496871312,0.4,0.6666666666666666,0.6666666666666666,0.04,0.05555555555555555,-0.2666666666666666,-0.015555555555555552
56,0,0,6,80,83,0.5,0.6,80,0,0,-4028.343101308548,0.6666666666666666,0.4,0.4,0.05555555555555555,0.04,0.2666666666666666,0.015555555555555552
56,0,0,7,79,80,0.45,0.5,80,1,1,-4031.953012924951,0.6666666666666666,0.75,0.75,0.05555555555555555,0.0375,-0.08333333333333337,0.018055555555555554
56,0,0,8,80,81,0.5,0.55,80,0,1,-4035.5904302405465,0.3333333333333333,0.8,0.8,0.031746031746031744,0.02666666666666667,-0.46666666666666673,0.005079365079365076
56,0,0,9,79,83,0.45,0.6,83,1,1,-4041.5815225646106,0.6666666666666666,0.6666666666666666,0.6666666666666666,0.05555555555555555,0.031746031746031744,0.0,0.023809523809523808
56,0,0,10,81,82,0.55,0.2,82,1,0,-4045.921998080913,0.3333333333333333,0.6666666666666666,0.3333333333333333,0.031746031746031744,0.031746031746031744,-0.3333333333333333,0.0
56,0,0,11,79,82,0.45,0.2,82,1,0,-4050.205504150815,0.75,0.2857142857142857,0.75,0.0375,0.025510204081632654,0.4642857142857143,0.011989795918367345
56,0,0,12,81,82,0.55,0.2,81,0,0,-4054.185381465275,0.8,0.2857142857142857,0.2857142857142857,0.02666666666666667,0.025510204081632654,0.5142857142857143,0.0011564625850340148
56,0,0,13,80,83,0.5,0.6,83,1,0,-4058.481253791778,0.8,0.6666666666666666,0.6666666666666666,0.02666666666666667,0.031746031746031744,0.13333333333333341,-0.005079365079365076
56,0,0,14,81,83,0.55,0.6,81,0,1,-4062.365864112475,0.8,0.7142857142857143,0.8,0.02666666666666667,0.025510204081632654,0.08571428571428574,0.0011564625850340148
56,0,0,15,80,81,0.5,0.55,81,1,1,-4065.4587848428578,0.5,0.5,0.5,0.08333333333333333,0.08333333333333333,0.0,0.0
56,0,0,16,80,81,0.5,0.55,81,1,1,-4071.079314335599,0.375,0.5,0.5,0.026041666666666668,0.08333333333333333,-0.125,-0.05729166666666666
56,0,0,17,81,82,0.55,0.2,81,0,1,-4075.1501790540447,0.8333333333333334,0.375,0.375,0.01984126984126984,0.026041666666666668,0.45833333333333337,-0.006200396825396828
56,0,0,18,80,82,0.5,0.2,82,1,0,-4078.610353883026,0.8333333333333334,0.7142857142857143,0.7142857142857143,0.01984126984126984,0.025510204081632654,0.11904761904761907,-0.0056689342403628135
56,0,0,19,79,83,0.45,0.6,83,1,1,-4083.097894185484,0.6666666666666666,0.75,0.75,0.05555555555555555,0.020833333333333332,-0.08333333333333337,0.034722222222222224
56,0,0,20,79,83,0.45,0.6,83,1,1,-4089.088600022049,0.3333333333333333,0.3333333333333333,0.3333333333333333,0.022222222222222223,0.05555555555555555,0.0,-0.033333333333333326
56,0,0,21,81,82,0.55,0.2,81,0,1,-4093.447296345864,0.8333333333333334,0.3333333333333333,0.3333333333333333,0.01984126984126984,0.022222222222222223,0.5,-0.002380952380952383
56,0,1,0,86,87,0.5,0.6500000000000001,86,0,1,-4125.269407050614,0.8333333333333334,0.6666666666666666,0.6666666666666666,0.01984126984126984,0.05555555555555555,0.16666666666666674,-0.03571428571428571
56,0,1,1,87,89,0.6500000000000001,0.35,87,0,1,-4129.819437435347,0.8333333333333334,0.7777777777777778,0.8333333333333334,0.01984126984126984,0.01728395061728395,0.05555555555555558,0.002557319223985891
56,0,1,2,86,87,0.5,0.6500000000000001,86,0,1,-4134.765153332005,0.3,0.7777777777777778,0.7777777777777778,0.019090909090909092,0.01728395061728395,-0.4777777777777778,0.0018069584736251434
56,0,1,3,87,89,0.6500000000000001,0.35,89,1,0,-4138.82404447201,0.7142857142857143,0.7,0.7,0.025510204081632654,0.019090909090909092,0.014285714285714346,0.006419294990723561
56,0,1,4,86,87,0.5,0.6500000000000001,87,1,1,-4142.564308273971,0.7142857142857143,0.7272727272727273,0.7272727272727273,0.025510204081632654,0.01652892561983471,-0.012987012987012991,0.008981278461797942
56,0,1,5,85,88,0.2,0.8,85,0,0,-4146.919816095295,0.7142857142857143,0.75,0.75,0.025510204081632654,0.014423076923076924,-0.0357142857142857,0.01108712715855573
56,0,1,6,85,88,0.2,0.8,88,1,1,-4149.825406480262,0.7142857142857143,0.3,0.3,0.025510204081632654,0.019090909090909092,0.4142857142857143,0.006419294990723561
56,0,1,7,88,89,0.8,0.35,88,0,1,-4155.6821720562975,0.36363636363636365,0.7692307692307693,0.36363636363636365,0.01928374655647383,0.01267962806424345,-0.4055944055944056,0.0066041184922303806
56,0,1,8,88,89,0.8,0.35,88,0,0,-4160.107955465508,0.3333333333333333,0.7692307692307693,0.3333333333333333,0.017094017094017096,0.01267962806424345,-0.43589743589743596,0.0044143890297736466
56,0,1,9,85,86,0.2,0.5,85,0,0,-4162.901788534953,0.7142857142857143,0.7692307692307693,0.7692307692307693,0.025510204081632654,0.01267962806424345,-0.05494505494505497,0.012830576017389204
56,0,1,10,87,88,0.6500000000000001,0.8,87,0,1,-4169.67566839041,0.5,0.25,0.5,0.05,0.0375,0.25,0.012500000000000004
56,0,1,11,86,89,0.5,0.35,89,1,0,-4172.992399098678,0.6,0.25,0.6,0.04,0.0375,0.35,0.0025000000000000022
56,0,1,12,87,89,0.6500000000000001,0.35,87,0,0,-4177.5713063329,0.7142857142857143,0.38461538461538464,0.38461538461538464,0.025510204081632654,0.0169061707523246,0.32967032967032966,0.008604033329308054
56,0,1,13,86,87,0.5,0.6500000000000001,86,0,1,-4185.94547528487,0.7142857142857143,0.7857142857142857,0.7857142857142857,0.025510204081632654,0.011224489795918367,-0.0714285714285714,0.014285714285714287
56,0,1,14,85,87,0.2,0.6500000000000001,87,1,0,-4189.698337613729,0.5,0.7333333333333333,0.5,0.03571428571428571,0.012222222222222223,-0.23333333333333328,0.023492063492063488
56,0,1,15,86,87,0.5,0.6500000000000001,86,0,0,-4195.018402531453,0.42857142857142855,0.25,0.25,0.0163265306122449,0.0375,0.17857142857142855,-0.0211734693877551
56,0,1,16,87,89,0.6500000000000001,0.35,87,0,0,-4201.384640843608,0.7142857142857143,0.42857142857142855,0.7142857142857143,0.025510204081632654,0.030612244897959183,0.28571428571428575,-0.005102040816326529
56,0,1,17,85,86,0.2,0.5,85,0,0,-4206.76155832977,0.42857142857142855,0.2,0.2,0.0163265306122449,0.02666666666666667,0.22857142857142854,-0.010340136054421769
56,0,1,18,85,88,0.2,0.8,88,1,0,-4210.487753086431,0.42857142857142855,0.16666666666666666,0.16666666666666666,0.030612244897959183,0.01984126984126984,0.26190476190476186,0.010770975056689343
56,0,2,0,91,95,0.5,0.35,91,0,0,-4242.843987568279,0.42857142857142855,0.7333333333333333,0.7333333333333333,0.030612244897959183,0.012222222222222223,-0.30476190476190473,0.01839002267573696
56,0,2,1,93,95,0.2,0.35,93,0,0,-4247.7347332800055,0.5,0.5,0.5,0.08333333333333333,0.08333333333333333,0.0,0.0
56,0,2,2,93,95,0.2,0.35,95,1,0,-4251.751354443261,0.5,0.5,0.5,0.08333333333333333,0.08333333333333333,0.0,0.0
56,0,2,3,91,95,0.5,0.35,91,0,1,-4255.2337130748365,0.6666666666666666,0.6666666666666666,0.6666666666666666,0.05555555555555555,0.05555555555555555,0.0,0.0
56,0,2,4,91,93,0.5,0.2,91,0,1,-4259.172937427891,0.6666666666666666,0.75,0.75,0.05555555555555555,0.0375,-0.08333333333333337,0.018055555555555554
56,0,2,5,93,95,0.2,0.35,93,0,0,-4263.620795600838,0.6,0.5,0.6,0.04,0.08333333333333333,0.09999999999999998,-0.04333333333333333
56,0,2,6,91,95,0.5,0.35,91,0,0,-4267.312109939762,0.6666666666666666,0.5,0.6666666666666666,0.05555555555555555,0.03571428571428571,0.16666666666666663,0.01984126984126984
56,0,2,7,91,95,0.5,0.35,95,1,1,-4270.874033653132,0.5,0.5,0.5,0.05,0.03571428571428571,0.0,0.01428571428571429
56,0,2,8,93,95,0.2,0.35,93,0,0,-4276.2797226426055,0.5,0.5,0.5,0.03571428571428571,0.08333333333333333,0.0,-0.047619047619047616
56,0,2,9,91,93,0.5,0.2,91,0,1,-4279.147971942468,0.42857142857142855,0.5,0.5,0.030612244897959183,0.08333333333333333,-0.07142857142857145,-0.052721088435374146
56,0,2,10,93,95,0.2,0.35,93,0,0,-4282.104610840652,0.4,0.42857142857142855,0.42857142857142855,0.04,0.030612244897959183,-0.028571428571428525,0.009387755102040818
56,0,2,11,93,95,0.2,0.35,93,0,0,-4287.145485401891,0.5,0.5,0.5,0.08333333333333333,0.08333333333333333,0.0,0.0
56,0,2,12,91,95,0.5,0.35,91,0,0,-4292.335134662727,0.375,0.5,0.375,0.026041666666666668,0.08333333333333333,-0.125,-0.05729166666666666
56,0,2,13,91,95,0.5,0.35,95,1,0,-4296.470563621863,0.6666666666666666,0.5,0.5,0.05555555555555555,0.08333333333333333,0.16666666666666663,-0.027777777777777776
56,0,2,14,92,94,0.8,0.6500000000000001,92,0,0,-4300.519289188155,0.6666666666666666,0.4,0.4,0.05555555555555555,0.04,0.2666666666666666,0.015555555555555552
56,0,2,15,91,94,0.5,0.6500000000000001,91,0,0,-4302.6565760389785,0.3333333333333333,0.6666666666666666,0.6666666666666666,0.022222222222222223,0.05555555555555555,-0.3333333333333333,-0.033333333333333326
56,0,2,16,93,95,0.2,0.35,95,1,0,-4309.801410562068,0.6666666666666666,0.6666666666666666,0.6666666666666666,0.05555555555555555,0.05555555555555555,0.0,0.0
56,0,2,17,93,94,0.2,0.6500000000000001,94,1,1,-4312.424225836918,0.3333333333333333,0.75,0.3333333333333333,0.022222222222222223,0.0375,-0.4166666666666667,-0.015277777777777776
56,0,2,18,92,93,0.8,0.2,93,1,0,-4318.438325103301,0.3,0.6666666666666666,0.6666666666666666,0.019090909090909092,0.05555555555555555,-0.36666666666666664,-0.036464646464646464
56,0,2,19,91,92,0.5,0.8,92,1,1,-4323.988172270042,0.5,0.75,0.75,0.05,0.0375,-0.25,0.012500000000000004
56,0,2,20,91,93,0.5,0.2,93,1,0,-4331.908614552316,0.5,0.3333333333333333,0.3333333333333333,0.05,0.031746031746031744,0.16666666666666669,0.01825396825396826
56,0,3,0,97,100,0.5,0.55,97,0,1,-4362.966567529975,0.5,0.8,0.5,0.05,0.02666666666666667,-0.30000000000000004,0.023333333333333334
56,0,3,1,99,100,0.2,0.55,100,1,0,-4368.387333927803,0.42857142857142855,0.8,0.8,0.030612244897959183,0.02666666666666667,-0.3714285714285715,0.003945578231292515
56,0,3,2,99,100,0.2,0.55,100,1,1,-4371.413906579126,0.4,0.42857142857142855,0.42857142857142855,0.04,0.030612244897959183,-0.028571428571428525,0.009387755102040818
56,0,3,3,97,99,0.5,0.2,99,1,1,-4377.184178675399,0.5,0.8333333333333334,0.5,0.027777777777777776,0.01984126984126984,-0.33333333333333337,0.007936507936507936
56,0,3,4,99,100,0.2,0.55,100,1,0,-4381.785914896558,0.3,0.75,0.75,0.019090909090909092,0.0375,-0.45,-0.018409090909090906
56,0,3,5,97,100,0.5,0.55,97,0,1,-4388.553399363192,0.4444444444444444,0.3,0.4444444444444444,0.024691358024691357,0.019090909090909092,0.14444444444444443,0.005600448933782264
56,0,3,6,99,100,0.2,0.55,100,1,0,-4393.8186338602245,0.4,0.4,0.4,0.04,0.02181818181818182,0.0,0.01818181818181818
56,0,3,7,99,100,0.2,0.55,99,0,0,-4396.614773776845,0.3,0.8333333333333334,0.8333333333333334,0.019090909090909092,0.01984126984126984,-0.5333333333333334,-0.0007503607503607478
56,0,3,8,97,99,0.5,0.2,99,1,0,-4403.290245655514,0.3333333333333333,0.8,0.8,0.031746031746031744,0.02666666666666667,-0.46666666666666673,0.005079365079365076
56,0,3,9,98,101,0.6,0.45,98,0,0,-4408.806808980008,0.3333333333333333,0.8571428571428571,0.8571428571428571,0.031746031746031744,0.015306122448979591,-0.5238095238095237,0.016439909297052153
56,0,3,10,99,101,0.2,0.45,101,1,1,-4412.404662855895,0.4,0.3,0.3,0.02181818181818182,0.019090909090909092,0.10000000000000003,0.0027272727272727275
56,0,3,11,98,101,0.6,0.45,101,1,0,-4418.049561998103,0.4,0.2727272727272727,0.2727272727272727,0.02181818181818182,0.01652892561983471,0.12727272727272732,0.005289256198347109
56,0,3,12,97,98,0.5,0.6,98,1,1,-4420.636925782657,0.4,0.25,0.25,0.02181818181818182,0.014423076923076924,0.15000000000000002,0.007395104895104896
56,0,3,13,99,100,0.2,0.55,100,1,1,-4426.635183574695,0.3333333333333333,0.6666666666666666,0.3333333333333333,0.031746031746031744,0.031746031746031744,-0.3333333333333333,0.0
56,0,3,14,99,101,0.2,0.45,101,1,1,-4430.286920586664,0.42857142857142855,0.6666666666666666,0.6666666666666666,0.030612244897959183,0.031746031746031744,-0.23809523809523808,-0.0011337868480725613
56,0,3,15,99,101,0.2,0.45,101,1,0,-4434.1616174997225,0.42857142857142855,0.23076923076923078,0.42857142857142855,0.030612244897959183,0.01267962806424345,0.19780219780219777,0.017932616833715734
56,0,3,16,100,101,0.55,0.45,100,0,0,-4437.661042849631,0.5,0.5,0.5,0.08333333333333333,0.08333333333333333,0.0,0.0
56,0,3,17,97,98,0.5,0.6,97,0,0,-4441.276047573086,0.5,0.5,0.5,0.08333333333333333,0.08333333333333333,0.0,0.0
56,0,4,0,105,107,0.5,0.6,105,0,1,-4471.251775736264,0.3333333333333333,0.3333333333333333,0.3333333333333333,0.05555555555555555,0.05555555555555555,0.0,0.0
56,0,4,1,103,107,0.45,0.6,107,1,1,-4477.248902725156,0.5,0.5,0.5,0.08333333333333333,0.05,0.0,0.033333333333333326
56,0,4,2,103,107,0.45,0.6,107,1,0,-4481.731808534593,0.5,0.5,0.5,0.08333333333333333,0.08333333333333333,0.0,0.0
56,0,4,3,103,107,0.45,0.6,107,1,1,-4484.992255264452,0.5,0.6,0.5,0.08333333333333333,0.04,-0.09999999999999998,0.04333333333333333
56,0,4,4,103,107,0.45,0.6,107,1,1,-4489.123223303314,0.3333333333333333,0.6666666666666666,0.3333333333333333,0.05555555555555555,0.05555555555555555,-0.3333333333333333,0.0
56,0,4,5,105,107,0.5,0.6,107,1,0,-4492.426664471707,0.6666666666666666,0.3333333333333333,0.3333333333333333,0.05555555555555555,0.05555555555555555,0.3333333333333333,0.0
56,0,4,6,104,106,0.2,0.55,104,0,0,-4496.066611815497,0.5,0.6666666666666666,0.6666666666666666,0.05,0.05555555555555555,-0.16666666666666663,-0.00555555555555555
56,0,4,7,103,106,0.45,0.55,103,0,1,-4500.0504584053215,0.6,0.5,0.6,0.04,0.05,0.09999999999999998,-0.010000000000000002
56,0,4,8,104,107,0.2,0.6,104,0,1,-4504.512548775025,0.5,0.5,0.5,0.05,0.08333333333333333,0.0,-0.033333333333333326
56,0,4,9,106,107,0.55,0.6,106,0,0,-4509.376012413035,0.5,0.5,0.5,0.03571428571428571,0.05,0.0,-0.01428571428571429
56,0,4,10,103,107,0.45,0.6,107,1,1,-4512.839433214366,0.4,0.5,0.4,0.04,0.08333333333333333,-0.09999999999999998,-0.04333333333333333
56,0,4,11,103,105,0.45,0.5,103,0,0,-4515.897423837918,0.5,0.5,0.5,0.03571428571428571,0.08333333333333333,0.0,-0.047619047619047616
56,0,4,12,106,107,0.55,0.6,106,0,1,-4521.039733043004,0.5,0.3333333333333333,0.5,0.03571428571428571,0.05555555555555555,0.16666666666666669,-0.01984126984126984
56,0,4,13,103,104,0.45,0.2,104,1,0,-4525.113978633831,0.42857142857142855,0.3333333333333333,0.42857142857142855,0.030612244897959183,0.05555555555555555,0.09523809523809523,-0.02494331065759637
56,0,4,14,103,106,0.45,0.55,106,1,1,-4527.708205833709,0.3333333333333333,0.3333333333333333,0.3333333333333333,0.031746031746031744,0.05555555555555555,0.0,-0.023809523809523808
56,0,4,15,103,105,0.45,0.5,105,1,0,-4534.319159248167,0.75,0.5,0.75,0.0375,0.05,0.25,-0.012500000000000004
56,0,4,16,105,106,0.5,0.55,105,0,1,-4538.051941561975,0.4,0.5,0.4,0.04,0.05,-0.09999999999999998,-0.010000000000000002
56,0,4,17,103,106,0.45,0.55,106,1,0,-4542.697792663831,0.3333333333333333,0.3333333333333333,0.3333333333333333,0.031746031746031744,0.031746031746031744,0.0,0.0
56,0,4,18,106,107,0.55,0.6,106,0,1,-4548.070854023133,0.5,0.42857142857142855,0.42857142857142855,0.027777777777777776,0.030612244897959183,0.07142857142857145,-0.0028344671201814067
56,0,4,19,104,107,0.2,0.6,107,1,1,-4553.121473578881,0.5,0.8,0.5,0.027777777777777776,0.02666666666666667,-0.30000000000000004,0.0011111111111111079
56,0,4,20,105,106,0.5,0.55,106,1,1,-4558.024773261499,0.8,0.375,0.375,0.02666666666666667,0.026041666666666668,0.42500000000000004,0.0006250000000000006
56,0,4,21,106,107,0.55,0.6,106,0,1,-4562.409570380901,0.4444444444444444,0.8,0.8,0.024691358024691357,0.02666666666666667,-0.3555555555555556,-0.0019753086419753117
56,0,4,22,103,106,0.45,0.55,103,0,1,-4566.256057123457,0.4444444444444444,0.3333333333333333,0.4444444444444444,0.024691358024691357,0.022222222222222223,0.1111111111111111,0.0024691358024691336
56,1,0,0,169,170,0.55,0.2,169,0,1,-4870.950030021943,0.5,0.3333333333333333,0.5,0.022727272727272728,0.022222222222222223,0.16666666666666669,0.0005050505050505048
56,1,0,1,170,173,0.2,0.45,170,0,0,-4875.951427553688,0.8333333333333334,0.3333333333333333,0.3333333333333333,0.01984126984126984,0.022222222222222223,0.5,-0.002380952380952383
56,1,0,2,169,170,0.55,0.2,170,1,0,-4883.218912931284,0.5454545454545454,0.3,0.3,0.02066115702479339,0.019090909090909092,0.24545454545454543,0.0015702479338842966
56,1,0,3,169,173,0.55,0.45,173,1,1,-4886.16417367783,0.5454545454545454,0.8333333333333334,0.8333333333333334,0.02066115702479339,0.01984126984126984,-0.28787878787878796,0.0008198871835235488
56,1,0,4,170,173,0.2,0.45,170,0,1,-4891.6561186017625,0.5454545454545454,0.2727272727272727,0.2727272727272727,0.02066115702479339,0.01652892561983471,0.2727272727272727,0.004132231404958678
56,1,0,5,170,173,0.2,0.45,173,1,1,-4896.785478491451,0.5454545454545454,0.25,0.5454545454545454,0.02066115702479339,0.014423076923076924,0.2954545454545454,0.006238080101716465
56,1,0,6,169,170,0.55,0.2,170,1,0,-4900.082217969887,0.5,0.25,0.25,0.019230769230769232,0.014423076923076924,0.25,0.004807692307692308
56,1,0,7,169,173,0.55,0.45,173,1,1,-4903.140552731557,0.7142857142857143,0.23076923076923078,0.23076923076923078,0.025510204081632654,0.01267962806424345,0.4835164835164835,0.012830576017389204
56,1,0,8,170,173,0.2,0.45,173,1,0,-4907.87169415335,0.5,0.2857142857142857,0.2857142857142857,0.019230769230769232,0.013605442176870748,0.2142857142857143,0.005625327053898484
56,1,0,9,169,173,0.55,0.45,169,0,1,-4912.519482158773,0.3333333333333333,0.5,0.3333333333333333,0.031746031746031744,0.05,-0.16666666666666669,-0.01825396825396826
56,1,0,10,170,173,0.2,0.45,170,0,0,-4916.467081061367,0.5,0.26666666666666666,0.26666666666666666,0.019230769230769232,0.012222222222222223,0.23333333333333334,0.007008547008547009
56,1,0,11,169,170,0.55,0.2,169,0,1,-4920.422331227597,0.7142857142857143,0.5,0.5,0.025510204081632654,0.05,0.2142857142857143,-0.02448979591836735
56,1,0,12,169,170,0.55,0.2,170,1,1,-4924.545236325328,0.5,0.4,0.4,0.019230769230769232,0.04,0.09999999999999998,-0.02076923076923077
56,1,0,13,169,173,0.55,0.45,173,1,1,-4929.054169294856,0.42857142857142855,0.5,0.42857142857142855,0.030612244897959183,0.019230769230769232,-0.07142857142857145,0.011381475667189951
56,1,0,14,169,173,0.55,0.45,169,0,1,-4931.608027017332,0.25,0.5,0.25,0.011029411764705883,0.03571428571428571,-0.25,-0.024684873949579828
56,1,0,15,171,172,0.5,0.6,172,1,0,-4936.013523372916,0.375,0.7142857142857143,0.7142857142857143,0.026041666666666668,0.025510204081632654,-0.3392857142857143,0.0005314625850340142
56,1,0,16,170,171,0.2,0.5,171,1,1,-4939.980143709113,0.75,0.5,0.5,0.020833333333333332,0.03571428571428571,0.25,-0.01488095238095238
56,1,0,17,169,170,0.55,0.2,170,1,0,-4943.7737634718,0.375,0.42857142857142855,0.42857142857142855,0.026041666666666668,0.030612244897959183,-0.05357142857142855,-0.004570578231292515
56,1,0,18,169,173,0.55,0.45,173,1,1,-4947.925640320055,0.5,0.375,0.5,0.019230769230769232,0.026041666666666668,0.125,-0.006810897435897436
56,1,0,19,171,173,0.5,0.45,173,1,1,-4951.289911127703,0.5,0.5,0.5,0.08333333333333333,0.08333333333333333,0.0,0.0
56,1,0,20,170,172,0.2,0.6,172,1,0,-4956.504242890654,0.5,0.5,0.5,0.08333333333333333,0.08333333333333333,0.0,0.0
56,1,0,21,169,170,0.55,0.2,170,1,0,-4960.438536965838,0.6666666666666666,0.5,0.5,0.05555555555555555,0.08333333333333333,0.16666666666666663,-0.027777777777777776
56,1,0,22,169,171,0.55,0.5,171,1,0,-4963.687811391684,0.6666666666666666,0.6666666666666666,0.6666666666666666,0.05555555555555555,0.05555555555555555,0.0,0.0
56,1,1,0,176,177,0.5,0.2,177,1,1,-4991.950989441216,0.6666666666666666,0.5,0.6666666666666666,0.05555555555555555,0.05,0.16666666666666663,0.00555555555555555
56,1,1,1,176,179,0.5,0.35,176,0,1,-4997.804875059705,0.5,0.5,0.5,0.05,0.05,0.0,0.0
56,1,1,2,176,177,0.5,0.2,177,1,1,-5001.632547822485,0.5,0.4,0.5,0.05,0.04,0.09999999999999998,0.010000000000000002
56,1,1,3,176,177,0.5,0.2,177,1,0,-5004.930534340822,0.6666666666666666,0.6,0.6666666666666666,0.05555555555555555,0.04,0.06666666666666665,0.015555555555555552
56,1,1,4,177,179,0.2,0.35,177,0,0,-5009.906976757887,0.6,0.4,0.6,0.04,0.04,0.19999999999999996,0.0
56,1,1,5,176,177,0.5,0.2,176,0,0,-5013.512701400564,0.75,0.6666666666666666,0.75,0.0375,0.031746031746031744,0.08333333333333337,0.005753968253968254
56,1,1,6,176,177,0.5,0.2,176,0,0,-5017.537030551099,0.6,0.6666666666666666,0.6666666666666666,0.04,0.031746031746031744,-0.06666666666666665,0.008253968253968257
56,1,1,7,177,179,0.2,0.35,177,0,0,-5021.127481604845,0.5,0.5,0.5,0.08333333333333333,0.08333333333333333,0.0,0.0
56,1,1,8,177,179,0.2,0.35,179,1,1,-5024.598940163328,0.6,0.6666666666666666,0.6,0.04,0.05555555555555555,-0.06666666666666665,-0.015555555555555552
56,1,1,9,176,177,0.5,0.2,177,1,0,-5028.193027976301,0.6666666666666666,0.4,0.4,0.05555555555555555,0.04,0.2666666666666666,0.015555555555555552
56,1,1,10,175,178,0.6500000000000001,0.8,175,0,1,-5031.734131554106,0.7142857142857143,0.5,0.7142857142857143,0.025510204081632654,0.08333333333333333,0.2142857142857143,-0.057823129251700675
56,1,1,11,177,178,0.2,0.8,177,0,0,-5033.972242463577,0.5,0.75,0.5,0.03571428571428571,0.020833333333333332,-0.25,0.01488095238095238
56,1,1,12,175,178,0.6500000000000001,0.8,178,1,1,-5039.849736284615,0.6666666666666666,0.5,0.6666666666666666,0.05555555555555555,0.08333333333333333,0.16666666666666663,-0.027777777777777776
56,1,1,13,175,176,0.6500000000000001,0.5,176,1,0,-5044.335208133801,0.42857142857142855,0.5,0.5,0.030612244897959183,0.08333333333333333,-0.07142857142857145,-0.052721088435374146
56,1,1,14,177,179,0.2,0.35,179,1,1,-5047.6397263975205,0.75,0.75,0.75,0.020833333333333332,0.0375,0.0,-0.016666666666666666
56,1,1,15,175,178,0.6500000000000001,0.8,175,0,0,-5051.505457231503,0.75,0.3333333333333333,0.75,0.0375,0.05555555555555555,0.4166666666666667,-0.018055555555555554
56,1,1,16,177,179,0.2,0.35,177,0,0,-5054.978532524955,0.42857142857142855,0.3333333333333333,0.42857142857142855,0.030612244897959183,0.05555555555555555,0.09523809523809523,-0.02494331065759637
56,1,1,17,177,178,0.2,0.8,178,1,1,-5059.128173481763,0.8,0.3333333333333333,0.3333333333333333,0.02666666666666667,0.05555555555555555,0.46666666666666673,-0.028888888888888884
56,1,2,0,181,184,0.2,0.55,184,1,0,-5085.39360824862,0.8,0.25,0.25,0.02666666666666667,0.0375,0.55,-0.01083333333333333
56,1,2,1,181,182,0.2,0.6,182,1,0,-5090.552960186783,0.7777777777777778,0.8,0.8,0.01728395061728395,0.02666666666666667,-0.022222222222222254,-0.00938271604938272
56,1,2,2,182,184,0.6,0.55,182,0,1,-5094.727243316088,0.7777777777777778,0.2,0.7777777777777778,0.01728395061728395,0.02666666666666667,0.5777777777777777,-0.00938271604938272
56,1,2,3,181,182,0.2,0.6,182,1,1,-5098.563603098107,0.7,0.2,0.2,0.019090909090909092,0.02666666666666667,0.49999999999999994,-0.007575757575757576
56,1,2,4,183,185,0.5,0.45,183,0,1,-5102.06881760096,0.7,0.8333333333333334,0.8333333333333334,0.019090909090909092,0.01984126984126984,-0.13333333333333341,-0.0007503607503607478
56,1,2,5,181,182,0.2,0.6,181,0,0,-5105.238339560765,0.7142857142857143,0.16666666666666666,0.7142857142857143,0.025510204081632654,0.01984126984126984,0.5476190476190477,0.0056689342403628135
56,1,2,6,181,183,0.2,0.5,181,0,1,-5108.424748894327,0.7,0.625,0.7,0.019090909090909092,0.026041666666666668,0.07499999999999996,-0.006950757575757575
56,1,2,7,183,184,0.5,0.55,184,1,1,-5112.711622316231,0.7272727272727273,0.16666666666666666,0.16666666666666666,0.01652892561983471,0.01984126984126984,0.5606060606060607,-0.003312344221435129
56,1,2,8,181,183,0.2,0.5,183,1,1,-5116.418805088046,0.7272727272727273,0.625,0.625,0.01652892561983471,0.026041666666666668,0.10227272727272729,-0.009512741046831957
56,1,2,9,182,184,0.6,0.55,182,0,0,-5120.784796662037,0.6666666666666666,0.14285714285714285,0.6666666666666666,0.022222222222222223,0.015306122448979591,0.5238095238095237,0.006916099773242632
56,1,2,10,181,185,0.2,0.45,181,0,0,-5124.287130514137,0.5,0.3333333333333333,0.5,0.027777777777777776,0.031746031746031744,0.16666666666666669,-0.003968253968253968
56,1,2,11,182,184,0.6,0.55,184,1,0,-5128.894314017717,0.7272727272727273,0.14285714285714285,0.7272727272727273,0.01652892561983471,0.015306122448979591,0.5844155844155845,0.0012228031708551197
56,1,2,12,184,185,0.55,0.45,184,0,0,-5132.102024067459,0.6,0.14285714285714285,0.6,0.02181818181818182,0.015306122448979591,0.45714285714285713,0.006512059369202228
56,1,2,13,182,185,0.6,0.45,185,1,0,-5136.5981764418975,0.6666666666666666,0.5454545454545454,0.5454545454545454,0.017094017094017096,0.02066115702479339,0.12121212121212122,-0.0035671399307762933
56,1,2,14,182,185,0.6,0.45,182,0,0,-5140.7404384099245,0.4444444444444444,0.6666666666666666,0.4444444444444444,0.024691358024691357,0.017094017094017096,-0.2222222222222222,0.007597340930674261
56,1,2,15,182,185,0.6,0.45,182,0,1,-5143.529132224645,0.6666666666666666,0.5833333333333334,0.6666666666666666,0.017094017094017096,0.018696581196581196,0.08333333333333326,-0.0016025641025641003
56,1,2,16,184,185,0.55,0.45,185,1,1,-5147.2707042586135,0.6923076923076923,0.14285714285714285,0.6923076923076923,0.015215553677092139,0.015306122448979591,0.5494505494505495,-9.056877188745246e-05
56,1,2,17,183,185,0.5,0.45,183,0,1,-5153.241502852471,0.3333333333333333,0.14285714285714285,0.3333333333333333,0.031746031746031744,0.015306122448979591,0.19047619047619047,0.016439909297052153
56,1,2,18,181,185,0.2,0.45,181,0,0,-5159.642352373003,0.7142857142857143,0.5833333333333334,0.7142857142857143,0.013605442176870748,0.018696581196581196,0.13095238095238093,-0.005091139019710448
56,1,2,19,181,184,0.2,0.55,184,1,1,-5165.699838334467,0.5,0.14285714285714285,0.14285714285714285,0.022727272727272728,0.015306122448979591,0.35714285714285715,0.007421150278293136
56,1,2,20,182,184,0.6,0.55,184,1,0,-5168.198016584531,0.6666666666666666,0.42857142857142855,0.6666666666666666,0.013888888888888888,0.030612244897959183,0.23809523809523808,-0.016723356009070295
56,1,3,0,187,188,0.35,0.8,188,1,1,-5198.8436109890445,0.5,0.5,0.5,0.08333333333333333,0.08333333333333333,0.0,0.0
56,1,3,1,187,190,0.35,0.2,187,0,1,-5204.130527793003,0.5,0.5,0.5,0.08333333333333333,0.08333333333333333,0.0,0.0
56,1,3,2,188,190,0.8,0.2,190,1,1,-5209.362609639063,0.3333333333333333,0.3333333333333333,0.3333333333333333,0.05555555555555555,0.05555555555555555,0.0,0.0
56,1,3,3,187,190,0.35,0.2,190,1,0,-5212.746991354376,0.5,0.3333333333333333,0.5,0.08333333333333333,0.05555555555555555,0.16666666666666669,0.027777777777777776
56,1,3,4,188,190,0.8,0.2,188,0,0,-5215.92151830593,0.3333333333333333,0.25,0.3333333333333333,0.05555555555555555,0.0375,0.08333333333333331,0.018055555555555554
56,1,3,5,188,190,0.8,0.2,190,1,0,-5221.589579429344,0.25,0.3333333333333333,0.25,0.0375,0.05555555555555555,-0.08333333333333331,-0.018055555555555554
56,1,3,6,188,190,0.8,0.2,188,0,1,-5225.009936090823,0.2,0.25,0.25,0.02666666666666667,0.0375,-0.04999999999999999,-0.01083333333333333
56,1,3,7,187,188,0.35,0.8,187,0,1,-5229.542493432237,0.2,0.3333333333333333,0.2,0.02666666666666667,0.05555555555555555,-0.1333333333333333,-0.028888888888888884
56,1,3,8,188,190,0.8,0.2,188,0,1,-5233.178886831961,0.3333333333333333,0.3333333333333333,0.3333333333333333,0.031746031746031744,0.05555555555555555,0.0,-0.023809523809523808
56,1,3,9,187,188,0.35,0.8,187,0,0,-5236.301846545792,0.25,0.4,0.4,0.0375,0.04,-0.15000000000000002,-0.0025000000000000022
56,1,3,10,187,188,0.35,0.8,188,1,1,-5239.829446318349,0.3333333333333333,0.25,0.3333333333333333,0.031746031746031744,0.0375,0.08333333333333331,-0.005753968253968254
56,1,3,11,189,191,0.6500000000000001,0.5,189,0,1,-5245.970298394239,0.2857142857142857,0.5,0.2857142857142857,0.025510204081632654,0.03571428571428571,-0.2142857142857143,-0.010204081632653059
56,1,3,12,187,189,0.35,0.6500000000000001,187,0,0,-5249.664975953127,0.25,0.25,0.25,0.020833333333333332,0.0375,0.0,-0.016666666666666666
56,1,3,13,189,190,0.6500000000000001,0.2,190,1,0,-5252.694973357677,0.5,0.5,0.5,0.08333333333333333,0.08333333333333333,0.0,0.0
56,1,3,14,188,191,0.8,0.5,188,0,1,-5258.067582404249,0.2,0.5,0.2,0.02666666666666667,0.03571428571428571,-0.3,-0.009047619047619044
56,1,3,15,187,188,0.35,0.8,187,0,0,-5262.1125002281415,0.5,0.5,0.5,0.08333333333333333,0.03571428571428571,0.0,0.047619047619047616
56,1,3,16,189,191,0.6500000000000001,0.5,189,0,1,-5265.528759207166,0.25,0.5714285714285714,0.5714285714285714,0.020833333333333332,0.030612244897959183,-0.3214285714285714,-0.00977891156462585
56,1,3,17,187,191,0.35,0.5,191,1,0,-5270.128436799991,0.16666666666666666,0.5,0.16666666666666666,0.01984126984126984,0.08333333333333333,-0.33333333333333337,-0.06349206349206349
56,1,3,18,188,189,0.8,0.6500000000000001,188,0,1,-5273.46077857844,0.14285714285714285,0.625,0.14285714285714285,0.015306122448979591,0.026041666666666668,-0.48214285714285715,-0.010735544217687076
56,1,3,19,189,191,0.6500000000000001,0.5,189,0,1,-5279.826907792071,0.25,0.125,0.25,0.020833333333333332,0.012152777777777778,0.125,0.008680555555555554
56,1,3,20,187,191,0.35,0.5,187,0,1,-5286.503970788086,0.125,0.5,0.5,0.012152777777777778,0.08333333333333333,-0.375,-0.07118055555555555
56,1,3,21,189,191,0.6500000000000001,0.5,191,1,0,-5290.053949801686,0.3333333333333333,0.125,0.3333333333333333,0.022222222222222223,0.012152777777777778,0.20833333333333331,0.010069444444444445
56,1,4,0,195,197,0.2,0.55,197,1,0,-5318.638522250148,0.4,0.125,0.4,0.02181818181818182,0.012152777777777778,0.275,0.009665404040404042
56,1,4,1,194,195,0.45,0.2,195,1,0,-5325.716699620125,0.45454545454545453,0.125,0.45454545454545453,0.02066115702479339,0.012152777777777778,0.32954545454545453,0.008508379247015611
56,1,4,2,195,197,0.2,0.55,197,1,0,-5330.629159743259,0.125,0.3333333333333333,0.125,0.012152777777777778,0.05555555555555555,-0.20833333333333331,-0.043402777777777776
56,1,4,3,194,195,0.45,0.2,194,0,0,-5333.961507975639,0.4166666666666667,0.2222222222222222,0.2222222222222222,0.018696581196581196,0.01728395061728395,0.19444444444444448,0.0014126305792972471
56,1,4,4,194,197,0.45,0.55,194,0,0,-5337.204691172018,0.4166666666666667,0.2,0.2,0.018696581196581196,0.014545454545454545,0.21666666666666667,0.004151126651126651
56,1,4,5,194,195,0.45,0.2,194,0,0,-5343.537438619432,0.4166666666666667,0.2727272727272727,0.2727272727272727,0.018696581196581196,0.01652892561983471,0.14393939393939398,0.002167655576746485
56,1,4,6,194,197,0.45,0.55,197,1,1,-5347.612394578155,0.25,0.3333333333333333,0.25,0.014423076923076924,0.05555555555555555,-0.08333333333333331,-0.041132478632478625
56,1,4,7,194,195,0.45,0.2,194,0,1,-5349.822390264125,0.23076923076923078,0.3333333333333333,0.23076923076923078,0.01267962806424345,0.05555555555555555,-0.10256410256410253,-0.0428759274913121
56,1,4,8,194,195,0.45,0.2,195,1,0,-5356.457010570887,0.2857142857142857,0.3333333333333333,0.3333333333333333,0.013605442176870748,0.05555555555555555,-0.047619047619047616,-0.0419501133786848
56,1,4,9,195,197,0.2,0.55,197,1,1,-5360.207133513954,0.2857142857142857,0.25,0.25,0.013605442176870748,0.0375,0.0357142857142857,-0.02389455782312925
56,1,4,10,194,195,0.45,0.2,194,0,0,-5365.181323165636,0.4166666666666667,0.2857142857142857,0.2857142857142857,0.018696581196581196,0.013605442176870748,0.130952380952381,0.005091139019710448
56,1,4,11,194,197,0.45,0.55,194,0,0,-5370.569178402957,0.4166666666666667,0.3333333333333333,0.4166666666666667,0.018696581196581196,0.013888888888888888,0.08333333333333337,0.004807692307692308
56,1,4,12,194,195,0.45,0.2,195,1,0,-5374.158663387434,0.3333333333333333,0.625,0.3333333333333333,0.05555555555555555,0.026041666666666668,-0.2916666666666667,0.029513888888888885
56,1,4,13,193,196,0.6,0.5,193,0,0,-5376.283302816567,0.46153846153846156,0.3333333333333333,0.3333333333333333,0.01775147928994083,0.013888888888888888,0.12820512820512825,0.0038625904010519407
56,1,4,14,195,197,0.2,0.55,195,0,0,-5386.122266845536,0.5,0.375,0.5,0.05,0.013786764705882353,0.125,0.03621323529411765
56,1,4,15,196,197,0.5,0.55,197,1,1,-5387.037249839279,0.46153846153846156,0.625,0.46153846153846156,0.01775147928994083,0.026041666666666668,-0.16346153846153844,-0.008290187376725839
56,1,4,16,194,197,0.45,0.55,197,1,1,-5399.068275883156,0.5,0.625,0.5,0.016666666666666666,0.026041666666666668,-0.125,-0.009375000000000001
56,1,4,17,195,196,0.2,0.5,195,0,0,-5403.72858278412,0.375,0.625,0.625,0.013786764705882353,0.026041666666666668,-0.25,-0.012254901960784315
56,1,4,18,195,197,0.2,0.55,195,0,0,-5407.921561672649,0.4,0.375,0.4,0.04,0.013786764705882353,0.025000000000000022,0.02621323529411765
56,0,0,0,79,83,0.6500000000000001,0.35,83,1,0,-260468.76336867936,0.5,0.5,0.5,0.08333333333333333,0.08333333333333333,0.0,0.0
56,0,0,1,79,80,0.6500000000000001,0.5,80,1,1,-260635.07253209848,0.5,0.5,0.5,0.08333333333333333,0.08333333333333333,0.0,0.0
56,0,0,2,80,82,0.5,0.8,80,0,1,-260642.80851565345,0.6666666666666666,0.5,0.6666666666666666,0.05555555555555555,0.08333333333333333,0.16666666666666663,-0.027777777777777776
56,0,0,3,82,83,0.8,0.35,82,0,0,-260638.0675335563,0.75,0.6666666666666666,0.75,0.0375,0.05555555555555555,0.08333333333333337,-0.018055555555555554
56,0,0,4,79,81,0.6500000000000001,0.2,81,1,0,-260661.22147015293,0.6,0.6666666666666666,0.6666666666666666,0.04,0.05555555555555555,-0.06666666666666665,-0.015555555555555552
56,0,0,5,79,80,0.6500000000000001,0.5,79,0,0,-260690.5461703565,0.5,0.6,0.5,0.08333333333333333,0.04,-0.09999999999999998,0.04333333333333333
56,0,0,6,82,83,0.8,0.35,82,0,1,-260694.26977575215,0.6666666666666666,0.5,0.5,0.05555555555555555,0.08333333333333333,0.16666666666666663,-0.027777777777777776
56,0,0,7,81,83,0.2,0.35,83,1,0,-260698.5806245173,0.6666666666666666,0.6,0.6666666666666666,0.05555555555555555,0.04,0.06666666666666665,0.015555555555555552
56,0,0,8,81,83,0.2,0.35,81,0,0,-260699.8055399109,0.5,0.6,0.6,0.05,0.04,-0.09999999999999998,0.010000000000000002
56,0,0,9,80,83,0.5,0.35,83,1,0,-260709.314932481,0.5,0.5,0.5,0.05,0.08333333333333333,0.0,-0.033333333333333326
56,0,0,10,80,81,0.5,0.2,80,0,0,-260711.0368644291,0.75,0.3333333333333333,0.75,0.0375,0.05555555555555555,0.4166666666666667,-0.018055555555555554
56,0,0,11,79,82,0.6500000000000001,0.8,79,0,0,-260718.36781063396,0.5,0.3333333333333333,0.5,0.05,0.05555555555555555,0.16666666666666669,-0.00555555555555555
56,0,0,12,80,82,0.5,0.8,80,0,0,-260723.4858355001,0.6,0.3333333333333333,0.3333333333333333,0.04,0.05555555555555555,0.26666666666666666,-0.015555555555555552
56,0,0,13,81,83,0.2,0.35,81,0,1,-260727.588125098,0.25,0.8,0.8,0.0375,0.02666666666666667,-0.55,0.01083333333333333
56,0,0,14,79,83,0.6500000000000001,0.35,79,0,1,-260732.84759577076,0.25,0.3333333333333333,0.25,0.0375,0.05555555555555555,-0.08333333333333331,-0.018055555555555554
56,0,0,15,79,82,0.6500000000000001,0.8,79,0,1,-260735.76853254664,0.6,0.3333333333333333,0.6,0.04,0.05555555555555555,0.26666666666666666,-0.015555555555555552
56,0,0,16,79,82,0.6500000000000001,0.8,79,0,0,-260748.3016408168,0.4,0.8333333333333334,0.8333333333333334,0.04,0.01984126984126984,-0.43333333333333335,0.02015873015873016
56,0,0,17,82,83,0.8,0.35,83,1,1,-260755.53673754827,0.4,0.8571428571428571,0.8571428571428571,0.04,0.015306122448979591,-0.4571428571428571,0.02469387755102041
56,0,0,18,79,81,0.6500000000000001,0.2,81,1,0,-260760.4656915785,0.4,0.75,0.4,0.04,0.020833333333333332,-0.35,0.01916666666666667
56,0,0,19,80,82,0.5,0.8,80,0,0,-260769.62582011597,0.5,0.3333333333333333,0.5,0.03571428571428571,0.05555555555555555,0.16666666666666669,-0.01984126984126984
56,0,0,20,80,82,0.5,0.8,80,0,0,-260774.6783937095,0.6666666666666666,0.3333333333333333,0.3333333333333333,0.031746031746031744,0.05555555555555555,0.3333333333333333,-0.023809523809523808
56,0,0,21,82,83,0.8,0.35,83,1,1,-260780.7687930897,0.42857142857142855,0.25,0.42857142857142855,0.030612244897959183,0.0375,0.17857142857142855,-0.006887755102040816
56,0,0,22,81,83,0.2,0.35,83,1,1,-260787.46954785736,0.6666666666666666,0.75,0.75,0.031746031746031744,0.020833333333333332,-0.08333333333333337,0.010912698412698412
56,0,1,0,85,87,0.6,0.5,85,0,1,-260827.4967416746,0.5,0.5,0.5,0.08333333333333333,0.08333333333333333,0.0,0.0
56,0,1,1,87,88,0.5,0.55,88,1,0,-260828.10093846556,0.5,0.5,0.5,0.08333333333333333,0.08333333333333333,0.0,0.0
56,0,1,2,85,88,0.6,0.55,88,1,1,-260834.09524708652,0.6666666666666666,0.6666666666666666,0.6666666666666666,0.05555555555555555,0.05555555555555555,0.0,0.0
56,0,1,3,87,88,0.5,0.55,88,1,1,-260845.08353891707,0.5,0.6666666666666666,0.6666666666666666,0.08333333333333333,0.05555555555555555,-0.16666666666666663,0.027777777777777776
56,0,1,4,85,88,0.6,0.55,88,1,0,-260853.03325113608,0.75,0.5,0.75,0.0375,0.05,0.25,-0.012500000000000004
56,0,1,5,85,87,0.6,0.5,87,1,1,-260862.0064742905,0.6,0.5,0.6,0.04,0.05,0.09999999999999998,-0.010000000000000002
56,0,1,6,87,88,0.5,0.55,87,0,1,-260865.79019007905,0.5,0.5,0.5,0.08333333333333333,0.08333333333333333,0.0,0.0
56,0,1,7,85,87,0.6,0.5,87,1,0,-260873.462572747,0.5,0.6666666666666666,0.6666666666666666,0.08333333333333333,0.031746031746031744,-0.16666666666666663,0.051587301587301584
56,0,1,8,86,89,0.2,0.45,86,0,0,-260878.9768710317,0.5,0.6666666666666666,0.5,0.08333333333333333,0.05555555555555555,-0.16666666666666663,0.027777777777777776
56,0,1,9,87,89,0.5,0.45,89,1,1,-260884.4304071087,0.5,0.6666666666666666,0.6666666666666666,0.08333333333333333,0.05555555555555555,-0.16666666666666663,0.027777777777777776
56,0,1,10,86,89,0.2,0.45,89,1,1,-260888.5938881453,0.7142857142857143,0.5,0.5,0.025510204081632654,0.05,0.2142857142857143,-0.02448979591836735
56,0,1,11,87,88,0.5,0.55,88,1,1,-260896.26901430567,0.6,0.75,0.6,0.04,0.0375,-0.15000000000000002,0.0025000000000000022
56,0,1,12,86,88,0.2,0.55,86,0,1,-260904.0439594075,0.5,0.7142857142857143,0.7142857142857143,0.08333333333333333,0.025510204081632654,-0.2142857142857143,0.057823129251700675
56,0,1,13,85,89,0.6,0.45,85,0,1,-260910.6875634346,0.5,0.3333333333333333,0.3333333333333333,0.08333333333333333,0.05555555555555555,0.16666666666666669,0.027777777777777776
56,0,1,14,86,87,0.2,0.5,86,0,1,-260917.2713779804,0.5,0.25,0.5,0.08333333333333333,0.0375,0.25,0.04583333333333333
56,0,1,15,86,87,0.2,0.5,87,1,0,-260922.2425279816,0.6666666666666666,0.75,0.6666666666666666,0.05555555555555555,0.0375,-0.08333333333333337,0.018055555555555554
56,0,1,16,85,87,0.6,0.5,85,0,0,-260926.26336097316,0.75,0.5,0.75,0.020833333333333332,0.03571428571428571,0.25,-0.01488095238095238
56,0,1,17,85,86,0.6,0.2,86,1,0,-260932.7401094493,0.5,0.75,0.75,0.05,0.0375,-0.25,0.012500000000000004
56,0,1,18,86,88,0.2,0.55,88,1,1,-260938.8151078889,0.5,0.25,0.5,0.05,0.0375,0.25,0.012500000000000004
56,0,2,0,93,95,0.35,0.5,93,0,0,-260967.0871615913,0.7777777777777778,0.5,0.7777777777777778,0.01728395061728395,0.03571428571428571,0.2777777777777778,-0.018430335097001763
56,0,2,1,92,95,0.8,0.5,95,1,0,-260974.15727748128,0.7,0.8,0.8,0.019090909090909092,0.02666666666666667,-0.10000000000000009,-0.007575757575757576
56,0,2,2,93,95,0.35,0.5,95,1,0,-260977.7852254471,0.5,0.8333333333333334,0.5,0.03571428571428571,0.01984126984126984,-0.33333333333333337,0.015873015873015872
56,0,2,3,92,93,0.8,0.35,93,1,1,-260985.3030539048,0.5,0.5,0.5,0.08333333333333333,0.08333333333333333,0.0,0.0
56,0,2,4,92,95,0.8,0.5,92,0,1,-260986.797992018,0.5,0.5,0.5,0.08333333333333333,0.08333333333333333,0.0,0.0
56,0,2,5,91,94,0.6500000000000001,0.2,91,0,0,-260994.6478613699,0.3333333333333333,0.6666666666666666,0.3333333333333333,0.05555555555555555,0.05555555555555555,-0.3333333333333333,0.0
56,0,2,6,91,94,0.6500000000000001,0.2,91,0,0,-260995.8323853073,0.5,0.5,0.5,0.05,0.08333333333333333,0.0,-0.033333333333333326
56,0,2,7,91,95,0.6500000000000001,0.5,95,1,0,-261007.3719432524,0.4,0.6666666666666666,0.6666666666666666,0.04,0.05555555555555555,-0.2666666666666666,-0.015555555555555552
56,0,2,8,93,95,0.35,0.5,93,0,0,-261013.3480932208,0.4,0.5,0.4,0.04,0.08333333333333333,-0.09999999999999998,-0.04333333333333333
56,0,2,9,91,94,0.6500000000000001,0.2,91,0,1,-261019.3620093772,0.3333333333333333,0.75,0.3333333333333333,0.031746031746031744,0.0375,-0.4166666666666667,-0.005753968253968254
56,0,2,10,94,95,0.2,0.5,94,0,0,-261023.72282135903,0.2857142857142857,0.75,0.75,0.025510204081632654,0.0375,-0.4642857142857143,-0.011989795918367345
56,0,2,11,92,94,0.8,0.2,94,1,0,-261028.38931135176,0.2857142857142857,0.5,0.2857142857142857,0.025510204081632654,0.08333333333333333,-0.2142857142857143,-0.057823129251700675
56,0,2,12,94,95,0.2,0.5,95,1,0,-261036.9946900468,0.375,0.5,0.375,0.026041666666666668,0.08333333333333333,-0.125,-0.05729166666666666
56,0,2,13,91,94,0.6500000000000001,0.2,94,1,0,-261039.3338805135,0.5,0.5,0.5,0.08333333333333333,0.08333333333333333,0.0,0.0
56,0,2,14,92,94,0.8,0.2,92,0,1,-261046.58827049425,0.4444444444444444,0.6666666666666666,0.6666666666666666,0.024691358024691357,0.05555555555555555,-0.2222222222222222,-0.030864197530864196
56,0,2,15,91,93,0.6500000000000001,0.35,93,1,1,-261057.08488327812,0.8,0.5,0.5,0.02666666666666667,0.05,0.30000000000000004,-0.023333333333333334
56,0,2,16,92,94,0.8,0.2,92,0,1,-261059.81934378127,0.5,0.4444444444444444,0.4444444444444444,0.08333333333333333,0.024691358024691357,0.05555555555555558,0.05864197530864197
56,0,2,17,91,93,0.6500000000000001,0.35,93,1,0,-261068.8208226996,0.5,0.5,0.5,0.08333333333333333,0.08333333333333333,0.0,0.0
56,0,2,18,91,92,0.6500000000000001,0.8,91,0,0,-261073.6627043065,0.4,0.3333333333333333,0.4,0.02181818181818182,0.05555555555555555,0.06666666666666671,-0.03373737373737373
56,0,2,19,93,94,0.35,0.2,93,0,0,-261079.14659440063,0.5,0.8,0.8,0.08333333333333333,0.02666666666666667,-0.30000000000000004,0.05666666666666666
56,0,2,20,91,92,0.6500000000000001,0.8,92,1,1,-261087.0447346745,0.45454545454545453,0.8333333333333334,0.8333333333333334,0.02066115702479339,0.01984126984126984,-0.37878787878787884,0.0008198871835235488
56,0,2,21,91,94,0.6500000000000001,0.2,94,1,1,-261093.846503118,0.45454545454545453,0.3333333333333333,0.3333333333333333,0.02066115702479339,0.05555555555555555,0.12121212121212122,-0.03489439853076216
56,0,3,0,98,100,0.35,0.8,98,0,0,-261126.07658708745,0.5,0.5,0.5,0.08333333333333333,0.08333333333333333,0.0,0.0
56,0,3,1,99,100,0.2,0.8,99,0,0,-261131.19351265064,0.5,0.5,0.5,0.08333333333333333,0.08333333333333333,0.0,0.0
56,0,3,2,99,100,0.2,0.8,99,0,0,-261134.6353404668,0.6666666666666666,0.6666666666666666,0.6666666666666666,0.05555555555555555,0.05555555555555555,0.0,0.0
56,0,3,3,99,100,0.2,0.8,99,0,0,-261139.83077442183,0.75,0.6666666666666666,0.6666666666666666,0.0375,0.05555555555555555,0.08333333333333337,-0.018055555555555554
56,0,3,4,97,101,0.5,0.6500000000000001,97,0,0,-261143.79491310456,0.75,0.5,0.75,0.0375,0.05,0.25,-0.012500000000000004
56,0,3,5,100,101,0.8,0.6500000000000001,101,1,1,-261151.2516179268,0.6,0.5,0.6,0.04,0.08333333333333333,0.09999999999999998,-0.04333333333333333
56,0,3,6,98,100,0.35,0.8,98,0,0,-261154.2239300296,0.5,0.5,0.5,0.05,0.08333333333333333,0.0,-0.033333333333333326
56,0,3,7,99,100,0.2,0.8,100,1,1,-261160.31216358067,0.6666666666666666,0.5,0.5,0.031746031746031744,0.08333333333333333,0.16666666666666663,-0.051587301587301584
56,0,3,8,98,100,0.35,0.8,98,0,1,-261167.3296481381,0.6666666666666666,0.4,0.4,0.031746031746031744,0.04,0.2666666666666666,-0.008253968253968257
56,0,3,9,99,101,0.2,0.6500000000000001,99,0,0,-261172.9983009674,0.6666666666666666,0.5,0.6666666666666666,0.031746031746031744,0.03571428571428571,0.16666666666666663,-0.003968253968253968
56,0,3,10,100,101,0.8,0.6500000000000001,100,0,1,-261180.72977362707,0.5,0.3333333333333333,0.3333333333333333,0.03571428571428571,0.05555555555555555,0.16666666666666669,-0.01984126984126984
56,0,3,11,97,101,0.5,0.6500000000000001,97,0,0,-261185.6403987023,0.5714285714285714,0.5,0.5714285714285714,0.030612244897959183,0.03571428571428571,0.0714285714285714,-0.005102040816326529
56,0,3,12,97,99,0.5,0.2,97,0,0,-261190.8674744184,0.625,0.5,0.5,0.026041666666666668,0.03571428571428571,0.125,-0.009672619047619044
56,0,3,13,97,98,0.5,0.35,97,0,0,-261195.5819087184,0.42857142857142855,0.25,0.42857142857142855,0.030612244897959183,0.0375,0.17857142857142855,-0.006887755102040816
56,0,3,14,97,100,0.5,0.8,100,1,1,-261206.74784768675,0.5,0.5,0.5,0.08333333333333333,0.08333333333333333,0.0,0.0
56,0,3,15,99,100,0.2,0.8,100,1,1,-261212.80855756887,0.3333333333333333,0.25,0.3333333333333333,0.05555555555555555,0.0375,0.08333333333333331,0.018055555555555554
56,0,3,16,98,100,0.35,0.8,98,0,0,-261218.18261152,0.25,0.375,0.25,0.0375,0.026041666666666668,-0.125,0.01145833333333333
56,0,3,17,98,101,0.35,0.6500000000000001,101,1,0,-261226.61310308916,0.375,0.5,0.375,0.026041666666666668,0.08333333333333333,-0.125,-0.05729166666666666
56,0,4,0,103,105,0.55,0.6,105,1,1,-261257.0173314469,0.5,0.5,0.5,0.08333333333333333,0.08333333333333333,0.0,0.0
56,0,4,1,103,107,0.55,0.45,103,0,1,-261259.90892059804,0.5,0.5,0.5,0.08333333333333333,0.08333333333333333,0.0,0.0
56,0,4,2,103,105,0.55,0.6,103,0,0,-261265.8229432765,0.6666666666666666,0.3333333333333333,0.3333333333333333,0.05555555555555555,0.05555555555555555,0.3333333333333333,0.0
56,0,4,3,103,107,0.55,0.45,107,1,0,-261270.01156695132,0.5,0.25,0.5,0.08333333333333333,0.0375,0.25,0.04583333333333333
56,0,4,4,103,107,0.55,0.45,107,1,1,-261276.42664033052,0.3333333333333333,0.25,0.25,0.05555555555555555,0.0375,0.08333333333333331,0.018055555555555554
56,0,4,5,105,107,0.6,0.45,107,1,1,-261278.26860391427,0.6666666666666666,0.4,0.6666666666666666,0.05555555555555555,0.04,0.2666666666666666,0.015555555555555552
56,0,4,6,103,107,0.55,0.45,107,1,0,-261284.70566090776,0.5,0.3333333333333333,0.3333333333333333,0.05,0.05555555555555555,0.16666666666666669,-0.00555555555555555
56,0,4,7,105,107,0.6,0.45,107,1,0,-261289.93023173584,0.25,0.4,0.25,0.0375,0.04,-0.15000000000000002,-0.0025000000000000022
56,0,4,8,103,107,0.55,0.45,103,0,1,-261294.48036285533,0.5,0.2,0.5,0.05,0.02666666666666667,0.3,0.023333333333333334
56,0,4,9,105,107,0.6,0.45,107,1,1,-261300.69259062628,0.5,0.5,0.5,0.08333333333333333,0.08333333333333333,0.0,0.0
56,0,4,10,103,107,0.55,0.45,103,0,0,-261310.8851172308,0.5,0.4,0.4,0.08333333333333333,0.04,0.09999999999999998,0.04333333333333333
56,0,4,11,103,105,0.55,0.6,103,0,0,-261314.4419433188,0.6,0.5,0.6,0.04,0.08333333333333333,0.09999999999999998,-0.04333333333333333
56,0,4,12,103,105,0.55,0.6,105,1,1,-261321.63781872427,0.5,0.5,0.5,0.03571428571428571,0.08333333333333333,0.0,-0.047619047619047616
56,0,4,13,105,107,0.6,0.45,105,0,0,-261326.70806236457,0.5,0.2,0.5,0.03571428571428571,0.02666666666666667,0.3,0.009047619047619044
56,0,4,14,104,106,0.2,0.5,104,0,0,-261342.1760937128,0.5714285714285714,0.5,0.5,0.030612244897959183,0.03571428571428571,0.0714285714285714,-0.005102040816326529
56,0,4,15,105,107,0.6,0.45,105,0,0,-261352.93123342044,0.3333333333333333,0.6666666666666666,0.3333333333333333,0.05555555555555555,0.05555555555555555,-0.3333333333333333,0.0
56,0,4,16,103,105,0.55,0.6,103,0,1,-261357.63923748105,0.5714285714285714,0.6666666666666666,0.5714285714285714,0.030612244897959183,0.05555555555555555,-0.09523809523809523,-0.02494331065759637
56,0,4,17,106,107,0.5,0.45,107,1,0,-261368.04064921208,0.2,0.5714285714285714,0.5714285714285714,0.02666666666666667,0.030612244897959183,-0.3714285714285714,-0.003945578231292515
56,0,4,18,103,107,0.55,0.45,107,1,1,-261376.5893696415,0.5,0.2,0.2,0.027777777777777776,0.02666666666666667,0.3,0.0011111111111111079
56,0,4,19,103,106,0.55,0.5,103,0,0,-261383.79217007023,0.5,0.6666666666666666,0.5,0.027777777777777776,0.05555555555555555,-0.16666666666666663,-0.027777777777777776
56,0,4,20,104,106,0.2,0.5,104,0,0,-261389.23124686908,0.5,0.6666666666666666,0.6666666666666666,0.05,0.05555555555555555,-0.16666666666666663,-0.00555555555555555
56,1,0,0,169,173,0.2,0.8,169,0,0,-261674.0071335332,0.5,0.5,0.5,0.08333333333333333,0.08333333333333333,0.0,0.0
56,1,0,1,170,173,0.6500000000000001,0.8,173,1,0,-261677.5115319236,0.5,0.5,0.5,0.08333333333333333,0.08333333333333333,0.0,0.0
56,1,0,2,169,173,0.2,0.8,173,1,1,-261681.9391752961,0.5,0.3333333333333333,0.3333333333333333,0.08333333333333333,0.05555555555555555,0.16666666666666669,0.027777777777777776
56,1,0,3,169,173,0.2,0.8,173,1,1,-261689.32273894604,0.5,0.25,0.5,0.08333333333333333,0.0375,0.25,0.04583333333333333
56,1,0,4,169,173,0.2,0.8,173,1,1,-261695.8744056651,0.25,0.6666666666666666,0.25,0.0375,0.05555555555555555,-0.41666666666666663,-0.018055555555555554
56,1,0,5,169,170,0.2,0.6500000000000001,170,1,1,-261698.05459286572,0.4,0.6666666666666666,0.6666666666666666,0.04,0.05555555555555555,-0.2666666666666666,-0.015555555555555552
56,1,0,6,170,173,0.6500000000000001,0.8,170,0,0,-261705.54825482727,0.4,0.75,0.75,0.04,0.0375,-0.35,0.0025000000000000022
56,1,0,7,170,173,0.6500000000000001,0.8,170,0,1,-261711.31651337765,0.3333333333333333,0.4,0.3333333333333333,0.05555555555555555,0.04,-0.06666666666666671,0.015555555555555552
56,1,0,8,169,173,0.2,0.8,173,1,1,-261714.01320470363,0.4,0.8,0.4,0.04,0.02666666666666667,-0.4,0.013333333333333332
56,1,0,9,171,172,0.5,0.35,171,0,1,-261716.7490949643,0.3333333333333333,0.8,0.8,0.031746031746031744,0.02666666666666667,-0.46666666666666673,0.005079365079365076
56,1,0,10,171,172,0.5,0.35,171,0,0,-261725.24006933943,0.5,0.6666666666666666,0.6666666666666666,0.05,0.031746031746031744,-0.16666666666666663,0.01825396825396826
56,1,0,11,169,170,0.2,0.6500000000000001,170,1,1,-261731.25037752776,0.5,0.5714285714285714,0.5714285714285714,0.05,0.030612244897959183,-0.0714285714285714,0.01938775510204082
56,1,0,12,169,173,0.2,0.8,173,1,0,-261736.02027434943,0.5,0.5,0.5,0.05,0.027777777777777776,0.0,0.022222222222222227
56,1,0,13,171,173,0.5,0.8,171,0,0,-261741.71946358457,0.5,0.5,0.5,0.08333333333333333,0.08333333333333333,0.0,0.0
56,1,0,14,170,172,0.6500000000000001,0.35,172,1,0,-261745.3139993371,0.3333333333333333,0.5,0.3333333333333333,0.031746031746031744,0.08333333333333333,-0.16666666666666669,-0.051587301587301584
56,1,0,15,169,171,0.2,0.5,169,0,0,-261749.6156253743,0.3333333333333333,0.2857142857142857,0.2857142857142857,0.05555555555555555,0.025510204081632654,0.047619047619047616,0.0300453514739229
56,1,0,16,170,172,0.6500000000000001,0.35,172,1,0,-261753.5154373636,0.6,0.5,0.5,0.04,0.027777777777777776,0.09999999999999998,0.012222222222222225
56,1,0,17,171,172,0.5,0.35,172,1,1,-261761.3454209185,0.375,0.5,0.375,0.026041666666666668,0.08333333333333333,-0.125,-0.05729166666666666
56,1,0,18,171,173,0.5,0.8,173,1,1,-261764.385779516,0.6,0.5555555555555556,0.6,0.04,0.024691358024691357,0.0444444444444444,0.015308641975308644
56,1,1,0,175,179,0.5,0.6500000000000001,179,1,1,-261795.62596414244,0.3333333333333333,0.5555555555555556,0.5555555555555556,0.05555555555555555,0.024691358024691357,-0.22222222222222227,0.030864197530864196
56,1,1,1,175,176,0.5,0.8,176,1,1,-261799.12516982167,0.5,0.5,0.5,0.03571428571428571,0.022727272727272728,0.0,0.012987012987012984
56,1,1,2,175,179,0.5,0.6500000000000001,175,0,0,-261802.782830401,0.42857142857142855,0.5,0.42857142857142855,0.030612244897959183,0.08333333333333333,-0.07142857142857145,-0.052721088435374146
56,1,1,3,176,179,0.8,0.6500000000000001,179,1,1,-261809.9246796497,0.5,0.5,0.5,0.08333333333333333,0.08333333333333333,0.0,0.0
56,1,1,4,175,176,0.5,0.8,176,1,1,-261813.79561850135,0.5,0.5,0.5,0.08333333333333333,0.08333333333333333,0.0,0.0
56,1,1,5,176,179,0.8,0.6500000000000001,176,0,0,-261817.66420298247,0.3333333333333333,0.3333333333333333,0.3333333333333333,0.05555555555555555,0.05555555555555555,0.0,0.0
56,1,1,6,177,178,0.2,0.35,178,1,1,-261821.65443085533,0.3333333333333333,0.5,0.3333333333333333,0.05555555555555555,0.08333333333333333,-0.16666666666666669,-0.027777777777777776
56,1,1,7,176,177,0.8,0.2,176,0,0,-261825.55065863472,0.25,0.5,0.5,0.0375,0.08333333333333333,-0.25,-0.04583333333333333
56,1,1,8,175,176,0.5,0.8,175,0,0,-261829.85749110527,0.5,0.5,0.5,0.08333333333333333,0.08333333333333333,0.0,0.0
56,1,1,9,177,179,0.2,0.6500000000000001,179,1,1,-261833.0721031021,0.25,0.6666666666666666,0.6666666666666666,0.0375,0.05555555555555555,-0.41666666666666663,-0.018055555555555554
56,1,1,10,175,178,0.5,0.35,178,1,0,-261837.94240636195,0.5,0.5,0.5,0.05,0.08333333333333333,0.0,-0.033333333333333326
56,1,1,11,175,179,0.5,0.6500000000000001,179,1,0,-261842.5295003912,0.6,0.5,0.5,0.04,0.08333333333333333,0.09999999999999998,-0.04333333333333333
56,1,1,12,176,177,0.8,0.2,177,1,0,-261846.0230689005,0.25,0.6,0.6,0.0375,0.04,-0.35,-0.0025000000000000022
56,1,1,13,176,177,0.8,0.2,177,1,0,-261850.1124224433,0.5,0.6666666666666666,0.6666666666666666,0.05,0.05555555555555555,-0.16666666666666663,-0.00555555555555555
56,1,1,14,176,177,0.8,0.2,177,1,0,-261855.5219554558,0.6666666666666666,0.3333333333333333,0.3333333333333333,0.031746031746031744,0.05555555555555555,0.3333333333333333,-0.023809523809523808
56,1,1,15,175,178,0.5,0.35,175,0,1,-261858.95805834047,0.25,0.5,0.25,0.0375,0.05,-0.25,-0.012500000000000004
56,1,1,16,175,178,0.5,0.35,178,1,0,-261863.8584927792,0.5,0.5,0.5,0.05,0.05,0.0,0.0
56,1,1,17,175,177,0.5,0.2,175,0,1,-261869.6272049132,0.5,0.5,0.5,0.05,0.05,0.0,0.0
56,1,2,0,182,183,0.45,0.6,182,0,0,-261897.80888989556,0.2,0.5,0.2,0.02666666666666667,0.05,-0.3,-0.023333333333333334
56,1,2,1,183,184,0.6,0.2,184,1,0,-261904.95340492783,0.16666666666666666,0.5,0.16666666666666666,0.01984126984126984,0.05,-0.33333333333333337,-0.030158730158730163
56,1,2,2,182,183,0.45,0.6,183,1,1,-261911.51862087747,0.14285714285714285,0.4,0.14285714285714285,0.015306122448979591,0.04,-0.2571428571428572,-0.02469387755102041
56,1,2,3,182,184,0.45,0.2,182,0,1,-261914.12297533467,0.5,0.5,0.5,0.08333333333333333,0.08333333333333333,0.0,0.0
56,1,2,4,182,184,0.45,0.2,182,0,1,-261921.2685197484,0.5,0.5,0.5,0.08333333333333333,0.08333333333333333,0.0,0.0
56,1,2,5,183,184,0.6,0.2,184,1,0,-261927.064771688,0.5,0.3333333333333333,0.5,0.08333333333333333,0.05555555555555555,0.16666666666666669,0.027777777777777776
56,1,2,6,182,184,0.45,0.2,184,1,0,-261932.1181842281,0.3333333333333333,0.6666666666666666,0.6666666666666666,0.05555555555555555,0.05555555555555555,-0.3333333333333333,0.0
56,1,2,7,182,183,0.45,0.6,183,1,0,-261936.47426345316,0.3333333333333333,0.75,0.75,0.05555555555555555,0.0375,-0.4166666666666667,0.018055555555555554
56,1,2,8,182,184,0.45,0.2,184,1,0,-261944.1107104238,0.3333333333333333,0.3333333333333333,0.3333333333333333,0.05555555555555555,0.05555555555555555,0.0,0.0
56,1,2,9,182,184,0.45,0.2,182,0,0,-261947.61098150723,0.25,0.8,0.25,0.0375,0.02666666666666667,-0.55,0.01083333333333333
56,1,2,10,182,184,0.45,0.2,184,1,0,-261952.22509019985,0.2,0.3333333333333333,0.2,0.02666666666666667,0.05555555555555555,-0.1333333333333333,-0.028888888888888884
56,1,2,11,183,184,0.6,0.2,184,1,1,-261956.13434400852,0.5,0.5,0.5,0.08333333333333333,0.08333333333333333,0.0,0.0
56,1,2,12,182,184,0.45,0.2,184,1,0,-261958.30947743973,0.3333333333333333,0.5,0.5,0.05555555555555555,0.08333333333333333,-0.16666666666666669,-0.027777777777777776
56,1,2,13,181,185,0.5,0.55,181,0,1,-261962.5103999336,0.3333333333333333,0.6666666666666666,0.3333333333333333,0.05555555555555555,0.05555555555555555,-0.3333333333333333,0.0
56,1,2,14,182,184,0.45,0.2,184,1,0,-261971.65054881145,0.8,0.3333333333333333,0.8,0.02666666666666667,0.05555555555555555,0.46666666666666673,-0.028888888888888884
56,1,2,15,183,185,0.6,0.55,185,1,0,-261975.4868392881,0.5,0.8333333333333334,0.8333333333333334,0.05,0.01984126984126984,-0.33333333333333337,0.030158730158730163
56,1,2,16,182,185,0.45,0.55,185,1,1,-261984.32198236007,0.16666666666666666,0.3333333333333333,0.3333333333333333,0.01984126984126984,0.05555555555555555,-0.16666666666666666,-0.03571428571428571
56,1,2,17,181,182,0.5,0.45,181,0,0,-261987.95376050315,0.6666666666666666,0.25,0.6666666666666666,0.05555555555555555,0.0375,0.41666666666666663,0.018055555555555554
56,1,2,18,184,185,0.2,0.55,184,0,1,-261993.6072504608,0.75,0.8571428571428571,0.75,0.0375,0.015306122448979591,-0.1071428571428571,0.022193877551020407
56,1,2,19,181,183,0.5,0.6,183,1,1,-261996.5517449596,0.5,0.25,0.25,0.05,0.0375,0.25,0.012500000000000004
56,1,2,20,183,185,0.6,0.55,185,1,0,-262003.05503759917,0.5,0.8571428571428571,0.8571428571428571,0.05,0.015306122448979591,-0.3571428571428571,0.03469387755102041
56,1,2,21,181,185,0.5,0.55,185,1,0,-262007.1738278432,0.16666666666666666,0.8,0.8,0.01984126984126984,0.02666666666666667,-0.6333333333333334,-0.006825396825396828
56,1,2,22,182,185,0.45,0.55,182,0,0,-262011.66694243863,0.16666666666666666,0.75,0.16666666666666666,0.01984126984126984,0.020833333333333332,-0.5833333333333334,-0.000992063492063492
56,1,3,0,189,191,0.5,0.2,191,1,0,-262039.7001734484,0.5,0.6666666666666666,0.6666666666666666,0.05,0.031746031746031744,-0.16666666666666663,0.01825396825396826
56,1,3,1,188,189,0.55,0.5,189,1,1,-262044.0317381843,0.5,0.5,0.5,0.08333333333333333,0.08333333333333333,0.0,0.0
56,1,3,2,188,191,0.55,0.2,188,0,0,-262049.0561596477,0.5,0.5,0.5,0.08333333333333333,0.08333333333333333,0.0,0.0
56,1,3,3,188,191,0.55,0.2,191,1,0,-262055.2085514273,0.3333333333333333,0.5,0.5,0.05555555555555555,0.08333333333333333,-0.16666666666666669,-0.027777777777777776
56,1,3,4,188,189,0.55,0.5,189,1,0,-262059.4234081588,0.3333333333333333,0.3333333333333333,0.3333333333333333,0.05555555555555555,0.05555555555555555,0.0,0.0
56,1,3,5,189,191,0.5,0.2,189,0,0,-262062.9519864674,0.5,0.5,0.5,0.08333333333333333,0.08333333333333333,0.0,0.0
56,1,3,6,188,189,0.55,0.5,188,0,1,-262067.26207255575,0.5,0.3333333333333333,0.5,0.08333333333333333,0.05555555555555555,0.16666666666666669,0.027777777777777776
56,1,3,7,188,191,0.55,0.2,191,1,0,-262071.6701513556,0.5,0.6666666666666666,0.5,0.05,0.05555555555555555,-0.16666666666666663,-0.00555555555555555
56,1,3,8,188,189,0.55,0.5,189,1,1,-262075.14359670228,0.3333333333333333,0.3333333333333333,0.3333333333333333,0.05555555555555555,0.05555555555555555,0.0,0.0
56,1,3,9,189,191,0.5,0.2,189,0,0,-262079.59669740804,0.4,0.3333333333333333,0.4,0.04,0.05555555555555555,0.06666666666666671,-0.015555555555555552
56,1,3,10,187,190,0.6,0.45,187,0,0,-262082.32688938096,0.3333333333333333,0.5,0.3333333333333333,0.05555555555555555,0.05,-0.16666666666666669,0.00555555555555555
56,1,3,11,188,191,0.55,0.2,188,0,0,-262092.81812957345,0.6666666666666666,0.3333333333333333,0.3333333333333333,0.05555555555555555,0.05555555555555555,0.3333333333333333,0.0
56,1,3,12,189,191,0.5,0.2,189,0,0,-262101.12763255968,0.6666666666666666,0.5,0.5,0.05555555555555555,0.05,0.16666666666666663,0.00555555555555555
56,1,3,13,188,189,0.55,0.5,189,1,1,-262104.8566599531,0.5,0.5,0.5,0.05,0.05,0.0,0.0
56,1,3,14,187,188,0.6,0.55,187,0,1,-262108.2717020648,0.3333333333333333,0.4,0.3333333333333333,0.031746031746031744,0.04,-0.06666666666666671,-0.008253968253968257
56,1,3,15,188,189,0.55,0.5,188,0,1,-262115.71532974413,0.42857142857142855,0.5,0.5,0.030612244897959183,0.05,-0.07142857142857145,-0.01938775510204082
56,1,3,16,188,191,0.55,0.2,188,0,1,-262121.7475311919,0.6666666666666666,0.4,0.6666666666666666,0.05555555555555555,0.04,0.2666666666666666,0.015555555555555552
56,1,3,17,190,191,0.45,0.2,190,0,1,-262129.153626946,0.6,0.4,0.6,0.04,0.04,0.19999999999999996,0.0
56,1,3,18,188,189,0.55,0.5,188,0,0,-262134.83343889093,0.75,0.5,0.75,0.0375,0.03571428571428571,0.25,0.0017857142857142863
56,1,3,19,187,191,0.6,0.2,191,1,0,-262141.11929457623,0.42857142857142855,0.4,0.42857142857142855,0.030612244897959183,0.04,0.028571428571428525,-0.009387755102040818
56,1,3,20,188,190,0.55,0.45,188,0,0,-262145.6364234647,0.5,0.5,0.5,0.08333333333333333,0.08333333333333333,0.0,0.0
56,1,4,0,194,195,0.5,0.6500000000000001,194,0,1,-262172.90768348216,0.5,0.5,0.5,0.08333333333333333,0.08333333333333333,0.0,0.0
56,1,4,1,195,196,0.6500000000000001,0.2,196,1,0,-262184.0873184977,0.5,0.6666666666666666,0.6666666666666666,0.08333333333333333,0.05555555555555555,-0.16666666666666663,0.027777777777777776
56,1,4,2,194,195,0.5,0.6500000000000001,194,0,1,-262189.63627470675,0.3333333333333333,0.5,0.5,0.05555555555555555,0.08333333333333333,-0.16666666666666669,-0.027777777777777776
56,1,4,3,194,195,0.5,0.6500000000000001,194,0,1,-262195.2269535557,0.3333333333333333,0.75,0.75,0.05555555555555555,0.0375,-0.4166666666666667,0.018055555555555554
56,1,4,4,194,195,0.5,0.6500000000000001,194,0,0,-262200.7958205503,0.3333333333333333,0.8,0.8,0.05555555555555555,0.02666666666666667,-0.46666666666666673,0.028888888888888884
56,1,4,5,195,196,0.6500000000000001,0.2,195,0,1,-262202.3103689333,0.3333333333333333,0.3333333333333333,0.3333333333333333,0.05555555555555555,0.05555555555555555,0.0,0.0
56,1,4,6,194,195,0.5,0.6500000000000001,195,1,0,-262209.36014561774,0.25,0.3333333333333333,0.3333333333333333,0.0375,0.05555555555555555,-0.08333333333333331,-0.018055555555555554
56,1,4,7,194,195,0.5,0.6500000000000001,195,1,1,-262215.7424971759,0.25,0.8333333333333334,0.8333333333333334,0.0375,0.01984126984126984,-0.5833333333333334,0.01765873015873016
56,1,4,8,194,195,0.5,0.6500000000000001,195,1,0,-262222.160028561,0.25,0.25,0.25,0.0375,0.0375,0.0,0.0
56,1,4,9,195,196,0.6500000000000001,0.2,195,0,0,-262225.9029485106,0.25,0.8571428571428571,0.8571428571428571,0.0375,0.015306122448979591,-0.6071428571428571,0.022193877551020407
56,1,4,10,195,196,0.6500000000000001,0.2,195,0,1,-262232.4564363001,0.25,0.875,0.25,0.0375,0.012152777777777778,-0.625,0.025347222222222222
56,1,4,11,195,196,0.6500000000000001,0.2,196,1,0,-262236.50367336744,0.4,0.2,0.4,0.04,0.02666666666666667,0.2,0.013333333333333332
56,1,4,12,195,196,0.6500000000000001,0.2,196,1,0,-262242.29596939194,0.5,0.875,0.875,0.03571428571428571,0.012152777777777778,-0.375,0.023561507936507936
56,1,4,13,194,195,0.5,0.6500000000000001,195,1,1,-262247.2281406905,0.5,0.8888888888888888,0.8888888888888888,0.03571428571428571,0.009876543209876543,-0.38888888888888884,0.02583774250440917
56,1,4,14,194,195,0.5,0.6500000000000001,194,0,1,-262251.6326395108,0.5,0.5,0.5,0.08333333333333333,0.08333333333333333,0.0,0.0
56,1,4,15,193,197,0.35,0.8,193,0,1,-262257.3442740331,0.2,0.5,0.2,0.02666666666666667,0.08333333333333333,-0.3,-0.05666666666666666
56,1,4,16,194,195,0.5,0.6500000000000001,195,1,1,-262262.90641369595,0.3333333333333333,0.9,0.9,0.05555555555555555,0.008181818181818182,-0.5666666666666667,0.047373737373737373
56,1,4,17,193,195,0.35,0.6500000000000001,193,0,0,-262266.5685005374,0.5,0.3333333333333333,0.3333333333333333,0.03571428571428571,0.031746031746031744,0.16666666666666669,0.003968253968253968
56,1,4,18,194,197,0.5,0.8,194,0,1,-262270.7293059232,0.5,0.9090909090909091,0.5,0.08333333333333333,0.006887052341597796,-0.40909090909090906,0.07644628099173553
56,1,4,19,194,197,0.5,0.8,194,0,0,-262276.76243181183,0.2857142857142857,0.3333333333333333,0.2857142857142857,0.025510204081632654,0.05555555555555555,-0.047619047619047616,-0.0300453514739229
56,1,4,20,195,197,0.6500000000000001,0.8,197,1,1,-262283.13170378434,0.3333333333333333,0.375,0.375,0.05555555555555555,0.026041666666666668,-0.041666666666666685,0.029513888888888885
56,1,4,21,193,195,0.35,0.6500000000000001,193,0,1,-262287.37496985693,0.3333333333333333,0.9090909090909091,0.9090909090909091,0.05555555555555555,0.006887052341597796,-0.5757575757575757,0.048668503213957756
