,0,1,2,3,4,5,6,7,8,9,10,11,12,13,14,15,16,17,18,19,20,21,22,23,24,25,26,27,28,29
0,-0.21236277,-0.32034352,0.06479043,-0.09318165,-0.35468927,-0.2650557,-0.37621012,-0.050728597,-0.2681184,-0.34539202,-0.39615092,0.17332867,0.319514,-0.20252101,-0.16573562,-0.21742457,-0.14267313,0.2375528,0.10218052,-0.22986618,-0.16903262,0.53138965,-0.3891105,0.29029444,-0.20608827,-0.34642115,0.27453735,-0.42728767,0.5149382,0.108561344
1,0.7716292,0.46895874,0.04848742,0.1240482,-0.06704812,-0.1914107,0.63233227,0.19670615,0.26114517,0.04207895,0.39126837,-0.4902881,-0.22102417,-0.10606866,0.02182053,0.28583336,-0.15542655,0.044579465,-0.1761499,-0.04994601,0.4293516,-0.38725322,0.32323456,-0.41779613,0.5780985,0.46459803,-0.4927597,0.47524637,-0.5931896,0.6928758
2,-0.4434437,-0.0050184666,-0.3090865,0.5399534,-0.1999303,0.39195076,-0.16195105,0.04447922,-0.64880645,-0.27922386,0.45611748,-0.69106734,0.59501207,0.30680558,-0.03246298,-0.49852762,0.6492689,-0.12700231,-0.45071635,0.6650486,-0.35623008,0.23037507,-0.014754422,0.5355447,-0.51220393,-0.62479603,-0.8320151,-0.03956796,-0.21872763,-0.63964367
3,-0.35139728,0.17542513,-0.5061873,-0.45388785,-0.08648388,0.3902475,-0.14701173,0.03951954,0.42170927,-0.60060817,-0.0747072,-0.036081802,0.42625716,-0.49051374,-0.21901545,0.12818718,0.4934703,-0.26474178,-0.46830875,0.4885624,-0.45116258,0.35529342,-0.011228416,-0.3595092,-0.28488702,0.5267897,-0.11244801,0.38657737,0.27792713,-0.4699737
4,0.2039733,0.6778138,-0.1300861,0.2680675,-0.3037956,0.2275484,-0.041926596,0.12996624,0.2728011,-0.16686997,0.16840361,-0.5115533,0.066192344,-0.31638128,-0.25943837,0.35675374,-0.09934543,-0.23617628,0.08261454,0.060153954,0.01931709,0.3121499,0.34321877,-0.49914187,0.43435943,0.71351147,-0.530564,0.43219736,-0.20738278,0.50827605
5,0.22720331,0.73564684,-0.43214977,0.41318408,-0.31493223,0.17374136,-0.11115265,0.08968418,0.39887673,-0.15946396,0.17723505,-0.718677,-0.07101248,-0.5453714,-0.008268929,0.45709422,-0.08208186,0.109921694,0.1359574,0.085155025,-0.2799997,0.22230668,0.5478781,-0.34091735,-0.38632724,0.16249165,-0.9106756,0.22243562,-0.44985238,0.041410197
6,-0.51484877,0.42928147,-0.39593887,0.5545108,-0.32424325,0.23854113,-0.127117,-0.022526734,-0.27611983,0.05674694,-0.047434002,-0.76635814,0.27185762,0.3395546,0.05878939,-0.04731769,0.4893503,0.0013924382,0.06465162,0.32957304,-0.17686507,-0.15944323,0.2256131,0.43871433,-0.113250986,-0.63827294,-0.7984942,0.114903994,-0.1147582,-0.3118768
7,-0.57540715,-0.11368939,-0.27809978,-0.3308075,-0.42584908,0.08857243,-0.46674177,-0.016008573,-0.28067857,0.07941949,-0.10360781,0.15167746,0.32955745,0.15024652,-0.29050928,-0.26082978,0.09380349,0.23520279,0.19976099,0.037885994,-0.5108083,0.44342917,-0.25760058,0.36378258,-0.35756677,-0.28764114,0.2581752,-0.40344906,0.5250216,-0.0148999775
8,0.050099418,-0.02566445,-0.003125165,0.28567618,-0.39710715,-0.20026393,0.31211054,0.0321028,-0.20107007,0.55557257,0.06324898,-0.34257376,-0.12334686,0.07510995,-0.32761258,0.10855205,-0.2393698,0.35403684,0.026579244,-0.2504067,0.44867826,0.06544771,-0.27542955,0.16216089,0.42392436,-0.23090649,0.12998907,-0.084623285,0.033384643,0.21223229
9,0.27932847,-0.38643068,0.19697805,-0.11790868,0.30178484,0.08041227,-0.077210516,-0.28354126,-0.26647705,-0.33395076,-0.107546665,0.2861145,0.40751904,0.5933138,-0.11443135,-0.30574614,0.52991354,-0.15601583,-0.599953,0.53062624,-0.08961208,0.070717685,-0.13859181,0.41173586,0.30632704,-0.27893302,0.4004588,0.37326905,0.33070633,0.39678228
10,0.6456622,0.70332205,0.17585492,0.2742403,-0.27722892,0.12315991,0.15989104,-0.027124926,0.7183439,-0.34903273,-0.21537109,-0.55083513,-0.60288036,-0.6388282,-0.28618634,0.4809405,-0.65267134,-0.33943847,0.33769464,-0.16673459,0.07351289,-0.12874794,0.3228097,-0.61149114,0.18990667,0.88168114,-0.3076637,0.5760197,-0.26521543,0.892925
11,0.8514085,0.74120986,-0.22522537,0.5418455,-0.23417935,0.17906958,0.047912184,0.050913278,-0.22927676,-0.23167655,0.32025596,-0.6316452,0.33460125,-0.5779763,0.04073107,0.33320695,-0.094353154,0.03112815,-0.014856029,0.40830097,-0.5001906,-0.367253,0.62045926,-0.03335935,-0.46063003,0.6334146,-0.9290185,-0.13292003,-0.8567397,-0.004175439
12,-0.17749014,0.42327976,-0.5266179,0.5814715,-0.32597017,0.17441529,-0.084331125,-0.11065638,-0.15857667,0.22363156,0.03652471,-0.8008017,0.05063158,0.1663352,0.009844817,0.09902429,0.4476072,0.0070100958,0.14190996,0.22233956,-0.12207174,0.34909096,0.20452613,0.21272787,-0.123666435,-0.36007458,-0.8648796,0.22860384,0.059673246,-0.40338773
13,-0.66205794,-0.074583344,-0.28690007,-0.17175634,-0.4219284,0.019022137,-0.39171895,-0.023836995,-0.122408256,0.36023974,-0.11455723,0.14254048,0.0070917374,0.14970165,-0.26307476,0.03836927,0.06808146,0.23097302,0.2803621,-0.1019852,-0.0749215,0.4783266,-0.29059094,0.09944254,-0.29502788,-0.38497004,0.10895811,-0.2537891,0.56942827,0.026724648
14,0.12712489,0.16428033,-0.028177617,0.48161784,-0.035166398,-0.039725017,0.34603566,0.029454494,-0.28752908,0.2760681,0.18376927,-0.33281142,0.02580826,0.3738376,0.08576227,-0.0014913708,0.38550824,0.039642554,-0.23298433,0.3073712,0.229118,-0.48007783,0.14919944,0.1279496,0.437148,-0.366327,0.24230169,0.43663988,-0.32497436,0.35202384
15,-0.34149843,-0.0268123,-0.055658553,0.08188585,-0.42087916,-0.15172902,-0.36836958,-0.12986186,0.17831944,0.04688869,-0.23102778,-0.3005292,-0.076561436,-0.44999576,-0.2253966,-0.091448985,-0.4208377,0.23039721,0.31616718,-0.2035124,-0.10251883,0.5957163,-0.26110792,0.088488586,-0.41991895,-0.17619382,0.3936826,-0.46445107,0.40575245,0.3841902
16,0.5924769,-0.048678022,0.04109317,0.58860147,-0.028735967,-0.17171969,0.34488785,-0.087995395,-0.3390781,0.24721614,0.2320271,-0.43066213,0.0625144,0.30177423,0.1698618,-0.12961759,0.38001055,0.13383389,-0.28382537,0.331957,0.20654435,-0.49014324,0.1331655,0.2606415,0.5589396,-0.5007935,0.35284063,0.23301461,-0.2610034,0.30885023
17,0.26949802,0.18341234,-0.016293751,0.5716383,-0.017229488,0.16052504,-0.122862406,-0.3472379,-0.082381114,-0.2709176,-0.076221935,-0.44911674,0.2531412,0.18500406,0.03476549,-0.42340738,0.13208656,-0.244699,-0.28650832,0.531453,-0.09898199,-0.11206898,0.07915533,0.17316492,-0.21600482,-0.12157767,0.49126044,0.15538163,0.16861324,0.5630489
18,0.3456198,0.6508723,-0.044412736,0.50915104,-0.23091939,-0.0007418373,0.39021006,0.10481974,0.665245,0.6177384,-0.0065726615,-0.6830038,-0.57980573,-0.34212962,0.049068846,0.4203902,-0.4963151,0.12785064,0.47764242,-0.0923955,0.15830252,-0.25663924,0.45287916,-0.6565973,-0.06495545,0.5006948,-0.17588063,0.5273597,-0.44749197,0.600264
19,0.15642592,0.5766652,-0.23804672,0.41409612,-0.25983953,0.19251151,0.070728585,0.075233094,-0.040252678,-0.20666634,0.2322179,-0.5818709,0.31152424,-0.5731916,0.08578582,0.35822013,0.016614279,0.016653247,-0.085186675,0.43565902,-0.49647254,-0.31306964,0.53986984,0.037941705,-0.49857873,-0.134581,-0.89777327,-0.07270235,-0.850411,0.10276969
20,-0.6854167,0.15509024,-0.32038426,0.4065342,-0.31494695,0.3388358,-0.2465662,-0.01912088,-0.33569282,-0.011447376,-0.09845433,-0.6804876,0.42525715,0.4976452,-0.038428556,-0.23770721,0.6194201,-0.008155999,-0.20519172,0.51949173,-0.29763556,0.20305233,0.018456535,0.7165137,-0.18065126,-0.80216414,-0.60780996,0.02944044,-0.030487662,-0.40636936
21,-0.39170262,0.20259412,-0.4454589,-0.37727433,-0.08260262,0.37846276,-0.22480153,0.074212156,0.3770668,-0.51021624,-0.053424,-0.109645426,0.45783338,-0.21487935,-0.1082773,-0.024289226,0.22481611,-0.13264847,-0.030821461,0.5458623,-0.6091959,0.21882759,-0.011013834,-0.30190632,-0.3834564,0.6408572,-0.064175926,0.35119832,0.16460356,0.400488
22,0.28226283,0.40292352,-0.13528085,0.63543576,-0.2274059,0.15969358,-0.080185026,0.067102216,-0.55083567,-0.01601303,0.15857235,-0.6852769,0.39503595,0.26006252,0.036541518,-0.18608855,0.4230402,-0.17402364,-0.0490387,0.4883159,-0.22499703,-0.44242623,0.3087846,0.31671673,0.29408172,-0.19005255,-0.18064007,-0.17188393,-0.29470474,-0.09018625
23,-0.25023708,0.17797896,-0.24860415,0.5389215,-0.18570964,0.07554998,-0.075663924,-0.22614408,-0.20097141,0.35329708,-0.11402433,-0.4375166,0.08999585,0.372871,0.06365901,0.030065773,0.42459756,-0.09963239,0.054458145,0.31792292,-0.011248229,-0.050806854,0.092301026,-0.07347576,-0.37827745,-0.46531534,0.43119437,0.3193868,0.20237927,-0.00069783936
24,-0.49711472,-0.14225416,0.0038410586,-0.36465526,-0.3979417,-0.024770178,-0.50387734,-0.0415547,-0.25413054,-0.24888755,-0.0884241,-0.11669714,0.48773393,-0.08981993,-0.328013,-0.41217282,-0.3056544,0.25840533,0.17224821,0.08541095,-0.41486365,0.47997147,-0.28999612,0.3125461,-0.3166228,0.28071302,0.30564594,-0.49775213,0.42276406,0.50015134
25,0.7694277,0.6400077,0.043291964,0.42162678,-0.15152046,-0.11997406,0.5882042,0.19836588,0.096836135,0.32479045,0.31685883,-0.50842,-0.2269714,-0.10189441,0.08865618,0.33401993,-0.1061311,0.2679834,-0.09164828,-0.027586604,0.39355773,-0.4258716,0.3777351,-0.28201413,0.54305273,0.21992224,-0.46601206,0.3670152,-0.62804884,0.5345736
26,-0.55873317,-0.1485272,-0.39034596,-0.019484697,-0.5622073,-0.032966796,-0.2090642,-0.032695405,-0.22418948,-0.182799,-0.028819801,-0.40379384,0.2707783,-0.51506853,-0.21119048,-0.11420534,0.0020741655,0.23120466,-0.062075432,0.009658182,-0.4298731,0.6548016,-0.3699104,0.38193503,-0.6548368,-0.68588823,-0.5517847,-0.4418988,0.33577272,-0.31643978
27,0.0957619,0.17642139,-0.03439217,0.47754148,-0.03003865,-0.040301107,0.32873085,-0.02625005,-0.22277942,0.45186687,0.13560104,-0.28669974,-0.14410591,0.31331983,0.052791882,0.09174659,0.4521545,0.07997381,-0.26693538,0.23030277,0.23234531,-0.36404893,0.12691277,0.01719004,0.08759497,-0.37755212,0.24362127,0.6304131,-0.21568136,0.18735088
28,-0.03905751,-0.010199531,0.0066054733,0.28875735,0.24360812,0.33438677,-0.16658734,-0.18783197,-0.3935771,-0.38149896,0.20752458,-0.21995409,0.5772524,0.4566905,0.008540895,-0.60334104,0.44071433,-0.3153479,-0.54673755,0.71267277,-0.3369674,0.115738146,-0.058842793,0.5896925,-0.07917037,-0.123824246,0.42875186,-0.02086219,0.22663268,0.3864387
29,0.40716255,0.12030082,0.045956977,0.34065738,-0.55403274,-0.17521963,-0.19055058,-0.07786486,0.18624717,-0.07839228,-0.20008606,-0.46488547,-0.07773868,-0.22240843,-0.53540176,-0.021133315,-0.38056692,0.19375138,0.16738729,-0.30058488,0.11279151,0.6405535,-0.35741344,0.20875047,0.6976802,0.36860973,0.22681619,-0.40732208,0.45152664,0.2235888
30,0.64959437,-0.48690295,0.15927054,0.02510801,-0.07222281,-0.32041863,0.0081362715,-0.35404453,-0.2541993,-0.053241458,-0.26728964,0.08787917,0.2799248,0.46692303,-0.17950216,-0.19070163,0.490394,-0.07587537,-0.3994603,0.2068486,0.24022168,-0.032588936,-0.14970735,-0.027057238,0.71639645,-0.08070404,0.40866905,0.6261325,0.36781666,0.536113
31,0.68766344,0.53357404,0.16959678,0.5208012,-0.23000805,0.09319911,0.08214467,-0.31118208,0.12111908,-0.089060746,-0.05365275,-0.5780352,-0.20304674,0.095374376,-0.12989695,-0.13377357,-0.2914842,-0.4496135,-0.029028144,0.22721677,0.053503018,-0.35296866,0.21904774,-0.102053605,0.44719863,0.4749283,0.26535743,0.4352677,0.07281843,0.7355604
32,-0.47972673,0.13148783,-0.21215875,0.42032367,-0.6176622,-0.1286722,-0.37758812,-0.21690893,0.21659544,0.66565526,-0.28934893,-0.45557794,-0.24488272,-0.3593626,-0.05215997,0.16749868,-0.43616396,0.25261632,0.5617787,-0.18367559,0.04039422,0.65578604,-0.22069323,-0.22539715,-0.2636384,-0.49790317,0.40333176,-0.24853262,0.63012564,0.05762852
33,-0.3113667,0.31368536,0.029069897,-0.005892467,-0.28220814,-0.2889613,0.2623245,0.22293893,0.36314183,0.30849996,0.056081273,-0.42565438,-0.253236,-0.010117371,0.11209026,0.25178543,-0.10870161,0.5089154,0.06915041,-0.18332534,0.35692134,-0.17557164,0.20890376,-0.5045404,0.3368521,0.35230115,-0.27387416,0.6381795,-0.39993984,0.6038257
34,-0.6189588,0.32607305,-0.1452212,0.13483049,-0.36629406,0.34779176,-0.25741142,0.12991354,0.28113443,-0.22392972,0.23989496,-0.6062379,0.25456992,-0.5066895,-0.02321708,0.26906776,-0.07031282,0.18386187,-0.13086808,0.42246395,-0.4811977,-0.11772785,0.4408493,0.39362404,-0.4898449,-0.23078991,-0.864142,0.08128575,-0.8072636,0.21260567
35,-0.7172493,0.07349152,-0.25967854,0.3665576,-0.30626428,0.3858087,-0.3160214,0.013088668,-0.33273628,0.018689115,-0.19432974,-0.6306699,0.3729771,0.5249957,-0.025652649,-0.26776773,0.51377404,0.07199298,-0.16498138,0.53704005,-0.30972484,-0.07399074,-0.021795858,0.77985066,-0.19562149,-0.7834918,0.034682013,0.026166106,-0.15470989,-0.23471849
36,-0.37248984,0.31699437,-0.43203568,-0.41397402,-0.17358413,0.3498171,-0.23299119,-0.020272538,0.5963722,-0.60421526,-0.27247706,-0.29301292,0.010618266,-0.51486486,-0.03635875,0.15358712,-0.2387021,-0.060616057,0.3596318,0.42391986,-0.51464427,0.2938306,0.017854083,-0.42421257,-0.6461674,0.70640594,0.09291072,0.37219128,0.051018134,0.8106472
37,-0.7110086,-0.009502311,-0.09603973,0.38050264,-0.6422076,-0.14979023,-0.6525499,0.015485096,-0.51497865,0.042788908,-0.34605387,-0.59416705,0.4529364,-0.288519,-0.050336216,-0.28940442,-0.34820893,0.389543,0.16938715,-0.06888566,-0.5016047,0.48344067,-0.3120662,0.552087,-0.51445246,-0.106852025,0.20471092,-0.61528546,0.032077286,0.078693256
38,-0.24602215,0.19098197,-0.023228891,0.560875,-0.13940005,-0.07430329,0.3440569,0.0004908391,-0.18020791,0.6409007,0.085714675,-0.41503987,-0.20499508,0.20355219,0.2450917,0.08117182,0.1968621,0.33741495,-0.119163975,0.18322667,0.2550597,-0.468552,0.19333649,0.12691377,0.028927457,-0.4995759,0.38514784,0.52948153,-0.37349895,0.21613209
39,-0.349037,0.2965994,-0.073429726,-0.21789232,-0.03580348,0.203746,-0.16930003,0.0010784852,0.542037,-0.399713,-0.061999273,-0.37659684,-0.06412242,-0.47860157,0.07997378,0.1821465,-0.33415645,0.0742992,0.09616006,0.378171,-0.34894648,0.06828441,0.07876888,-0.30402374,-0.5934561,0.50352603,0.09131669,0.2696908,-0.132697,0.8304511
40,-0.6840789,0.4284779,-0.15713276,0.20732857,-0.3818279,0.30331025,-0.42999694,0.1088718,0.24453285,-0.11459489,-0.013125682,-0.6114737,0.2837756,-0.4775975,0.08161739,0.2727287,-0.2339207,0.22592637,0.14649095,0.41725883,-0.52779377,-0.25702313,0.43269932,0.3732984,-0.4405108,0.16799161,-0.5349791,-0.019605093,-0.7605258,0.4559273
41,-0.78237486,0.22242303,-0.23136193,0.48907992,-0.25962886,0.21168207,-0.14163409,0.057228573,-0.23645854,0.24062186,-0.19552773,-0.7254568,0.11163788,0.40410417,0.11138386,-0.011113978,0.2648818,0.118020765,0.2454807,0.37015048,-0.20063424,-0.65583605,0.16120751,0.6733666,0.015261018,-0.60086673,0.10996667,0.050950855,-0.6615335,-0.0378409
42,-0.53690445,0.2803677,-0.26183945,-0.170332,-0.16369937,0.21303457,-0.2922415,0.18333165,0.38954854,0.047012232,0.0016383856,-0.33927068,-0.08141779,-0.115718216,0.06207006,0.28091338,-0.12872076,0.15171409,0.3774001,0.4230114,-0.5591131,0.024480123,0.021605227,-0.15783589,-0.514589,0.44890898,-0.029176177,0.35087883,-0.17835441,0.68950415
43,-0.7384979,0.41347426,-0.15901561,0.14223996,-0.36072195,0.2673335,-0.32210368,0.15668194,0.3688186,-0.071930684,-0.0074123773,-0.6006495,0.114289105,-0.4073569,0.060257234,0.3646499,-0.22213045,0.2515829,0.20423496,0.28646553,-0.4557232,-0.29450417,0.3942001,0.39425948,-0.34420228,0.07208977,-0.49325582,0.0907259,-0.74197537,0.47435117
44,-0.8354823,0.46402282,-0.2725177,0.14287566,-0.2653532,0.2036361,-0.088068366,0.2147178,0.50032914,0.26414433,-0.11342198,-0.64777464,-0.3078722,-0.35512474,0.11117861,0.41721278,-0.19719338,0.22694159,0.36534673,0.028251823,-0.2855049,-0.4849208,0.39108574,0.41046786,-0.31706992,-0.2562698,-0.55705446,0.26279727,-0.7862423,0.41146538
45,-0.78393215,0.11194349,-0.24270348,0.41494307,-0.30388984,0.3488872,-0.30223992,0.076975375,-0.3498117,0.027822047,-0.25550884,-0.6901947,0.38043532,0.5190642,0.06605767,-0.23625386,0.42988956,0.0809872,0.20827587,0.5659067,-0.31667393,-0.49641633,0.014064763,0.78838676,-0.28980488,-0.75515234,0.2609463,-0.026959572,-0.7096826,-0.07401028
46,-0.49274388,0.28829768,-0.29429162,-0.25028515,-0.15977037,0.27968818,-0.30947,0.13096628,0.45268202,-0.19166236,-0.056307636,-0.3238361,0.09462421,-0.23794347,0.015323678,0.1737496,-0.111289315,0.08505668,0.43085173,0.48854572,-0.60613805,0.09560307,0.005828884,-0.1680086,-0.5833872,0.5707621,0.0040652286,0.32667524,-0.12753676,0.7460973
47,-0.4423489,0.58679676,-0.13039441,0.33142734,-0.1978388,0.11296381,0.1527316,0.15452349,0.28157693,-0.010525453,0.10951106,-0.5833487,0.038058285,-0.432606,0.13315442,0.4276424,-0.17720218,0.14533602,0.08366504,0.17324491,-0.3802763,-0.55333894,0.5421245,0.22718878,-0.23021628,-0.0002994469,-0.68755686,-0.032130364,-0.81402814,0.43994504
48,-0.809131,0.5086269,-0.35569024,0.15793994,-0.28993434,0.24595115,-0.10428611,0.14897476,0.5343548,0.18115705,-0.098622285,-0.67447156,-0.2827269,-0.46320432,0.055298425,0.4803441,-0.08928967,0.19835849,0.32226235,0.07745717,-0.28543562,-0.47095805,0.42941093,0.3308671,-0.4504542,-0.39806736,-0.8009775,0.30254224,-0.81011295,0.30093437
49,-0.81900567,-0.040257726,-0.18919139,-0.086533524,-0.66322863,0.10016194,-0.59546614,0.031971842,-0.1611839,0.130284,-0.28466785,-0.55796266,0.23976512,-0.12467233,-0.20858337,-0.11989079,-0.2145321,0.36824504,0.3240823,-0.18083744,-0.5472102,0.38550425,-0.39142853,0.8099212,-0.50855076,-0.76230586,-0.008428658,-0.54213524,-0.27486143,0.012258816
50,-0.5486203,0.50439906,-0.1018342,0.14285472,-0.14997959,-0.038229138,0.42310458,0.2470685,0.357493,0.6935962,0.08010676,-0.3821268,-0.4823906,0.070007436,0.22380742,0.343677,-0.15851942,0.32609117,0.18947487,-0.049468257,0.36938083,-0.23962606,0.2628466,-0.57084775,-0.1647095,0.30556232,-0.21849392,0.6618764,-0.5157779,0.53073454
51,-0.68382895,0.38108712,-0.16223373,0.124519944,-0.33310753,0.29496124,-0.25681308,0.12044681,0.271675,-0.13846119,0.09868583,-0.5624819,0.2767632,-0.45845094,0.061042294,0.29330716,-0.10606405,0.14549531,-0.09196518,0.4726493,-0.505378,-0.24538897,0.4373525,0.4034815,-0.45276693,-0.115133926,-0.8384265,0.017277868,-0.8265142,0.38042033
52,-0.7566323,0.10490346,-0.23470157,0.41307202,-0.31558004,0.38208073,-0.33921936,0.037111316,-0.3420178,0.022088757,-0.23052864,-0.69360477,0.3799754,0.5095039,0.002315831,-0.25778693,0.4800435,0.07856242,-0.06331671,0.54677624,-0.3095627,-0.28194055,0.006905633,0.78705925,-0.23341145,-0.7502368,-0.04695767,-0.027384035,-0.48742744,-0.18453397
53,-0.42856407,0.2934867,-0.47963634,-0.32502007,-0.17399676,0.28953364,-0.2509316,0.0034745308,0.5750361,-0.42912236,-0.23881088,-0.32885528,-0.09099826,-0.48246863,0.0008182497,0.193727,-0.20712686,0.028886257,0.44368204,0.38160327,-0.51463515,0.22963549,0.016589643,-0.35964513,-0.6578693,0.6298822,0.13403447,0.3586183,-0.0043072198,0.79142135
54,-0.6956695,0.512003,-0.14313105,0.28308448,-0.33240798,0.2078581,-0.32482198,0.1209447,0.21519664,-0.020068983,-0.08235044,-0.5727963,0.23327658,-0.42948216,0.10837739,0.34485263,-0.2430478,0.2349557,0.18473202,0.35211653,-0.44381458,-0.3790802,0.4875444,0.3257481,-0.35191125,0.27092066,-0.45605004,-0.063705616,-0.7959265,0.47119132
55,-0.79184234,0.1768038,-0.20324738,0.48262188,-0.381248,0.32164788,-0.36264905,0.060516387,-0.37914377,0.04147985,-0.29770878,-0.7326082,0.39614275,0.48882276,0.06556149,-0.22175021,0.3906923,0.11765409,0.25421992,0.55011225,-0.30675918,-0.53056556,0.0846356,0.76311207,-0.22022714,-0.5812655,0.26491997,-0.078138426,-0.7081704,-0.03697514
56,-0.50181234,0.08224322,-0.3916701,0.19870953,-0.06518449,0.19001071,-0.21642224,-0.34580433,-0.23520295,0.27498603,-0.31956172,-0.29094037,0.34166843,0.42713293,0.060892522,-0.39511493,0.2503522,-0.0047863433,0.5249948,0.53003895,-0.3569415,-0.033584055,-0.025272762,0.21775398,-0.68763363,-0.32983258,0.6286208,0.16377266,0.07157518,0.5489128
57,-0.64553237,-0.11518929,-0.0062146583,0.15989047,-0.47346115,-0.24755375,-0.38530132,-0.023013024,-0.1952118,0.49124983,-0.09017706,-0.38617855,0.1211976,0.07257865,-0.2354526,-0.0023179525,-0.34526545,0.37500677,0.3377763,-0.16875644,-0.026328905,0.28419596,-0.32553297,0.27966484,0.06795189,-0.17377986,0.34371358,-0.39141732,0.29742795,0.31475586
58,0.024325052,0.07721225,0.09911107,-0.27930018,-0.13739999,-0.39343578,0.3306616,0.2759664,0.3451154,0.06348732,0.12758389,-0.42589164,-0.23450308,0.09799832,-0.05430135,0.19529659,-0.14305098,0.5037247,-0.10482973,-0.20092462,0.34154612,-0.15890081,0.10274997,-0.4687042,0.36333045,0.45172527,-0.29763433,0.614652,-0.40443447,0.6927164
59,-0.47676212,0.26762006,-0.10607471,0.1509933,-0.33398446,0.38468796,-0.23759495,0.1420446,0.14321804,-0.24412636,0.40129998,-0.63163143,0.2579214,-0.552738,-0.100476295,0.19911328,-0.024542393,0.14009988,-0.18296805,0.45082614,-0.4942109,0.0044097984,0.4150042,0.36844236,-0.50915164,-0.28721777,-0.88507414,0.073143296,-0.76481664,0.029273877
60,-0.64062995,0.04071184,-0.28796688,0.30470723,-0.26268873,0.3662975,-0.2737875,-0.036375146,-0.31364694,0.0086561525,-0.15591961,-0.4086626,0.36896086,0.5453247,-0.063900374,-0.26611254,0.5567897,0.035975333,-0.32340735,0.52024,-0.29391673,0.19668072,-0.046008002,0.7492959,-0.07878949,-0.7854255,0.11530997,0.10780397,0.2805152,-0.3217095
61,-0.45099768,-0.09654434,-0.10823711,-0.64523786,-0.3307918,0.3914892,-0.41272387,-0.04740006,-0.2661779,-0.659062,-0.22124134,0.20294891,0.6972274,-0.3059214,-0.44230184,-0.6997064,-0.17858303,0.093035504,-0.000556897,0.2892675,-0.6567374,0.5191276,-0.20518823,0.3175182,-0.4963402,0.5886223,0.31210393,-0.5299544,0.3613412,0.37574828
62,0.85727644,0.7919006,0.016509628,0.5105035,-0.15332709,-0.03815891,0.5955241,0.15736172,0.0031873265,0.3837602,0.24255362,-0.5280609,-0.24144658,-0.12405262,0.0064816964,0.46650934,-0.06367747,0.16537468,-0.05125369,0.02785165,0.38350892,-0.50113636,0.44486198,-0.25820878,0.58970207,0.317379,-0.51438,0.364696,-0.7070678,0.46559623
63,-0.647353,-0.12590408,-0.30837435,-0.14260194,-0.6549022,0.07777657,-0.40250126,-0.003999174,-0.3803732,-0.1976416,-0.01628522,-0.4364051,0.4542147,-0.3848709,-0.27924803,-0.2453669,-0.037230194,0.30363303,-0.09340199,0.10876789,-0.5724816,0.6027008,-0.41018808,0.5894725,-0.58800113,-0.6625718,-0.6144038,-0.52175045,0.3067045,-0.33970976
64,-0.3830125,-0.12608454,-0.039467674,0.13709515,-0.42097336,-0.17514664,0.24350654,0.016733741,-0.09315249,0.69139504,-0.011291567,-0.1603019,-0.26231742,0.095970854,-0.35478246,0.15441954,-0.1008008,0.38524887,0.07926504,-0.21578005,0.4309913,0.20426306,-0.28735912,0.043433193,0.1011449,-0.25730306,0.17486207,0.22514583,0.23386607,0.15647273
65,-0.041329004,-0.46480045,0.11962829,-0.45399678,-0.17348033,-0.5350704,-0.17980075,-0.06467688,-0.16683576,-0.28671494,-0.3493489,0.27050906,0.2246727,-0.07138485,-0.29256403,-0.16485702,-0.17646919,0.3428237,-0.15840596,-0.3913048,0.004328297,0.42947108,-0.38193825,0.34502345,-0.101721995,-0.3051685,0.28642815,-0.444367,0.4516278,0.39638323
66,0.7039396,-0.069436625,0.07927514,-0.74764925,0.1300115,-0.4388651,0.561783,0.24811739,0.3675462,-0.27667066,0.37996483,-0.4795616,-0.23611657,-0.050933234,-0.43664756,0.2053896,-0.042883612,-0.0033435263,-0.35059774,-0.32554427,0.36723736,-0.16226347,0.13158056,-0.5347349,0.6153219,0.5897972,-0.48130953,0.5157779,-0.46788827,0.79940933
67,0.39030153,-0.29671237,-0.15152577,0.45962754,-0.52291024,-0.16989198,-0.12427356,0.02456394,-0.62330335,-0.30733898,0.19084339,-0.59305376,0.3623433,-0.49112138,-0.4361386,-0.3009563,0.08070247,0.20501983,-0.106778555,0.00030311893,-0.5009784,0.6524719,-0.31861833,0.3627377,-0.48609883,-0.56191826,-0.71642786,-0.5469156,0.26239118,-0.35657445
68,0.19816318,-0.07485238,0.0044572586,0.30649734,0.12336045,-0.0008945112,0.20647277,-0.1322184,-0.25761145,0.120803416,0.10956209,-0.039651845,0.1572862,0.44256908,-0.17508596,-0.10734597,0.5805006,-0.11019961,-0.41600072,0.34534726,0.1923479,-0.066675805,0.0077069663,-0.024445161,0.101679005,-0.2466527,0.25994337,0.61803085,0.2464589,-0.0013547224
69,0.4175847,0.1834249,0.09048002,0.35688818,0.14469944,0.36246827,-0.11602306,-0.15950672,-0.33617172,-0.5114978,0.3284981,-0.28650194,0.53159237,0.3601839,-0.19215651,-0.60065395,0.40734848,-0.5274786,-0.54668015,0.6602397,-0.17988372,0.026954358,-0.045427166,0.41931152,0.45956904,0.44876465,0.30132467,0.15412213,0.2454762,0.37633905
70,0.49629325,0.0056450404,0.03984715,0.52375555,-0.557521,-0.22367626,0.19146384,-0.07546483,0.08419436,0.34870908,0.022566546,-0.49298543,-0.14839442,-0.0025997558,-0.43927506,0.107838504,-0.2763095,0.29734606,0.062144123,-0.30010146,0.20194241,0.5522785,-0.32976994,0.28193286,0.7406054,-0.20867477,0.1488024,-0.31004292,0.47480705,0.05583536
71,0.34841168,-0.5433034,0.14295858,-0.64181286,-0.21953414,-0.59123147,-0.21858543,-0.117735475,-0.14623755,-0.26165754,-0.44772255,0.1416069,0.19918986,0.14451768,-0.4117105,-0.20354772,-0.28615442,0.42166138,-0.0011475278,-0.54912406,0.2944054,0.47709087,-0.3802521,-0.06481385,0.4783813,0.25778022,0.26763457,-0.15578967,0.52596796,0.5261756
72,0.7358196,-0.75246304,0.08164919,-0.854164,-0.13832359,-0.8431398,0.11520716,-0.052880492,-0.16255851,-0.29342136,-0.44776863,0.35178754,0.12993532,0.13693596,-0.70279545,-0.1300453,-0.119509466,0.25539276,-0.28472984,-0.73414296,0.35235864,0.5340425,-0.50745744,0.1417785,0.71675396,0.111243226,0.12710913,-0.3755821,0.48961002,0.51881874
73,0.7381368,-0.704687,0.12127607,-0.9496262,0.5269318,-0.48874864,0.38925952,-0.27471253,-0.25247043,-0.43875676,-0.09108371,0.33907798,0.28264692,0.54034275,-0.6318336,-0.28399912,0.5762649,-0.71597755,-0.6191697,-0.022747586,0.19386722,-0.076025635,-0.2068184,-0.0063589285,0.7538563,0.31590787,0.14222799,0.4106118,0.065915376,0.81021816
74,0.91523,0.67316693,0.16734184,-0.20498103,-0.30110165,0.049768623,0.29053542,-0.3431196,0.1953198,0.058922324,-0.045999024,-0.6074708,-0.33921275,0.21156682,-0.5380905,0.059443943,0.07580902,-0.5054282,-0.26195088,-0.04549751,0.04808065,-0.14094323,0.2777614,-0.07520348,0.8620596,0.45002687,-0.2201613,0.42978638,0.0739428,0.47572476
75,0.074910186,0.060246777,-0.106133826,0.32762504,-0.6548469,-0.06883357,-0.3750805,-0.17537323,0.08064251,0.46434572,-0.32577452,-0.12316627,-0.11955607,-0.33261728,-0.37786767,0.073717736,-0.16654214,0.2749585,0.29642755,-0.2115209,0.03426577,0.8078901,-0.39141288,-0.20071289,-0.08002319,-0.49574566,0.022098634,-0.12905526,0.7631176,-0.15200251
76,0.4952591,0.42666253,0.045144748,0.0030752171,-0.16619612,-0.18439005,0.498058,0.21467127,0.31231934,0.13866995,0.31140175,-0.42529085,-0.18662006,0.017830208,0.01057625,0.2501059,-0.098905735,0.338844,-0.119496725,-0.13443907,0.4464608,-0.16124359,0.22242098,-0.5445918,0.5182058,0.4982356,-0.38784558,0.66597676,-0.42706862,0.67381614
77,-0.41205037,-0.034564268,-0.23234706,0.5527024,-0.2203006,0.4043836,-0.24596189,0.0703997,-0.6587826,-0.21660157,0.475689,-0.69368744,0.58158517,0.34444427,-0.022067849,-0.51174146,0.6200331,-0.14346795,-0.38879973,0.6857736,-0.37994546,0.16333279,0.00292372,0.5200067,-0.5002919,-0.5779018,-0.8038802,-0.11444174,-0.31275958,-0.59119976
78,-0.42681038,-0.093903355,-0.5449849,-0.6110774,-0.33835354,0.3398623,-0.2389842,-0.08501127,-0.16007012,-0.6910221,-0.25398675,0.26567346,0.5902718,-0.5434171,-0.43134493,-0.49085325,0.37044176,0.03556272,-0.23213059,0.082761474,-0.4804843,0.64153975,-0.25288165,0.086503826,-0.4416773,-0.119160265,0.3074843,-0.41877267,0.4597306,-0.5670897
79,0.6540587,0.73241436,-0.0032525521,0.2102192,-0.20350663,-0.007880326,0.5716671,0.15239057,0.39293018,0.30096173,0.19221373,-0.45901787,-0.4121537,-0.055368792,-0.39991117,0.5338798,-0.0039812024,-0.046790257,-0.06682802,-0.042885866,0.3992841,-0.2959424,0.35930118,-0.5707544,0.26389614,0.5755311,-0.43156534,0.71522826,-0.6029214,0.5664903
80,-0.43231955,0.15036964,-0.29607117,0.5634849,-0.30873764,0.39554474,-0.28145236,0.069862574,-0.70077914,-0.18827257,0.3973414,-0.72037095,0.61483127,0.33132958,-0.056920003,-0.5235184,0.6223802,-0.11660046,-0.3747073,0.69489104,-0.38845435,0.30433866,-0.04723552,0.512442,-0.5340153,-0.46131957,-0.8529432,-0.11935737,-0.3783584,-0.57600695
81,-0.36686766,-0.0115516065,-0.44148573,-0.15063004,0.13333945,0.33925113,-0.11147337,-0.15539211,-0.418158,-0.38791662,-0.12705182,0.14480123,0.65833926,0.5279709,-0.107907705,-0.56633204,0.754509,-0.3519021,-0.5815091,0.6302496,-0.327263,0.5714975,-0.07864741,0.434424,-0.18857896,-0.3435851,0.3413234,0.1792133,0.41618562,-0.7188464
82,0.029236695,0.15137175,-0.12819575,-0.60837746,0.1772523,0.5008803,-0.09193451,-0.13121907,-0.44434837,-0.690866,-0.33720797,0.3388037,0.76604706,0.29763478,-0.3675936,-0.70609987,0.83772135,-0.75530666,-0.56653756,0.7211742,-0.29268298,0.6994145,-0.09644354,0.048513807,-0.04267805,0.74827945,0.28245625,0.33644858,0.29166603,-0.52346295
83,0.733448,0.8082789,0.056143615,-0.003602026,-0.4058132,0.22292796,0.2298135,0.045423716,0.6963352,-0.4109826,-0.2516152,-0.48722377,-0.54332584,-0.5348636,-0.6174186,0.56056356,-0.31933346,-0.7073483,0.32309103,-0.17565377,0.10961453,0.42276016,0.36541942,-0.7334288,0.7315223,0.9366979,-0.45291433,0.66283566,-0.39780822,0.6581114
84,0.2122223,0.443538,-0.22509886,0.6532292,-0.41047233,0.39405453,-0.5082024,0.05930537,-0.76635456,-0.088608265,0.27058184,-0.7720223,0.6166826,0.13352711,-0.088799424,-0.58360004,0.5119188,-0.16499637,-0.10057243,0.6808878,-0.4202575,0.26347026,0.016341966,0.39142865,-0.53005207,0.74931747,-0.9043912,-0.30542737,-0.3851808,-0.51063615
85,-0.6248081,-0.0878338,-0.16811635,0.073599145,-0.5704198,-0.08868489,-0.2889056,-0.013217914,-0.0769966,0.38293502,-0.16099887,0.05374596,-0.022343257,0.054995365,-0.4527973,0.119905815,0.09509255,0.29101786,0.12107393,-0.2278896,0.17856199,0.6386067,-0.370056,0.21678144,0.4168349,-0.48736468,-0.043522518,-0.24677181,0.6544609,-0.12121997
86,-0.1923127,-0.4995401,0.0312346,-0.5964255,-0.5131183,-0.56618595,-0.23389672,-0.020817848,-0.10788281,0.15795541,-0.3429905,0.24756162,0.09238807,0.26538125,-0.6408198,-0.058218025,-0.14886676,0.54079133,0.040637854,-0.4802954,0.3968094,0.4291932,-0.39540616,0.05476972,0.54696125,0.111638956,0.26167145,0.03543144,0.47046897,0.35696396
87,0.7003795,0.040348716,0.06672641,-0.7596114,-0.01850343,-0.4412749,0.62234247,0.2737997,0.25103328,-0.32229713,0.44617176,-0.38895234,-0.103482015,-0.15946548,-0.4463278,0.11928353,-0.021268781,0.02435246,-0.23019326,-0.36927366,0.34255758,-0.11048133,0.20978461,-0.43409133,0.66641384,0.48727298,-0.5450884,0.4221041,-0.5171748,0.80690855
88,0.34728965,-0.26892757,-0.17004612,0.42030036,-0.5346587,-0.15885258,-0.15551387,0.025884783,-0.60985667,-0.30847856,0.14786617,-0.5363158,0.34725308,-0.48393294,-0.44633907,-0.2924613,0.10874738,0.20416097,-0.12069622,-0.012466423,-0.5053645,0.6867519,-0.33942974,0.3746623,-0.502947,-0.621988,-0.7123097,-0.5455251,0.26551393,-0.36145797
89,0.16249116,0.225113,0.037045993,-0.4818057,-0.097535804,-0.06839294,0.299039,0.18998586,0.41118288,-0.0017651551,0.14137642,-0.2843709,-0.24349406,0.008010228,-0.46314332,0.33279005,0.183193,0.2225232,-0.21608463,-0.06141262,0.30943465,0.14103405,0.07821309,-0.62599915,0.06615504,0.57813746,-0.2741787,0.73097664,-0.08910554,0.3728135
90,-0.60493827,-0.26586717,-0.12476843,-0.07390414,-0.6709913,0.11499136,-0.59808785,0.022850683,-0.57339925,-0.17907089,0.011928618,-0.44899142,0.47159615,-0.3879138,-0.51829743,-0.39502683,-0.17620507,0.36527157,-0.11338247,0.05798247,-0.5732295,0.5973104,-0.44848692,0.5786533,-0.57722,-0.5577583,-0.46002614,-0.5703418,0.43728924,-0.30302665
91,-0.13875423,-0.46574724,0.04919396,-0.32828736,-0.5270542,-0.44315037,0.078305565,-0.027314087,-0.043031745,0.6540266,-0.19149283,0.064668834,-0.18260865,0.12008572,-0.6671381,0.05080884,-0.121905826,0.54474634,0.030760368,-0.38231182,0.3863771,0.40174592,-0.3872538,0.017466387,0.12557067,-0.16384232,0.22381534,0.27803424,0.5139266,0.19607647
92,0.5672103,-0.62714845,0.09306031,-0.7244745,-0.109106556,-0.7022324,0.24684116,-0.017893545,-0.15434991,-0.3719462,-0.2550946,0.35044032,0.14248946,-0.08884813,-0.6675991,-0.08617962,-0.101786874,0.355685,-0.21640475,-0.5791409,0.24272953,0.4632125,-0.45609143,0.22749959,0.36053422,-0.24286856,0.1120655,-0.41129422,0.48632437,0.44071278
93,0.76725894,-0.6049513,0.082799345,-0.9206426,0.0531761,-0.7559543,0.44034684,-0.050690543,-0.1803622,-0.4499245,-0.272644,0.24494235,0.11758174,-0.1462647,-0.8033043,-0.1564029,-0.24675658,-0.10575981,-0.22491886,-0.7046035,0.30876967,0.5699368,-0.4901012,0.04642997,0.71537185,0.24299467,-0.041865326,-0.45539615,0.4097842,0.6444696
94,0.7715792,-0.7068027,0.11203466,-0.9210276,0.10371965,-0.8469661,0.083937205,-0.10168909,-0.16267903,-0.44201744,-0.50089926,0.48416886,0.17065078,0.05240937,-0.851771,-0.20449285,-0.1796664,-0.34913835,-0.34458014,-0.7748419,0.27336663,0.6100916,-0.547522,0.08645635,0.72808117,0.4184343,0.056947056,-0.38274765,0.49373406,0.654564
95,0.7766902,0.026850712,0.11909269,-0.9186443,0.26101145,-0.5365361,0.56113106,0.18743256,0.42541012,-0.4418908,0.22008432,-0.3911524,-0.15927008,-0.16875638,-0.71222436,0.14764532,-0.086256824,-0.76266307,-0.39653376,-0.57310134,0.31089815,0.0032445986,-0.034256645,-0.5988344,0.75136834,0.69531614,-0.5539144,0.50933033,-0.49149495,0.9066113
96,0.94737226,-0.06579987,-0.07628984,0.57691795,-0.47602773,-0.2301383,0.0054128957,0.040223267,-0.62494403,-0.09953051,0.23552085,-0.6883691,0.28711733,-0.47268584,-0.66282624,-0.2170643,0.12093145,0.22347607,-0.05483212,-0.16987294,-0.51187056,0.6251237,-0.261444,0.33652985,-0.4625535,-0.372909,-0.7996036,-0.5727983,-0.03342592,-0.26846242
97,0.18735757,0.3229104,-0.018342527,-0.39329714,-0.08518974,-0.0028974502,0.27078924,0.175536,0.35928458,-0.0020068488,0.099501364,-0.25507468,-0.2214,0.053793963,-0.4781316,0.3367346,0.24673393,0.17110977,-0.16640438,-0.035242293,0.3014816,0.21927729,0.09422138,-0.65509456,0.0028758754,0.5588345,-0.26352793,0.67464226,0.041511934,0.3925613
98,0.35653242,0.20023306,-0.2929249,0.6349897,-0.21716142,0.28307953,-0.10809414,0.029140549,-0.62451905,-0.2454585,0.3419915,-0.67157227,0.5259646,0.11085138,-0.08406588,-0.43100685,0.56190896,-0.20894337,-0.3198841,0.5573876,-0.3037311,0.3987153,0.10691161,0.34047228,-0.2971262,-0.5432939,-0.619588,-0.08260686,0.18133152,-0.47597447
99,-0.4875767,-0.06620422,-0.35333228,-0.56524116,-0.43592957,0.2144818,-0.31881636,-0.059671037,-0.18756801,-0.6633954,-0.24666455,0.26130137,0.54118824,-0.44644782,-0.53289866,-0.26837417,0.37432382,-0.03032294,-0.034434058,-0.0015878674,-0.3270851,0.7078092,-0.30165473,-0.15937984,-0.42388272,0.058235582,0.26392415,-0.37235963,0.5228738,-0.41990533
100,0.33693823,0.026102452,0.02661801,-0.12807213,-0.62378263,-0.32289428,-0.09390286,0.008733741,-0.23894584,0.40877995,-0.029042738,-0.3092071,-0.02807316,0.13703844,-0.8074831,0.08554509,-0.11158085,0.34167954,0.048850026,-0.40319368,0.4530603,0.5336318,-0.44225568,0.15556823,0.6211112,0.16628236,0.1289784,-0.015351968,0.33417436,0.22260875
101,0.4996121,-0.041676514,0.19880876,-0.74243367,-0.12937568,-0.36180812,0.2376752,0.23250265,0.3519535,-0.38345182,0.034248393,-0.16184714,-0.11196965,0.112724885,-0.5463417,0.11663149,-0.012793483,0.2450823,-0.3467284,-0.40810716,0.28281614,0.15037356,-0.08879701,-0.56864023,0.46955273,0.5984287,-0.3434225,0.6630925,-0.054576326,0.7803928
102,0.8734549,0.0738551,-0.06381463,0.67182654,-0.18883483,0.2628207,0.051596012,0.107174374,-0.6207959,-0.17366193,0.54418397,-0.6907631,0.4182531,-0.023761705,-0.19940147,-0.37250337,0.5515249,-0.231215,-0.22877844,0.5077805,-0.30962765,0.27116376,0.22666818,0.32650068,-0.19115856,-0.5437939,-0.7858429,-0.19162743,-0.0037171524,-0.48710668
103,-0.49032265,-0.12722538,-0.27655303,-0.51222867,-0.36897612,0.1612037,-0.313466,-0.055678874,-0.2585626,-0.59005404,-0.1996801,0.2675749,0.4827075,-0.31467974,-0.5740219,-0.3193372,0.43086565,0.009888058,-0.29232886,-0.0045251115,-0.2643332,0.6853055,-0.33974746,0.07388061,-0.28123483,-0.11190805,0.22956261,-0.35412624,0.5635867,-0.5616251
104,0.50047,0.5382682,0.05459338,-0.5162986,-0.2525903,0.03309028,0.38693485,0.17574513,0.44198287,-0.005089875,0.26122636,-0.4560185,-0.29724932,0.032143977,-0.62256736,0.41839,0.0081687905,-0.1342416,-0.118834235,-0.07013177,0.3710341,-0.049453586,0.12917338,-0.5964089,0.52169126,0.6810605,-0.4238074,0.7543701,-0.43216306,0.6416864
105,0.7409081,0.3722139,-0.30253407,0.6774987,-0.25373596,0.2290691,-0.036979284,0.06795811,-0.6899075,-0.24251036,0.5106879,-0.74529713,0.51434296,-0.08123809,-0.091418654,-0.41641858,0.5453219,-0.17072725,-0.25715193,0.49955603,-0.28985226,0.19954747,0.23314318,0.27470678,-0.2019282,-0.2835326,-0.8380825,-0.14024657,-0.22787894,-0.5159489
106,-0.46392402,0.31638345,-0.44159836,-0.107338555,-0.22170746,0.15728484,-0.015240398,0.0899478,0.46293843,-0.29028594,-0.050145462,-0.260773,-0.20904505,-0.36449364,-0.20557664,0.48326263,0.41186178,-0.07316837,-0.14289616,0.124825165,0.024888258,0.49233347,0.1649394,-0.6046477,-0.3278717,0.29203352,-0.3668382,0.492382,0.27180958,-0.23314829
107,-0.65746963,0.41931942,-0.27613404,-0.11486546,-0.44221407,0.37341714,-0.40427157,0.13255107,0.3333068,-0.18712322,-0.043535627,-0.4991424,0.2487259,-0.28373617,-0.18831474,0.2488545,0.01065624,0.13758624,0.0814597,0.31682256,-0.39972594,0.24353553,0.20227504,-0.046910033,-0.17657809,0.30626994,-0.479523,0.34639442,-0.11141527,0.39030215
108,-0.70413506,0.56664795,-0.21363391,0.21359827,-0.2617506,0.18615687,-0.016724177,0.18778737,0.45107222,0.05315923,-0.014903659,-0.61310524,-0.14861426,-0.33155963,0.0495095,0.36900198,-0.16407698,0.20567937,0.19438471,-0.017416527,-0.2121474,-0.31612206,0.4477609,0.11760658,-0.07993596,-0.033847548,-0.6607926,0.20891966,-0.63156825,0.43214616
109,-0.7630807,0.27916566,-0.27458364,0.523107,-0.24918441,0.24658148,-0.09131936,0.046629045,-0.22853377,0.1690032,-0.14625531,-0.72701323,0.19619691,0.34928226,0.09844987,-0.039378706,0.36911863,0.06392835,0.11808308,0.3538453,-0.18213305,-0.6661628,0.21255212,0.64011484,-0.09369726,-0.6870553,-0.3104188,0.07751991,-0.6534416,-0.16427353
110,-0.52976286,0.28387946,-0.47112367,-0.18219766,-0.14760081,0.1888793,-0.24318586,0.106264755,0.48115042,-0.018327639,-0.12130058,-0.35191226,-0.2581004,-0.3445501,0.057445053,0.32065156,-0.08242173,0.094747074,0.47191438,0.28476185,-0.46478558,0.0827445,0.03545059,-0.32787693,-0.6292582,0.42454448,0.07833461,0.35686824,-0.11547558,0.68693084
111,-0.7671577,0.43811834,-0.16331732,0.17143795,-0.35136032,0.22953959,-0.30731446,0.14512084,0.33546445,-0.035906184,-0.051185366,-0.570665,0.14596051,-0.38728663,0.09004354,0.3795766,-0.2018014,0.25355783,0.19114335,0.32182866,-0.45502552,-0.34059972,0.43631658,0.38506082,-0.33605373,0.050179746,-0.45303494,0.031002808,-0.77747715,0.4788687
112,-0.81862026,-0.050735325,-0.16433123,-0.025411496,-0.6861159,0.002919399,-0.62389386,0.03008619,-0.1933047,0.16182686,-0.31633064,-0.5676519,0.24078515,-0.14272179,-0.116203755,-0.12731604,-0.28787374,0.38595092,0.36207,-0.23814736,-0.5538548,0.4057287,-0.36789808,0.79385936,-0.49025765,-0.6303913,0.33859813,-0.5541018,-0.14823982,0.06720293
113,-0.48023129,0.5170169,-0.047168914,0.18294777,-0.16151386,-0.06285124,0.4641827,0.25194585,0.35363203,0.6881353,0.10107097,-0.40304962,-0.45606714,0.054934468,0.25286388,0.32773042,-0.17519768,0.36056152,0.14022285,-0.07038979,0.38444304,-0.26812017,0.28539464,-0.5441841,-0.08704215,0.26768023,-0.22858962,0.6537557,-0.54488695,0.5260745
114,-0.2137094,0.104205854,-0.17307338,0.59940594,-0.05885815,0.20063025,0.09955731,0.07355237,-0.5672504,-0.15567276,0.16144519,-0.60383654,0.5009842,0.2199556,0.14018632,-0.3609607,0.50225025,-0.18583232,-0.28670025,0.56396645,-0.32065675,-0.57311934,0.28075242,0.42498,-0.21043935,-0.61974317,-0.6697698,-0.19395997,-0.7185781,-0.29136604
115,-0.42871776,0.20693168,-0.3954755,-0.28472397,-0.15108985,0.2543699,-0.14387397,0.088904,0.4647584,-0.38863558,-0.053586666,-0.24191879,0.037018925,-0.45365077,-0.1515685,0.3646502,0.38083076,-0.12583357,-0.31545687,0.37105045,-0.30436438,0.37229952,0.054062188,-0.2925586,-0.21567927,0.36793467,-0.18764405,0.327051,0.1524213,-0.010421269
116,-0.29916626,0.24262822,-0.24551502,0.5419895,-0.27556202,0.25830847,-0.1826248,-0.0403444,-0.39598593,-0.0724503,-0.083319046,-0.45424998,0.40679923,0.4271085,-0.02211465,-0.21319446,0.48046616,-0.18794495,-0.088944584,0.45333117,-0.18753009,0.11617888,0.09176929,0.4016045,0.18100859,-0.4838348,0.22612914,0.10900679,0.2895179,-0.08413205
117,-0.36089066,0.2004964,-0.0982958,-0.21468206,-0.5304069,0.04169734,-0.44455096,-0.07714343,0.17563377,-0.44982943,-0.36632356,-0.22711936,0.10700178,-0.46399018,-0.3552734,-0.07439823,-0.42980748,0.16064009,0.50289214,-0.15255237,-0.2555129,0.6531272,-0.23269437,-0.37437746,-0.5212541,0.48829964,0.3577455,-0.39795005,0.40373638,0.524633
118,-0.5603437,-0.26519856,0.039672982,0.09514221,-0.68055433,-0.5434024,-0.66696787,-0.051451966,-0.4272979,0.31430814,-0.47493067,-0.32898718,0.2741021,0.038766887,-0.022709318,-0.20772786,-0.21789302,0.532232,0.2757496,-0.4126057,-0.06502385,0.52919674,-0.41057104,0.45980874,0.058524717,-0.4241275,0.52963185,-0.49719137,0.5193055,0.17585036
119,0.26299295,-0.24827477,0.09023152,-0.46599776,-0.1874364,-0.6144778,0.46708825,0.31325817,0.31649798,0.05192584,0.20819831,-0.43623832,-0.26028666,0.17961994,-0.023482893,0.14477953,-0.08385072,0.61434627,-0.20041566,-0.35908282,0.41140288,-0.14189427,0.062411677,-0.56068647,0.43188843,0.47873342,-0.33481154,0.69944423,-0.46460542,0.69689506
120,0.5621301,-0.27375594,-0.09988794,0.6508408,-0.049233705,0.2657568,0.21250448,0.09888201,-0.5704194,-0.3180974,0.5320688,-0.6434184,0.4334628,0.0050385273,-0.019520296,-0.4073304,0.49719656,-0.22027618,-0.26364356,0.53953093,-0.30568248,-0.22878425,0.28746697,0.34722838,-0.18589893,-0.6672116,-0.76682585,-0.16496831,-0.46895882,-0.52531815
121,-0.3747291,0.23294212,-0.5075103,-0.41412613,-0.10101875,0.3057581,-0.102684736,0.0127447825,0.47151643,-0.6418168,-0.16819586,-0.11795995,0.0999114,-0.6395643,-0.23906714,0.37436122,0.49102387,-0.2953671,-0.4710536,0.34937844,-0.22855058,0.5161368,0.07152803,-0.5363486,-0.35796973,0.37987563,-0.14290497,0.45108923,0.3362921,-0.4880827
122,-0.52215195,0.080728196,-0.15695997,-0.010506408,-0.65099335,0.15366755,-0.51928276,-0.006207953,-0.40808454,-0.17629984,-0.22845717,-0.07340158,0.421714,-0.16301921,-0.49687463,-0.24729285,-0.18405885,0.16151208,0.1245317,-0.261231,-0.16815437,0.6601953,-0.35944802,0.27071202,-0.07828274,-0.041969623,0.13636792,-0.45456856,0.61353606,0.06605431
123,0.5480902,0.6774871,0.022205776,0.31971368,-0.18931273,-0.06614614,0.5486068,0.19680768,0.29289517,0.378291,0.24009366,-0.4799159,-0.31441775,-0.015992519,0.011205923,0.35023594,-0.13727735,0.2712003,-0.030389778,-0.107191205,0.44895837,-0.3340794,0.33103126,-0.49259108,0.5308655,0.43872386,-0.4143547,0.65342146,-0.566496,0.5747074
124,-0.5158535,0.045757588,-0.28095528,0.52474767,-0.23707077,0.40043592,-0.23402432,0.06306957,-0.65393686,-0.22151692,0.35076115,-0.69721,0.60309076,0.37564754,-0.0059284177,-0.5019034,0.62332886,-0.11045119,-0.40017533,0.69078976,-0.37978822,0.1591599,-0.033089742,0.54789704,-0.52245826,-0.58792484,-0.8078318,-0.07767011,-0.39770395,-0.5663944
125,-0.3224517,0.017399516,-0.62700075,-0.23476303,0.14930202,0.38343993,-0.066587545,-0.23255153,-0.34688154,-0.6114126,-0.37599978,0.17245354,0.682478,0.22768594,-0.08060931,-0.6118512,0.7464135,-0.40493643,-0.48617557,0.61998886,-0.27695674,0.68373233,-0.067139305,0.18276137,-0.46778437,-0.29611197,0.3835549,0.26182494,0.38349116,-0.6975773
126,0.20208366,0.5587278,0.016092425,-0.7661016,-0.32145634,0.43955237,-0.109814115,0.033961,0.5566373,-0.67989635,-0.19809727,-0.19656847,0.07114947,-0.47243986,-0.5724811,0.45108354,0.41887403,-0.75635856,-0.051013373,0.33174348,-0.11473855,0.5741295,0.056596596,-0.7119233,0.37381196,0.8549005,-0.28565824,0.6255741,0.014034247,0.29772645
127,0.799694,0.66644865,-0.31735548,0.68404907,-0.33365571,0.30554104,-0.3227193,0.028918784,-0.67697906,-0.103936024,0.17642021,-0.8118973,0.5470178,-0.0146383755,-0.09274149,-0.40158716,0.46767724,-0.28514087,-0.035274357,0.52296746,-0.2961152,0.4190921,0.21423511,0.20738153,-0.12919064,0.55919117,-0.76560956,-0.17898169,0.27783728,-0.3911598
128,-0.16109134,0.3435731,-0.25720274,0.564088,-0.24065647,0.05076194,0.10323337,-0.10601506,-0.15780623,0.4720146,-0.025341181,-0.35217738,-0.103173286,0.26032323,0.02607727,0.2173434,0.49870616,-0.051730108,0.014136222,0.11795458,0.09154869,0.15978059,0.16986567,-0.18621512,0.055295594,-0.5252043,0.06614106,0.49311623,0.42375118,-0.2483468
129,-0.24478088,0.004013389,-0.052141216,0.0418195,0.20659496,0.33657715,-0.21412835,-0.1098349,-0.47034207,-0.31398758,0.105726674,0.0043741437,0.66662616,0.598163,0.022153249,-0.58674234,0.54902214,-0.3697363,-0.30226317,0.69915396,-0.3973255,0.13484542,-0.064190775,0.42555192,-0.12206263,0.10134196,0.37397987,0.14159197,0.27704847,0.38172132
130,0.43391272,0.22887549,0.05326267,0.36627054,-0.5545753,-0.16968647,-0.20871432,-0.04920209,0.12145067,-0.10717951,-0.15629569,-0.5175576,-0.09709525,-0.20168811,-0.56899923,0.02513352,-0.4633634,0.18140082,0.25861922,-0.3086844,0.09294481,0.49762952,-0.36756724,0.17750473,0.7189056,0.53235,0.15982926,-0.36486098,0.3627272,0.31323844
131,0.72360575,0.3583917,0.20625359,-0.05011659,-0.27647144,-0.305425,0.1616216,0.20686261,0.16048884,-0.06632049,0.034270648,-0.51333845,-0.04282564,-0.014630111,-0.034916397,0.10738776,-0.13502829,0.21627887,-0.042515464,-0.26458701,0.3262276,0.059644684,0.09425281,-0.58075505,0.57401735,0.5091943,-0.27762884,0.5623073,-0.17869121,0.6936199
132,0.46102723,0.46865982,-0.3102597,0.31827706,-0.31716675,0.19599739,-0.071050994,0.0842797,0.25082964,-0.39512432,0.2288552,-0.68504864,0.087477975,-0.5877236,-0.00375001,0.3127899,0.034383953,0.054342397,-0.10305297,0.25049335,-0.34744352,0.4102497,0.43512565,-0.31926593,-0.61286277,-0.25830677,-0.87763816,0.23041041,-0.2788227,-0.10015727
133,-0.587368,0.3770736,-0.46301192,-0.1237657,-0.43778655,0.3049293,-0.31821,0.11858646,0.469964,-0.15032053,-0.12687844,-0.49436605,0.017091326,-0.20979159,-0.07206547,0.32008648,0.19745371,0.15575342,0.13699228,0.18164222,-0.3278218,0.36751175,0.19117111,-0.30521202,-0.12104547,-0.112954274,-0.6679856,0.4246232,0.3888667,0.1406218
134,-0.7284379,0.5154463,-0.24265029,0.10757979,-0.29101998,0.20510511,-0.07740465,0.18481347,0.39901158,0.017099017,-0.0011965741,-0.523819,-0.11275565,-0.1381038,0.058619272,0.34907725,-0.06834662,0.19915532,0.19563594,0.028972289,-0.08523707,-0.13167742,0.33828866,-0.08796408,0.06240017,0.0828195,-0.55927056,0.33254606,-0.4044302,0.48265815
135,-0.71504146,0.28186464,-0.24788074,0.54182476,-0.24700336,0.22823513,-0.069572344,0.054574076,-0.26004082,0.08286183,-0.10200349,-0.7033736,0.24941517,0.33119115,0.094578974,-0.057397332,0.38014725,0.03390296,0.04095097,0.3603785,-0.18101294,-0.6429337,0.25436148,0.5852579,-0.032112114,-0.64975697,-0.29396316,0.04572229,-0.57290286,-0.16100784
136,-0.470976,0.06572205,-0.41795978,0.21494105,-0.0015189183,0.20272632,-0.17679776,-0.27566794,-0.2743102,-0.006112386,-0.2539553,-0.15955317,0.3678264,0.43304756,0.05934241,-0.38129416,0.4513554,-0.10987534,0.1794013,0.5153949,-0.32073426,0.07312207,-0.02630093,0.2949197,-0.58594316,-0.40274462,0.5175032,0.16701554,0.19573334,0.24126552
137,0.1620789,0.2838337,-0.0038884152,0.5084097,-0.10092156,0.19860739,-0.10959946,-0.13499393,-0.36123553,-0.17289999,0.018026106,-0.47697982,0.39023513,0.49283433,-0.06995966,-0.26459634,0.38123083,-0.335641,-0.017192561,0.5468571,-0.12135657,-0.41917542,0.018747317,0.11022451,0.47397992,0.18595338,0.3407825,0.29208595,-0.059305664,0.52049756
138,0.39980403,0.30652374,0.009734081,0.6273038,-0.24635662,0.016415214,0.20959151,-0.16742563,-0.21313223,0.38247266,0.26550233,-0.68967915,-0.044283066,0.3902551,0.04835289,0.08248678,0.23258972,-0.05651224,-0.13027394,0.267338,0.08976616,-0.48028854,0.22455485,0.24640025,0.62408,-0.4226601,0.31691718,0.31821802,-0.13064887,0.15063843
139,0.013758199,0.1372738,-0.060501065,0.5266269,-0.035691243,0.10688392,-0.14,-0.30761054,-0.22620328,0.046294287,0.060266204,-0.42995787,0.25921625,0.37881166,0.07813121,-0.33439487,0.16892281,-0.11647442,-0.17682193,0.49447694,-0.13321082,-0.18266396,0.050408684,0.21450517,-0.2872071,-0.2878739,0.4890595,0.15125902,0.17778395,0.49200976
140,0.3170814,0.39725652,-0.03484349,0.6373565,-0.23186179,0.030091746,0.054508664,-0.36830896,0.044736482,0.43893185,-0.09633742,-0.63681215,-0.2030673,0.23679273,0.06071963,0.101033926,-0.033523995,-0.1020122,0.23360734,0.22805053,0.054490913,-0.4130398,0.23764087,-0.20741785,-0.20941237,-0.24301332,0.5010059,0.3355,-0.053589214,0.38893
141,-0.6254385,-0.19931075,-0.023247832,-0.17742237,-0.5071527,-0.20226577,-0.5343631,-0.084287725,-0.21456018,0.16873834,-0.1401635,-0.1356124,0.3921141,-0.028993119,-0.10002833,-0.2801731,-0.2831018,0.36792058,0.220136,0.0038791185,-0.4254166,0.45701873,-0.30212438,0.4972038,-0.3777964,-0.35553983,0.4451874,-0.50352347,0.48726505,0.34293756
142,0.5703524,0.019367717,0.035529267,0.54825765,0.027270576,-0.13745,0.47600746,0.026222484,-0.28272822,0.3362909,0.290695,-0.46376047,0.00917928,0.2789353,0.1761739,-0.082578324,0.30437148,0.16223775,-0.29999375,0.2987089,0.26520607,-0.55422044,0.19023113,0.20406032,0.4309076,-0.45662442,0.22086713,0.3441668,-0.37605146,0.33706793
143,0.1159766,-0.02676348,0.019807937,0.44645572,0.22763346,0.27517635,-0.12091323,-0.22053653,-0.3441432,-0.31896076,0.26379007,-0.30312583,0.49368012,0.47804895,0.019755205,-0.54357487,0.49102738,-0.28378603,-0.63838995,0.67563015,-0.24239753,0.07426363,-0.035845287,0.59371746,0.15040319,-0.3338338,0.40440738,-0.00549317,0.23580016,0.1840693
144,0.35040167,0.30185384,-0.006681903,0.36110273,-0.53736943,-0.086333014,-0.2610934,-0.13094522,0.5127634,-0.059422735,-0.46327507,-0.43931705,-0.4118551,-0.61987776,-0.41068813,0.15789308,-0.5416858,0.15345879,0.36330977,-0.27219585,0.0366002,0.7768798,-0.20595366,-0.31002638,-0.08258027,0.48309115,0.3710256,-0.3149013,0.49156696,0.26024723
145,0.1761087,0.36101422,0.1419212,0.031432614,-0.35626727,-0.18876305,-0.32690528,0.027043713,0.12664326,-0.074113846,-0.31963012,-0.4808947,0.12673527,-0.17806996,0.07613179,0.07488959,-0.11684705,0.26398155,0.13185957,-0.021859188,-0.1356906,0.25213248,0.13185588,-0.56829923,0.21641032,0.34257203,0.11606734,0.3629251,0.07519047,0.67724806
146,-0.59269905,0.34611857,-0.12581562,-0.0033324207,-0.5113986,0.306182,-0.46893272,0.120131806,0.30620766,-0.21091199,-0.16168503,-0.63866836,0.288842,-0.34571198,0.06354369,0.18534023,-0.17696907,0.27643517,0.18409184,0.40777493,-0.50740653,0.22883445,0.24341516,-0.06914086,-0.31239727,0.14178379,-0.29876053,0.23835644,-0.35156348,0.53323925
147,-0.7405439,0.14314272,-0.1728856,0.48387626,-0.41970757,0.2963378,-0.3754882,0.011503779,-0.39116025,0.04562716,-0.28790015,-0.70215315,0.41458145,0.5181126,0.07253167,-0.24557452,0.4062802,0.14263238,0.181966,0.54108363,-0.2945699,-0.3249623,0.07987588,0.6776707,-0.105737016,-0.62038636,0.4870531,-0.027545348,-0.2980328,0.035575584
148,-0.4057657,0.13589686,-0.24708843,0.27024218,-0.08548437,0.21681328,-0.23330982,-0.3330564,-0.2266904,0.008560908,-0.34868106,-0.32649466,0.45412126,0.35242587,0.05662245,-0.461253,0.14427756,-0.069355145,0.49245796,0.56076455,-0.34608632,-0.061723486,-0.017079405,-0.029883264,-0.6682711,-0.06020211,0.6133321,0.1765637,0.12428635,0.6847544
149,-0.32454085,0.6568406,-0.05647693,0.38803133,-0.16540505,-0.0149465585,0.37121245,0.19320786,0.5606642,0.6509499,0.044516776,-0.5977011,-0.42021778,-0.16422933,0.1433561,0.4066921,-0.4443497,0.24040489,0.41893414,-0.05895319,0.196456,-0.5400554,0.40483788,-0.61920464,-0.027202185,0.30594018,-0.1165082,0.41336545,-0.57511353,0.5626391
150,-0.63308054,0.14602748,-0.16679618,0.5597914,-0.27768332,0.34811902,-0.28841993,0.08629546,-0.6022628,-0.116400585,0.09724517,-0.6933328,0.585687,0.42538023,0.077255115,-0.42779094,0.57181597,-0.10340493,-0.26221728,0.6696417,-0.3799212,-0.43885437,0.1533162,0.53856426,-0.45851713,-0.5920108,-0.6001695,-0.21388285,-0.76570314,-0.34414953
151,-0.4483153,0.19898573,-0.42608342,-0.32434508,-0.17250437,0.31332925,-0.1988253,0.07937873,0.4681456,-0.41122726,-0.07569106,-0.2563116,0.18888627,-0.44451037,-0.106768325,0.23284993,0.3002716,-0.063782856,-0.14880621,0.4381369,-0.45698628,0.32899296,0.014454221,-0.24930182,-0.4098728,0.45965973,-0.09406627,0.29904678,0.13091385,0.23105983
152,-0.6072034,0.14095667,-0.18394086,0.50037247,-0.36644915,0.33514622,-0.3871297,-0.0109438365,-0.497817,-0.038344573,-0.16115771,-0.5794151,0.5050154,0.50921136,-0.069452085,-0.32927358,0.53715897,-0.065107666,-0.0713402,0.5826367,-0.27000654,0.071124546,0.016735973,0.59447765,-0.02908402,-0.49139646,0.43062282,0.014492351,0.16373214,-0.08257069
153,-0.46492,0.1295302,-0.13534981,-0.37751114,-0.5380548,0.076176494,-0.44493225,-0.10050622,0.21055175,-0.38242152,-0.39390385,-0.18868656,0.14818408,-0.49366516,-0.2839774,-0.17313588,-0.4694693,0.22014202,0.5453294,-0.12720528,-0.3798832,0.6474406,-0.21310288,-0.35668668,-0.7089148,0.47666815,0.43463707,-0.4215986,0.38356638,0.6042787
154,-0.59287155,-0.22993343,0.026940715,0.22636607,-0.6352955,-0.5051704,-0.6014392,-0.031383637,-0.39771336,0.43283564,-0.3821955,-0.3874647,0.18572132,0.022506945,0.02568548,-0.15451038,-0.21154821,0.529143,0.2446268,-0.41687277,0.016854286,0.4775077,-0.39004225,0.46589324,0.05530741,-0.4798749,0.49749088,-0.4762122,0.44490615,0.14268892
155,0.2121078,-0.60898,0.0536857,-0.22936603,-0.32582363,-0.6532908,0.35915264,0.008247428,-0.08845568,0.26528132,-0.09988451,-0.042630192,0.011904949,0.13265175,0.0052547315,-0.055454243,-0.18878417,0.53719926,-0.13200365,-0.50557977,0.4761853,0.20859042,-0.3914883,0.20398858,0.4809504,-0.3134385,0.21849956,-0.2093717,0.15538648,0.30784142
156,0.57893556,-0.6975307,0.16921307,-0.8424057,0.14114751,-0.78300935,0.066977836,-0.120405756,-0.0928881,-0.5999018,-0.5932329,0.40685302,0.18850914,-0.13037772,-0.37714946,-0.18281804,-0.21009079,0.1475819,-0.24966574,-0.5827126,0.18107986,0.53845996,-0.45937392,0.10391608,0.42767474,0.04969168,0.20860069,-0.42950776,0.4753192,0.6251087
157,0.8116771,-0.60876715,0.09789328,-0.9271205,0.4876448,-0.3444686,0.41997752,-0.24528933,-0.33867127,-0.3659162,-0.005287423,0.030711474,0.29746014,0.52653015,-0.51997507,-0.3502184,0.55134135,-0.75036055,-0.58789676,0.19301037,0.16363162,-0.21011683,-0.14758667,0.13750738,0.7943718,0.25263733,0.058454882,0.22215411,-0.059907943,0.77917296
158,0.83333755,0.36641127,0.09217974,0.019550364,-0.24151686,0.09301212,0.35058185,-0.24263257,-0.014107773,-0.124701045,0.48131844,-0.635,-0.019105926,0.4988891,-0.5299558,-0.085333385,0.30472618,-0.509098,-0.545714,0.16651665,0.0809262,-0.26425907,0.15519689,0.2641794,0.89004254,0.14777324,-0.118739806,0.25009128,0.0029449405,0.40819496
159,0.36578235,0.4497619,0.112150036,0.23733313,-0.32096833,0.089230984,0.26584432,0.13633007,0.50610054,-0.013818973,0.36498028,-0.53989315,-0.22144076,-0.1751423,-0.32685617,0.305549,0.07408748,0.14781801,-0.30252492,-0.14213914,0.16440456,0.24202158,0.25543502,-0.23166186,0.56385446,0.3734682,-0.47894266,0.47231612,0.099092714,0.39597934
160,-0.40984398,0.06728677,-0.21151805,0.44549304,-0.29787853,0.34737033,-0.1900581,-0.072548956,-0.43326637,-0.18016791,0.2719295,-0.35747433,0.51032996,0.48041716,-0.09063077,-0.34798396,0.6836381,-0.088311374,-0.43598595,0.53997165,-0.24730648,0.5362789,-0.06561387,0.53433216,-0.19633044,-0.6965302,-0.17185031,0.2549334,0.60637534,-0.61877656
161,-0.2871411,0.28837025,-0.17786156,-0.6148277,0.022705907,0.5260432,-0.15626779,0.014734802,0.36363262,-0.7473567,-0.06470562,-0.021172917,0.6888313,-0.4528012,-0.2506965,-0.25641784,0.31514856,-0.4767561,-0.32094914,0.6504117,-0.5698419,0.32973522,-0.03106726,-0.41320422,-0.36461207,0.7754937,-0.091912255,0.43196902,0.178153,0.09535078
162,0.25421694,0.264452,-0.118914,0.56431574,-0.5082523,0.0005223565,-0.5032887,0.010517378,-0.5764513,-0.04749215,-0.11638941,-0.6224433,0.3739503,-0.2751135,-0.3087418,-0.20658256,-0.27019203,0.2151963,0.07078847,-0.27260944,-0.30035982,0.6917578,-0.31903794,0.275282,-0.081557006,0.3354217,-0.27575043,-0.57047886,0.58191323,-0.05622096
163,-0.23275474,-0.29978138,0.017743943,-0.07089004,-0.63459593,-0.4001449,-0.21223965,-0.049737986,-0.12075995,0.616688,-0.2720582,0.035728417,-0.07959438,0.09744235,-0.35239762,0.03814722,-0.103396475,0.51470584,0.23886925,-0.41082478,0.4542278,0.44857362,-0.36157617,-0.055461448,0.43413123,-0.21040529,0.27934942,0.20795915,0.5255905,0.18855098
164,0.39683336,-0.19708446,0.12549518,-0.64275557,-0.117961176,-0.46078256,0.30779108,0.26272985,0.3227937,-0.35405532,0.0936635,-0.2150965,-0.08412041,0.06559375,-0.2931465,0.11954967,-0.013134291,0.4171227,-0.31793633,-0.2975016,0.28629148,0.028878173,0.019104207,-0.47304133,0.44049877,0.5110597,-0.37766325,0.5934106,-0.29277584,0.7606607
165,-0.095988125,0.21355073,0.019476125,0.1480296,-0.34519967,0.41426525,-0.28478998,0.16651261,-0.07566492,-0.21568298,0.52500075,-0.6643684,0.24029979,-0.5623205,-0.21927124,0.06795678,0.055525467,0.08769313,-0.20165916,0.42105746,-0.5098761,0.2541687,0.37002096,0.29050338,-0.48480505,-0.3160953,-0.88973576,0.075916834,-0.5814155,-0.12639669
166,-0.5943907,-0.17319533,-0.13158229,-0.33525732,-0.6383832,0.047374547,-0.5048662,-0.04455009,-0.15824132,0.08307283,-0.3001,0.27860937,0.25902975,0.053246997,-0.43541473,-0.19341801,0.027683707,0.35923007,-0.070945464,-0.28684998,-0.32765186,0.52865607,-0.35470235,0.56786287,-0.20611796,-0.60802484,0.261909,-0.38474602,0.6575473,-0.15994495
167,0.5143557,0.5183314,0.032639958,-0.0032319662,-0.1360742,-0.09993769,0.56656736,0.1972417,0.3351259,0.15552358,0.30621302,-0.4454979,-0.27884334,-0.025601614,-0.15275931,0.29834166,-0.15632461,0.27202404,-0.121476084,-0.12056211,0.40784255,-0.29866168,0.29377142,-0.49885336,0.4610841,0.49349537,-0.42911765,0.6302102,-0.5116778,0.66763926
168,-0.49040884,0.3958122,-0.2684556,0.14876507,-0.37169093,0.3761263,-0.2938588,0.11084035,0.10448454,-0.27193722,0.3667198,-0.63516706,0.32169598,-0.5842216,-0.10279326,0.28061813,-0.012512828,0.13547759,-0.18430462,0.51432866,-0.52474123,0.16022235,0.35291344,0.22309692,-0.55968153,-0.14252612,-0.9329709,0.1140726,-0.7290979,-0.06444119
169,-0.7109447,0.37675244,-0.3353212,-0.046814788,-0.378969,0.32294455,-0.32672587,0.16124094,0.48251608,-0.01895594,-0.05442982,-0.5832964,-0.11704195,-0.31741002,-0.12350712,0.3289817,0.014987994,0.23309399,0.06741307,0.06520141,-0.35181203,0.15989292,0.28102705,0.33840844,-0.1557171,-0.24717824,-0.7687991,0.3017007,-0.25943416,0.2858516
170,-0.7496788,-0.08399448,-0.22840442,-0.18634766,-0.69148535,0.05344893,-0.5936274,0.02155542,-0.17528029,0.18098594,-0.32611218,-0.16643766,0.20753999,-0.014691265,-0.26982886,-0.12928446,-0.17674911,0.379157,0.31996226,-0.30072993,-0.44935963,0.48477224,-0.3798257,0.7307209,-0.37695363,-0.6629038,0.32925528,-0.47686392,0.45194784,0.033996943
171,-0.42466334,-0.34058976,-0.0013573528,-0.09222939,-0.57402015,-0.4011857,0.06254657,0.015002143,-0.06307714,0.6954864,-0.15815966,-0.15785924,-0.24784207,0.13905534,-0.43695858,0.091747224,-0.1763151,0.5200456,0.19803295,-0.3586626,0.44157967,0.23893085,-0.35754913,0.053565413,0.3491562,-0.1996513,0.239543,0.22519983,0.2792959,0.21617557
172,0.3592019,-0.5272213,0.14940727,-0.3001367,0.17675371,-0.22111376,0.056982648,-0.17545786,-0.16948499,-0.30219474,-0.1235006,0.38508123,0.2827568,0.5630158,-0.22243418,-0.1663765,0.51932573,0.12774746,-0.5493909,0.3461658,0.018841557,-0.017774228,-0.14805093,0.36472937,0.40129822,-0.3944163,0.37912777,0.39855286,0.18259653,0.39841646
173,0.5703279,0.6020509,0.14986345,-0.431562,-0.21154335,0.31644735,0.14854284,0.05010338,0.6635447,-0.595069,0.2876504,-0.4494571,-0.3128237,-0.56160957,-0.50962526,0.29765487,-0.4925968,-0.4490268,-0.2138922,0.06185,0.061737552,-0.10195684,0.19565457,-0.44885412,0.72602224,0.8373413,-0.4249161,0.4760371,-0.24173072,0.91821826
174,0.2123472,0.29239938,-0.1744446,0.6467528,-0.35643765,0.3947115,-0.4589529,0.053495843,-0.7188797,-0.087793015,0.62974757,-0.77622503,0.56883603,0.1359649,-0.0967195,-0.5300144,0.5466967,-0.12558722,-0.16518912,0.6473463,-0.39780304,0.042419083,0.057993703,0.44699934,-0.4777427,0.24460301,-0.89906293,-0.27949655,-0.33306494,-0.53493035
175,-0.3526417,0.0011251228,-0.28446048,0.34198073,-0.122768015,0.1668219,-0.09340593,-0.119894795,-0.2830666,0.04273377,0.036434412,0.068945825,0.28754038,0.5270356,-0.087771155,-0.11089362,0.64098316,-0.12757228,-0.41554046,0.41439575,-0.079801224,0.46597984,-0.049925055,0.33567894,0.31726846,-0.59593445,0.15528686,0.33086294,0.5591448,-0.5349141
176,-0.37515908,0.0002193215,-0.15295058,-0.691817,-0.3745485,0.32104304,-0.31383675,-0.059597988,-0.029977007,-0.7814618,-0.28762293,0.3023792,0.59524494,-0.54303855,-0.40117905,-0.55671436,-0.3321391,-0.045636162,0.08608946,0.09791801,-0.51609045,0.6554058,-0.22690335,-0.19428708,-0.5985618,0.6860482,0.31465647,-0.4610679,0.34682617,0.3797236
177,0.7091546,0.7212827,0.026849208,0.441724,-0.27431443,0.0032881869,0.055974692,0.12866291,-0.15808836,0.23849836,0.21465522,-0.5580054,-0.056426086,-0.1836205,-0.13962905,0.32348686,0.007219988,0.16575752,0.0037082375,0.12578318,0.11018956,-0.18417028,0.323255,-0.27397996,0.51178503,0.47182235,-0.46627674,0.25565794,-0.6134306,0.5147336
178,-0.12890433,0.2835586,-0.505597,0.56711036,-0.32423478,0.17133214,-0.08330979,-0.15025821,-0.1746479,0.24043402,0.019395702,-0.70536053,0.13625766,0.19930163,0.009737774,-0.0018565771,0.422936,0.014206094,-0.030753188,0.2703678,-0.12307108,0.45992202,0.12254924,0.18042418,-0.38586515,-0.568164,-0.53513455,0.2581582,0.20663251,-0.4101487
179,-0.33673167,0.092633836,-0.24169047,0.25996146,0.049629934,0.18172583,-0.14294834,-0.17273007,-0.3620629,-0.25107253,-0.07545126,-0.01869663,0.48675865,0.52590716,0.058411993,-0.3427045,0.58303064,-0.23358649,-0.08971496,0.49264228,-0.22555324,0.07943159,-0.008765517,-0.0317173,-0.32828662,-0.17249568,0.35889363,0.28330502,0.28118896,0.17158791
180,0.4044552,0.5590608,-0.023385752,0.6005365,-0.29966858,0.16550691,-0.0411212,-0.2325449,0.13911526,-0.19659734,-0.3071707,-0.577676,-0.21196474,0.054947443,-0.1234504,0.15223493,0.062411178,-0.43797794,0.42443106,0.2646756,0.014578623,-0.35603982,0.23661542,-0.4583196,-0.016680198,0.4534469,0.34066355,0.4479569,-0.024370417,0.4140895
181,-0.73475415,-0.0041542496,-0.21754456,0.018431246,-0.7057015,-0.0851083,-0.55863243,-0.06748276,-0.17474431,0.18666217,-0.24120429,-0.44348314,0.41712785,-0.24568161,-0.12632833,-0.032990735,-0.2774542,0.33730343,0.5346745,-0.10488453,-0.4516499,0.5436358,-0.32873747,0.38223734,-0.41862553,-0.42970815,0.4898853,-0.46865794,0.5092426,0.14237499
182,-0.16731958,-0.008509947,0.014293116,0.51107556,-0.2209035,-0.16458966,0.2471864,-0.07948051,-0.17184788,0.55231136,0.052412257,-0.38538605,-0.111224875,0.30591276,0.047084503,0.042994704,0.32029444,0.44880202,-0.088918574,0.22804424,0.2434827,-0.45035312,0.058589097,0.09204412,0.32267845,-0.42393965,0.36046323,0.67030215,-0.20065375,0.30467618
183,-0.048697207,-0.06029584,0.08491918,0.27699932,0.25958624,0.33212918,-0.19111614,-0.19635701,-0.3979099,-0.32023656,0.23624133,-0.22312813,0.560088,0.49632975,0.037334796,-0.58703566,0.33811563,-0.19817273,-0.5191152,0.71977305,-0.36082026,0.015853772,-0.07023814,0.617078,-0.15366045,-0.18222332,0.46072486,3.0996867e-05,0.18714866,0.58495635
184,0.5089977,0.42651433,0.035540447,0.57065356,-0.52312225,-0.10469211,-0.08107636,-0.15304926,0.48132622,0.43654984,-0.43288282,-0.6201231,-0.53845805,-0.41070253,-0.3451523,0.23543549,-0.6068333,0.22174546,0.4854467,-0.21953076,0.09169502,0.47556177,-0.13994831,-0.28048036,0.056481946,0.2490945,0.3560484,-0.22523291,0.41654414,0.23485224
185,-0.15456364,0.25310525,0.16198483,-0.10626715,-0.35491082,-0.14468564,-0.2816741,-0.031091811,0.3045145,-0.1324894,-0.40822107,-0.3866422,0.07482891,-0.20294513,0.07304632,0.14364158,-0.11645602,0.30624905,0.17462811,0.00027450427,-0.16752522,0.21027625,0.10571143,-0.5836456,-0.075858474,0.30469787,0.17567058,0.4374976,0.14041215,0.72053444
186,-0.6467122,0.34164238,-0.11256229,0.060641713,-0.47033638,0.31706733,-0.47815788,0.13126726,0.239601,-0.17429295,-0.14108661,-0.61919767,0.31236336,-0.36833727,0.082722895,0.17245586,-0.20424493,0.28209546,0.13559583,0.44857943,-0.5231036,0.043981683,0.30466762,0.16241404,-0.35538182,0.10845529,-0.36288086,0.118134715,-0.6041318,0.5323875
187,-0.8040577,0.4713938,-0.21218836,0.1529568,-0.2720128,0.16219434,-0.09560386,0.22492717,0.46387395,0.2277857,-0.11858437,-0.6237049,-0.2608008,-0.29576057,0.12994334,0.37782562,-0.22253954,0.24654905,0.33086103,0.01747038,-0.28215975,-0.3971273,0.39272633,0.22040768,-0.20907043,-0.16281225,-0.4292265,0.22504973,-0.7177472,0.4606849
188,-0.85872644,-0.0062654726,-0.19523917,0.12788107,-0.5675626,-0.09597354,-0.35785562,0.02291925,-0.052887116,0.38872087,-0.21460322,-0.51076406,-0.0088928435,-0.18344653,-0.0046669133,0.061460458,-0.18256496,0.2848061,0.31642044,-0.2030581,-0.38723078,0.23647635,-0.3113464,0.6861685,-0.45514512,-0.6668591,0.11992949,-0.46162713,-0.2623052,0.024649765
189,-0.47601876,0.08286527,-0.054563817,0.47264507,-0.04069404,-0.057822242,0.22385189,-0.01845653,-0.17457534,0.5750189,0.042617045,-0.30783367,-0.2059667,0.3148359,0.2400455,0.044656754,0.25329286,0.22936308,-0.07631921,0.24451853,0.18423325,-0.46601027,0.10342103,0.19536726,0.052302096,-0.4576401,0.41026345,0.46291646,-0.3562584,0.28412342
190,-0.30060667,0.29317147,0.03326493,-0.24687976,0.0083977645,0.29224753,-0.20941705,0.09881368,0.46428117,-0.39012057,0.14698349,-0.3602977,0.1749285,-0.35814175,0.05254387,0.019129688,-0.2763132,0.034287073,-0.12935495,0.5379278,-0.46179,0.040641256,0.055575013,0.020407513,-0.3996779,0.5503391,-0.09494428,0.19892608,-0.15299629,0.807759
191,-0.50811064,-0.080935456,-0.13415834,0.4112156,-0.53299993,-0.16450521,-0.4384122,0.00826475,-0.40829995,-0.017989185,-0.13581693,-0.6130436,0.32461253,-0.3928597,-0.033452,-0.14430575,-0.24703017,0.28102386,0.10601743,-0.19846016,-0.48688728,0.4626367,-0.3215105,0.5043785,-0.4790454,-0.38058907,-0.19019687,-0.55181307,0.2170629,-0.051403973
192,-0.037935454,0.13299027,-0.01752641,0.5317953,-0.053481366,-0.0773622,0.33332303,-0.03147138,-0.19548547,0.5624222,0.10395663,-0.3476568,-0.1599068,0.24473035,0.2363121,0.0550284,0.30050844,0.21870111,-0.1894669,0.20768927,0.24747252,-0.43411705,0.14444707,0.06789893,0.086313695,-0.447821,0.31721872,0.5942754,-0.29476982,0.24830832
193,-0.12968409,-0.043658033,0.0041808165,0.26158166,0.28393868,0.3382521,-0.17346382,-0.2103902,-0.4000118,-0.37182924,0.1642672,-0.19408762,0.6005963,0.46819147,0.06086187,-0.6191982,0.4172554,-0.27380413,-0.5527743,0.7330403,-0.37566203,0.08117217,-0.058895785,0.6276009,-0.22275537,-0.22878782,0.47089192,-0.060122117,0.18190487,0.44607326
194,0.47029907,0.43339622,0.014632586,0.51350737,-0.5370309,-0.08195156,-0.14502248,-0.14867643,0.5195359,0.32379967,-0.515611,-0.571896,-0.5483001,-0.48236504,-0.40145528,0.2643445,-0.5818244,0.18145737,0.49419796,-0.2275326,0.07181837,0.6223622,-0.14903699,-0.35687417,0.031717196,0.40213782,0.35493,-0.20901826,0.43987423,0.22213261
195,-0.39699534,0.22907683,0.1507433,-0.19769089,-0.50555104,-0.06645049,-0.4867063,0.037792332,0.25912532,-0.1539046,-0.5121927,-0.44594297,0.2304426,-0.08061752,0.038597174,0.08347462,-0.08668338,0.40087268,0.26889825,0.13348338,-0.32299688,0.26078174,0.07244009,-0.5073917,0.1864032,0.3801947,0.200498,0.47176874,0.20612632,0.66204435
196,-0.67059517,0.39716977,-0.037264124,0.11406363,-0.4643478,0.2392577,-0.42707008,0.16920339,0.28968576,-0.08343002,-0.17854165,-0.6253173,0.21480922,-0.30057472,0.085350364,0.22158128,-0.23741299,0.35412845,0.23838815,0.26546863,-0.41873968,-0.070300356,0.332162,0.11254659,-0.19409934,0.21254098,-0.22333787,0.15612432,-0.62350947,0.55957603
197,-0.8101163,-0.064208336,-0.11976113,0.03253934,-0.7176967,-0.08080851,-0.63903356,0.024351195,-0.23052642,0.14974031,-0.35363942,-0.5948356,0.28714305,-0.13515432,-0.052478176,-0.15902051,-0.3184451,0.41726124,0.36043584,-0.27459374,-0.53319323,0.4360348,-0.3519236,0.7318342,-0.48095247,-0.55558205,0.44162178,-0.55784905,-0.015390338,0.101087496
198,-0.23725978,0.14791326,0.0004910356,0.5263454,-0.10947542,-0.083713695,0.35202307,0.031972557,-0.17390874,0.62230766,0.10565665,-0.41658574,-0.21861167,0.22601773,0.2530445,0.054417163,0.20945105,0.35317612,-0.1249093,0.1796111,0.24702694,-0.49520287,0.16350624,0.1388847,0.07598544,-0.46215442,0.3619099,0.55914,-0.41451246,0.2621252
199,-0.3342766,0.30905318,-0.06037911,-0.2023914,-0.043343443,0.20086564,-0.15625787,-0.0037001218,0.54959875,-0.40156242,-0.06139746,-0.40392786,-0.109558396,-0.5086985,0.07383711,0.19326338,-0.33957776,0.07235008,0.09968317,0.35373837,-0.3292123,0.0550968,0.08985353,-0.2899108,-0.6018283,0.48877782,0.063647136,0.28466576,-0.1596942,0.8297582
200,-0.7297155,-0.108912654,-0.112762176,0.19341984,-0.67537063,-0.031449743,-0.66124856,0.0024396454,-0.470306,-0.03537002,-0.27137917,-0.59406507,0.47341585,-0.30620733,-0.08742104,-0.3341955,-0.3300158,0.3951768,0.16340348,-0.021156646,-0.60671425,0.4637575,-0.3569969,0.6395148,-0.5670323,-0.42690283,0.19272663,-0.61387455,0.067422025,0.03977137
201,-0.5410516,-0.12702374,-0.00886951,0.34862792,-0.44511274,-0.19499579,0.29751045,0.027227094,-0.08786538,0.7984291,-0.0037484858,-0.3098643,-0.29710957,0.049861733,0.08537019,0.1316282,-0.19721246,0.39082155,0.13313673,-0.21952072,0.46330816,-0.06623596,-0.23234394,0.16775124,0.08634242,-0.40182617,0.22895704,0.09463324,0.04276718,0.13750367
202,-0.33080083,-0.43267754,0.12659377,-0.38873416,-0.13065112,-0.5422512,-0.23989907,-0.098869786,-0.13109629,-0.20136192,-0.37228733,0.25328875,0.22536682,-0.024624366,-0.030051481,-0.18806894,-0.19579527,0.37245443,-0.1289017,-0.33484098,-0.11724843,0.38636404,-0.354663,0.4140733,-0.2753717,-0.36724243,0.34651175,-0.46381244,0.39470744,0.3871625
203,0.6615464,-0.042466775,0.076792784,-0.5994116,0.13007526,-0.41966867,0.5545254,0.25077733,0.36523297,-0.2145616,0.36963403,-0.48044157,-0.25484863,-0.05963164,-0.2654208,0.22031407,-0.066968165,0.124317475,-0.32717964,-0.23497659,0.36800727,-0.23022836,0.17371722,-0.49020457,0.536463,0.5376044,-0.4561088,0.47464168,-0.49420217,0.7715067
204,-0.2451035,0.29013866,-0.1581525,0.19078533,-0.33307323,0.40726247,-0.24974462,0.13188143,-0.07956988,-0.24772625,0.5218672,-0.6620978,0.2923027,-0.59873545,-0.18801591,0.15822227,0.06962165,0.0832234,-0.21785663,0.5040436,-0.5313182,0.19801429,0.39418873,0.2820605,-0.542772,-0.3319109,-0.9325128,0.05368237,-0.6721786,-0.2706449
205,-0.57811636,0.2959841,-0.35264257,-0.15584108,-0.35702845,0.29754332,-0.26976138,0.1653595,0.44464958,-0.044428978,-0.0710252,-0.32481784,-0.12307383,-0.21734661,-0.17808144,0.27885026,0.1426855,0.19287878,-0.13081524,0.07094551,-0.25620785,0.3004878,0.15642895,-0.0616389,0.013113573,-0.056618176,-0.5629212,0.40356722,0.28210917,0.21420489
206,-0.6084343,0.46307257,-0.21359102,0.044567287,-0.28345042,0.21456736,-0.09529017,0.20377809,0.39966285,-0.0063481065,-0.040730346,-0.4700303,-0.1354524,-0.18365994,-0.0022594493,0.29692897,-0.08581855,0.18779355,0.16122827,-0.0040203724,-0.107152775,-0.021770772,0.2675862,-0.19086033,0.010795984,0.17943244,-0.43782628,0.36082956,-0.24877979,0.51548034
207,-0.71403635,0.5386655,-0.24482074,0.22383617,-0.27855572,0.19908464,-0.011803888,0.14799766,0.48626453,-0.056916583,-0.036761593,-0.62457037,-0.12985928,-0.4497931,0.07348799,0.42897946,-0.099798284,0.17757714,0.16715707,0.07449729,-0.2828286,-0.4377852,0.4974425,0.17234272,-0.337709,-0.26306483,-0.7589172,0.19663234,-0.74798536,0.36712793
208,-0.7826649,0.16094999,-0.24064103,0.4322639,-0.33379826,0.39050227,-0.3324635,0.061406557,-0.37246242,-0.009472652,-0.2336387,-0.7167818,0.44061342,0.51114064,0.028427698,-0.27705485,0.497001,0.075072356,0.0886332,0.5711691,-0.3139261,-0.42556867,0.018298015,0.7745565,-0.32150555,-0.7828679,-0.13098429,-0.024383703,-0.6334156,-0.17841972
209,-0.4554273,0.0231671,-0.34141162,-0.053275783,0.09151219,0.31103075,-0.20669377,-0.1720023,-0.4213374,-0.19135647,-0.16454388,-0.075081944,0.6493609,0.5590481,0.020387985,-0.6223758,0.5760524,-0.16971917,0.04688253,0.6613118,-0.47297004,0.21495636,-0.049464766,0.57927763,-0.5202977,-0.18785109,0.48481715,0.06877202,0.214209,0.27119598
210,0.39187852,0.57754904,-0.023936385,0.6173301,-0.29329357,0.11866645,-0.0061594583,-0.26840577,0.1552553,0.20544556,-0.40104687,-0.6140917,-0.35003185,0.13927427,-0.09577501,0.19059864,-0.022234598,-0.32245082,0.5173846,0.2030027,0.015195811,-0.47949782,0.21090151,-0.40894005,-0.062363405,0.3452962,0.3858524,0.47425327,-0.13411413,0.40868062
211,-0.6513218,0.5047398,-0.38288772,0.10998758,-0.34031656,0.09892526,-0.17158885,0.022234233,0.57962924,0.50242066,-0.23049697,-0.66854936,-0.3851054,-0.51936096,0.058809638,0.43620467,-0.41484612,0.19693385,0.6663143,0.06996887,-0.1336777,-0.14596222,0.2197838,-0.5616322,-0.6503597,0.13683815,0.011704219,0.4466058,-0.35034257,0.64365745
212,-0.8220643,-0.012203514,-0.096730225,0.21332793,-0.6768471,-0.19476636,-0.56555456,0.02533367,-0.33109906,0.106090054,-0.2630513,-0.57446724,0.37877584,-0.19578618,-0.021038847,-0.1530379,-0.25177845,0.3982252,0.16133593,-0.1459785,-0.5365343,0.37132958,-0.25646013,0.6232614,-0.51266253,-0.59099865,0.13611183,-0.593687,-0.31045142,0.059882794
213,-0.69729507,-0.17380567,-0.023007609,0.2376014,-0.4501964,-0.2344062,0.19158886,0.019718813,-0.060213394,0.78981864,-0.053785995,-0.24503319,-0.29297435,0.08306315,0.098711126,0.11585134,-0.18130723,0.39386123,0.16459595,-0.23624972,0.4349718,0.00077580696,-0.25607827,0.18898982,0.032328427,-0.3913484,0.26863053,-0.018916572,0.033503816,0.150437
214,-0.07623369,0.108775824,0.115217924,-0.24479394,0.046707284,-0.15664315,0.21950696,0.19729464,0.35025352,-0.29082727,0.026321564,-0.284591,-0.074924655,-0.15396309,0.1288771,0.15835984,-0.13161597,0.23165761,-0.21479116,0.052785877,-0.0076213544,-0.08632739,0.14937343,-0.27000198,-0.12684798,0.3305872,-0.18900949,0.3148611,-0.35461023,0.74409735
215,-0.5755178,-0.028696014,-0.19237354,0.5117122,-0.21512458,0.4262713,-0.31520256,0.0033598559,-0.5822961,-0.20413856,0.12765443,-0.6550084,0.5864237,0.41154814,0.0114727765,-0.51178527,0.5805246,-0.1047125,-0.37347454,0.68838274,-0.37533635,-0.014366315,-0.0032880441,0.6357281,-0.4635682,-0.66319156,-0.20990072,-0.111666396,-0.2376412,-0.45897916
216,-0.32283455,0.285304,-0.55954826,-0.54255474,-0.17899676,0.4020214,-0.14002563,-0.07164127,0.6112372,-0.7268523,-0.33236492,-0.22933358,0.17954114,-0.7110853,-0.13771859,0.20898181,0.17799611,-0.26035947,0.019768916,0.4545909,-0.41158637,0.5071906,0.016398508,-0.5133184,-0.5792067,0.6855092,0.050103858,0.42182383,0.16202357,0.49018353
217,-0.691755,0.033418547,-0.11473344,0.29711342,-0.67919165,-0.015734117,-0.691753,0.007798842,-0.55420727,0.0074883467,-0.35867122,-0.57937247,0.48700976,-0.26236758,-0.28087822,-0.3487177,-0.32978687,0.37281874,0.17051814,-0.06489362,-0.41020653,0.5842496,-0.35955516,0.54413706,-0.48370078,-0.08742682,0.23056784,-0.61439663,0.34099984,0.07866869
218,-0.60717785,-0.27994272,0.0062204944,0.1419782,-0.6212661,-0.37360656,-0.005174186,-0.0102127185,-0.055933714,0.7812661,-0.17624767,-0.19290781,-0.2585837,0.06713785,-0.24551672,0.099228784,-0.18958476,0.5156373,0.27678427,-0.3557196,0.45963138,0.26126668,-0.32739097,0.066752285,0.23205863,-0.36148143,0.2883394,0.2064718,0.37929085,0.15937832
219,0.1156369,-0.13578795,0.14378445,-0.48979732,-0.09988958,-0.41765508,0.21380001,0.25411996,0.3264122,-0.31144854,0.013292627,-0.18538557,-0.07248183,0.030284047,-0.13882641,0.1221062,-0.035515334,0.49452612,-0.2938206,-0.19298597,0.18823467,-0.0036507717,0.045765843,-0.36347753,0.23426446,0.42404658,-0.30000734,0.54169846,-0.2861504,0.71104693
220,-0.38928255,0.22500828,-0.014511045,0.08980573,-0.34663957,0.4153728,-0.3146115,0.15573947,0.077397965,-0.25068504,0.37378502,-0.6332192,0.2515598,-0.54082674,-0.15100186,0.10454484,-0.0025724135,0.13058011,-0.21550016,0.42978224,-0.50045216,0.17633447,0.33539426,0.3262133,-0.46474844,-0.26210487,-0.8270366,0.123258755,-0.58362824,0.057058167
221,-0.56593525,0.066270165,-0.2944388,0.3335017,-0.18192534,0.27164668,-0.15043812,-0.13372609,-0.17065221,0.18774381,-0.21115306,-0.08579606,0.16716754,0.52774304,0.014272923,-0.14431585,0.445939,0.038598318,-0.19427864,0.37031922,-0.15328202,0.18584052,-0.023102174,0.57483613,0.04029808,-0.6824421,0.26758286,0.26848337,0.44338214,-0.21485841
222,-0.12651606,0.47263554,-0.06199299,-0.39814773,-0.19391753,0.34194577,-0.21058711,-0.014133095,0.6200658,-0.67297494,-0.23222972,-0.3190073,-0.118446775,-0.5191773,-0.053615917,0.25601807,-0.43899977,-0.16882482,0.36064678,0.3241889,-0.36688477,0.20944129,0.064260505,-0.59197146,-0.6553405,0.794663,-0.05462509,0.44788292,0.009256947,0.86339813
223,0.62806517,0.48964384,-0.110803194,0.6695777,-0.22543813,0.20328753,-0.10714124,0.055329114,-0.6625108,-0.034972984,0.1891377,-0.7243565,0.50538856,0.04318303,0.12082128,-0.39359698,0.4873552,-0.24784803,-0.05825885,0.6138929,-0.41140038,-0.64071745,0.38678727,0.24603857,-0.10986642,0.24563164,-0.7094437,-0.36676413,-0.7296522,-0.22333196
224,-0.39056522,0.18195276,-0.32071975,0.5450804,-0.2044328,0.05289084,0.0308231,-0.14806417,-0.12215616,0.5384835,-0.08460744,-0.47292766,-0.18533267,0.2620269,0.052213047,0.19984406,0.40110487,0.004765077,-0.026620965,0.14765349,0.048956126,-0.02572694,0.14663422,0.0959603,-0.28770298,-0.6345938,0.14024366,0.3618974,0.31257015,-0.25967103
225,-0.5054788,-0.12026865,-0.14938948,-0.41695023,-0.3039666,0.00033482158,-0.45474562,-0.0688879,-0.18466264,-0.35295185,-0.17419556,0.07838259,0.45912167,-0.13723673,-0.148534,-0.39022914,-0.30022815,0.21369663,0.24323739,0.034511667,-0.45372307,0.44792122,-0.22404142,0.08231818,-0.552271,0.16458665,0.36368656,-0.5132796,0.37436482,0.49828506
226,0.60673815,0.05455215,0.03552522,0.6053511,-0.14688794,-0.12202061,0.24499778,-0.044338826,-0.3781195,0.3605091,0.13782252,-0.5334908,0.07890264,0.32962692,-0.024661202,-0.11769069,0.3975275,0.19449551,-0.23568106,0.35660654,0.20128758,-0.5016163,0.088058025,0.24463557,0.5057657,-0.45299205,0.31727383,0.36155006,-0.16647202,0.25536826
227,0.2517883,0.042893793,0.0524512,0.47538847,0.19761243,0.24353361,-0.13293749,-0.19671525,-0.36416692,-0.26326102,0.3046098,-0.3726828,0.48330924,0.48720858,0.013296789,-0.565692,0.35901713,-0.25843114,-0.54211026,0.6685926,-0.2255862,-0.09564143,-0.030299721,0.5137058,0.12935527,-0.06239431,0.38296717,0.04123242,0.21943307,0.5198362
228,0.5149038,0.44769025,-0.0071070367,0.6584121,-0.2791663,0.019930381,0.1402644,-0.39157805,0.25208336,0.45568922,-0.054393724,-0.66467685,-0.40926847,0.16039933,0.0028144822,0.16668378,-0.13960943,-0.18130594,0.12237871,0.09265588,0.05449431,-0.20349781,0.32518804,-0.18935776,-0.123189226,-0.16331123,0.45275497,0.3831247,0.024839839,0.17010401
229,-0.60650104,-0.123476304,-0.10123676,-0.19847816,-0.5012666,-0.16950662,-0.46250257,-0.189595,0.012024276,0.31405744,-0.25519863,-0.056344815,0.19299625,-0.22410432,-0.028791234,-0.1522562,-0.34891358,0.2918595,0.44232112,-0.1423869,-0.26932192,0.49399263,-0.22375214,0.06377771,-0.5912253,-0.32620826,0.49222094,-0.4310902,0.46385983,0.39711535
230,0.39683518,0.5246959,0.027555238,0.33074844,-0.12154273,-0.14293852,0.59387654,0.21486871,0.2898165,0.43782908,0.24357739,-0.43206936,-0.30505294,-0.048849326,0.23399155,0.34058613,-0.12287945,0.35379353,-0.104677916,-0.07165644,0.4355166,-0.39189085,0.37142998,-0.34274718,0.28683197,0.1435149,-0.38505864,0.46249542,-0.61767876,0.54694813
231,-0.57827514,-0.03253984,-0.27294376,0.45935425,-0.11779694,0.40637416,-0.17455357,0.034164894,-0.5701112,-0.26660496,0.2603519,-0.6314623,0.5923677,0.41595456,0.016421728,-0.483439,0.6314475,-0.121374056,-0.47691754,0.6897519,-0.36576352,0.04780926,-0.022919612,0.61075336,-0.4963276,-0.7388105,-0.65408885,-0.037810225,-0.36542335,-0.55972666
232,-0.39650357,-0.07947367,-0.579296,-0.65782154,-0.3082081,0.39555943,-0.21934968,-0.089174934,-0.11726473,-0.75481576,-0.29088256,0.25866723,0.6453425,-0.6272793,-0.41046265,-0.57600313,0.3326394,-0.02336993,-0.231159,0.1674203,-0.52976716,0.6490082,-0.21633351,0.0951571,-0.45826072,0.059266403,0.3459929,-0.46146208,0.39586076,-0.48321137
233,0.576462,0.43072388,0.008620686,0.469151,-0.24853809,0.034251045,0.27471197,-0.037695397,-0.3409319,0.35584608,0.12941106,-0.45693165,-0.009779903,0.4041379,-0.4710506,0.07311466,0.6427684,-0.3580063,-0.27690622,0.29777843,0.22853032,-0.32348084,0.05092432,0.04852875,0.41160318,-0.12794244,0.20920858,0.68960446,-0.16842331,0.13699603
234,0.31243086,0.25872594,-0.022597488,0.5807283,-0.12762882,0.060795546,0.016662214,-0.2594378,-0.084520385,0.22400907,0.1347729,-0.5473128,0.024606049,0.30471328,-0.028266689,-0.13133866,0.07071024,-0.124598116,-0.18257333,0.3261086,0.022956995,-0.20975517,0.1404915,0.09036754,-0.09204036,-0.254144,0.39398155,0.2285309,0.10136749,0.37395045
235,0.015231957,0.45659578,0.029397221,0.14692356,-0.23394768,0.09596843,0.090371,0.12746917,0.5261172,-0.066207245,0.2294214,-0.4956491,-0.17658435,-0.26653227,0.0036460222,0.37726793,-0.21813694,0.1270359,-0.017289035,0.19629204,0.031187693,-0.071001,0.21278526,-0.39462775,0.2103906,0.53299135,-0.28646225,0.41935006,-0.2277662,0.69442713
236,-0.53204256,0.117065094,-0.20968178,0.563367,-0.33353916,0.38263798,-0.3300324,0.042795867,-0.595578,-0.15398002,0.35704792,-0.72814023,0.5705611,0.37343144,0.009050694,-0.44590765,0.56598043,-0.061101444,-0.22429523,0.6409044,-0.34050772,-0.09179238,0.060416363,0.57455456,-0.45313552,-0.48713464,-0.60941845,-0.11308295,-0.31319946,-0.47876295
237,-0.41219145,0.26518992,-0.5593379,-0.3910304,-0.18728524,0.3253502,-0.15779473,0.0059482693,0.53011525,-0.5706633,-0.19429672,-0.23186755,0.061145786,-0.57992125,-0.085823864,0.29698333,0.26385733,-0.10748994,0.11471644,0.33945295,-0.3844621,0.4028358,0.023742398,-0.5085345,-0.541451,0.535847,-0.015640883,0.44447172,0.19490623,0.3202681
238,-0.6469901,0.22874473,-0.16905154,0.5608321,-0.38744193,0.31794327,-0.43744564,0.022956567,-0.5717355,-0.03786995,-0.15969345,-0.64439213,0.5427501,0.4751985,-0.012639316,-0.36606282,0.51515657,-0.087251835,-0.0015068443,0.6308829,-0.3003458,-0.12131041,0.094800904,0.5709866,-0.1701071,-0.41879836,0.3156458,-0.14131276,-0.20959972,-0.0431176
239,-0.39554697,0.44300568,-0.29154179,-0.14421012,-0.29336047,0.19324328,-0.20928428,0.002623169,0.63773024,-0.18596807,-0.26250765,-0.5128328,-0.30120227,-0.53620845,-0.015157293,0.39470258,-0.35175255,0.06470764,0.56812847,0.17795552,-0.23479214,0.13874403,0.094138935,-0.6359179,-0.71460706,0.6826424,0.060837094,0.42597008,-0.14416783,0.8128387
240,-0.5471078,0.25665003,-0.12318262,0.61032563,-0.3730034,0.28084126,-0.40127712,0.051084936,-0.5918328,-0.027225299,-0.15348877,-0.6951779,0.54950476,0.3862106,0.12123811,-0.39770398,0.4755499,-0.07784154,-0.027857512,0.6565196,-0.38326797,-0.5278339,0.23924185,0.5015337,-0.32228237,-0.22749537,-0.050512347,-0.32556704,-0.7457392,-0.09123507
241,-0.53734905,0.39648744,-0.36316314,-0.008904739,-0.2690788,0.112590924,-0.13738209,0.07191293,0.600535,0.3263984,-0.19008343,-0.53993696,-0.42227778,-0.4945118,0.026900293,0.42175904,-0.1805106,0.1346451,0.53343415,0.0973163,-0.13359493,0.08019749,0.12826687,-0.58101624,-0.67341703,0.45902452,0.035013184,0.4060037,-0.2752264,0.6690047
242,-0.6811999,0.17656283,-0.14139979,0.55999905,-0.34747204,0.28340563,-0.33648488,0.061161704,-0.5274553,-0.026917873,-0.13221797,-0.67641413,0.5164734,0.45763168,0.11260287,-0.33759904,0.49871075,-0.025654037,-0.089149214,0.63730174,-0.35703585,-0.49906164,0.1967165,0.5805608,-0.31972983,-0.5327126,0.09140962,-0.24460386,-0.72223437,-0.086171634
243,-0.5793355,-0.09161943,-0.20370151,-0.4051466,-0.4954662,0.086615235,-0.48499238,-0.06670104,-0.1571729,-0.069238655,-0.19199541,-0.045552094,0.45510465,-0.22083144,-0.29009685,-0.40893543,-0.11450955,0.27050826,0.289066,0.09000996,-0.56140137,0.54090786,-0.24271221,0.36432862,-0.56032443,-0.062419325,0.41066986,-0.53963655,0.42250383,0.2788192
244,-0.08981953,-0.21137138,0.026152367,0.2217152,-0.56946725,-0.38081616,0.056942243,0.014084952,-0.14866088,0.6804077,-0.06022517,-0.34698707,-0.16186172,0.06734276,-0.49325114,0.09632561,-0.16835734,0.5098755,0.10505863,-0.3841661,0.4578963,0.3258582,-0.3661123,0.18742692,0.4152939,-0.29872653,0.22861852,-0.042956438,0.32002285,0.17141677
245,0.40837651,0.0058493027,0.1585278,-0.560874,0.07235782,-0.34926164,0.36204436,0.21445282,0.3262495,-0.4066717,0.10201685,-0.31282967,-0.058863245,-0.051108778,-0.16426979,0.11382683,-0.10571905,0.29307002,-0.28879485,-0.23911665,0.27466643,0.00077762076,0.08258949,-0.51017255,0.26864982,0.5221654,-0.28605863,0.51065284,-0.2235813,0.8106905
246,-0.23773922,-0.13024907,-0.13041028,0.57941586,-0.2156106,0.44304737,-0.32653156,0.064221025,-0.66066456,-0.17254347,0.4905238,-0.70114833,0.54630554,0.3151806,-0.08488412,-0.5199029,0.6219735,-0.17520177,-0.36382368,0.6769579,-0.40277475,0.22833206,-0.008778675,0.53165597,-0.48529416,-0.6202467,-0.69248736,-0.1742317,-0.10384298,-0.5855728
247,-0.30365008,-0.01392658,-0.3904731,-0.3777137,0.28549284,0.4421049,-0.08813433,-0.16214736,-0.48802525,-0.56574523,-0.18070851,0.16974607,0.79137,0.42576468,-0.13437833,-0.73540664,0.78871566,-0.49253002,-0.7128125,0.7238105,-0.37732625,0.5890178,-0.07695912,0.45477507,-0.28793815,-0.04781744,0.37384984,0.13713983,0.33840162,-0.80487186
248,0.21297851,0.1880477,-0.08383581,-0.6311267,0.10269821,0.48932755,-0.09017613,-0.13305475,-0.40506276,-0.6538825,-0.4034808,0.3683291,0.7025469,0.34108204,-0.4620449,-0.6430516,0.86358607,-0.8154226,-0.67176366,0.6907818,-0.20450626,0.7748884,-0.1177185,0.04249593,0.33616063,0.76771873,0.26013348,0.39442343,0.34038863,-0.71731645
249,0.4118784,0.23192464,0.08869687,-0.84315383,-0.6214752,0.24171194,-0.3784063,-0.024252513,-0.10002649,-0.5356044,-0.2832706,0.22143449,0.34853998,-0.13988142,-0.85836613,-0.30424702,-0.10661084,-0.7073098,-0.1037101,-0.2875111,0.020351809,0.7826029,-0.45353144,0.054118786,0.63363224,0.8708505,0.09476589,-0.19769178,0.5430338,0.060668185
250,0.92468095,0.7862545,0.09815681,0.021409495,-0.39411923,0.10319529,0.059169956,0.1227806,0.11246321,-0.0030146611,0.23451884,-0.65145063,0.02740161,-0.13389027,-0.6194355,0.30163398,-0.18466431,-0.5293722,0.024678705,-0.13344376,0.2933711,0.12771371,0.08741677,-0.5345124,0.8708041,0.83310854,-0.55248296,0.51110095,-0.47184417,0.6756201
251,-0.12659815,0.05617724,-0.24512048,0.37267697,-0.70640266,-0.05575724,-0.59385127,0.012045252,-0.5884296,-0.107298136,0.11201421,-0.6915183,0.40906376,-0.42898133,-0.43243727,-0.25067094,-0.15248656,0.3137849,0.022285912,-0.101385936,-0.5413025,0.7449019,-0.44601566,0.3885957,-0.5495172,-0.018700754,-0.78538835,-0.55309606,0.52650857,-0.32875898
252,0.011708806,0.5626471,-0.07053295,0.15967159,-0.1938037,-0.06002978,0.43646643,0.2354978,0.3561614,0.5724238,0.13209271,-0.37846896,-0.4356053,0.022099312,-0.008519735,0.33494768,0.003912349,0.3751025,0.04691148,-0.078669116,0.37897494,-0.09337303,0.24236779,-0.6183681,-0.009778211,0.3934176,-0.32391417,0.7396754,-0.37085405,0.50844646
253,-0.67483497,-0.20014463,-0.14745799,-0.00063820346,-0.6439204,0.018845344,-0.5793586,0.026905831,-0.5646266,-0.11574711,-0.09441155,-0.5238624,0.49317348,-0.32159147,-0.26313728,-0.39172223,-0.22792321,0.35859406,-0.07961466,0.21608232,-0.59540546,0.5081366,-0.40348518,0.58715695,-0.588253,-0.56795776,-0.5995588,-0.5961065,0.048415843,-0.17123148
254,-0.14515205,0.32702816,-0.017372405,-0.073705286,-0.23102446,-0.11081428,0.350023,0.24609783,0.3996957,0.5498118,0.11785767,-0.40369308,-0.43924984,0.018195758,-0.16903567,0.33224267,-0.0857122,0.44070825,0.048784535,-0.10506449,0.34605044,-0.11201086,0.17489007,-0.60563105,-0.14019126,0.4482954,-0.2650564,0.74112403,-0.34199324,0.5407524
255,-0.049537398,0.44891167,-0.18783395,0.306087,-0.23522024,0.20785187,0.11219205,0.10728005,0.05816222,-0.22343063,0.260302,-0.5573717,0.22944614,-0.5578817,0.009597039,0.3065862,0.04764276,0.025829636,-0.12320929,0.400605,-0.44779548,-0.17331912,0.4901375,0.128374,-0.4597131,-0.28740677,-0.87603015,-0.032381807,-0.80009615,0.16657177
256,-0.6595388,0.17004734,-0.4573371,0.41568297,-0.2221803,0.27320516,-0.10577969,-0.1246278,-0.102220826,0.27352646,-0.20015395,-0.53870153,0.08009287,0.41509888,0.013720692,-0.07290633,0.47754395,0.024200821,-0.107148916,0.31545067,-0.15734756,0.12703769,0.06000913,0.599993,-0.20732287,-0.7907267,-0.31517217,0.23428646,0.110756315,-0.3234032
257,-0.39114276,0.31780592,-0.3751985,-0.35003752,-0.10461122,0.28439176,-0.23003447,0.045882225,0.5111377,-0.5403996,-0.11006041,-0.22483929,0.059804402,-0.3333567,-0.0046139155,0.18908736,-0.14338769,-0.060245525,0.25210506,0.39096236,-0.5019517,0.1849928,0.032374445,-0.51098806,-0.56159055,0.6713813,-0.023708925,0.35589784,0.035593584,0.74915737
258,-0.45004383,0.09508031,-0.0867755,0.5134145,-0.48109955,-0.17174569,-0.3532686,0.024922144,-0.5339254,0.021130787,-0.15449867,-0.61056095,0.353798,-0.32022187,0.0073758755,-0.13689832,-0.23128319,0.27676997,0.04674425,-0.11414761,-0.50766104,0.39629886,-0.19158517,0.36403707,-0.4111865,-0.120134145,-0.431806,-0.57714206,-0.14601217,-0.0038198843
259,-0.27609625,0.00015683252,-0.06935017,0.49455023,-0.20103645,-0.10375026,0.08229998,-0.13789919,-0.18006405,0.49793175,-0.100029185,-0.21148276,-0.043775093,0.34258145,0.067166455,0.014342434,0.35976708,0.29366478,-0.069922276,0.2800441,0.19808988,-0.32520133,0.05717282,0.09155054,0.24977827,-0.49287856,0.39904183,0.5852918,-0.007545417,0.15956563
260,-0.15408789,0.35915694,0.09391386,-0.29583067,-0.021293163,0.3129294,-0.21023728,0.099568896,0.47297823,-0.42513153,0.19913653,-0.36566627,0.19484961,-0.33209684,0.009040368,-0.010146329,-0.333174,0.0051951283,-0.079803884,0.5222453,-0.40218842,0.043390647,0.048638828,-0.15224783,-0.33981392,0.6530987,-0.1648058,0.2745434,-0.09021302,0.8472714
261,-0.4358824,0.12454628,-0.16349317,0.58049524,-0.34661454,0.3724817,-0.4240833,0.0074740048,-0.6055241,-0.09835568,0.28464416,-0.7332056,0.5583307,0.33682764,0.03262613,-0.44109392,0.47158685,-0.055791307,-0.10640929,0.6359812,-0.36893043,-0.21018134,0.061007604,0.58672976,-0.42007676,-0.2773724,-0.20860553,-0.19895168,-0.26405814,-0.34081045
262,-0.56508315,-0.041164625,-0.31105772,-0.38067833,-0.5054325,0.04598186,-0.4018951,-0.108298056,0.00079976453,-0.11442737,-0.24978502,0.068370126,0.23966257,-0.38920972,-0.28359506,-0.15710594,-0.07550091,0.23265918,0.4044905,-0.09343502,-0.3656727,0.6210692,-0.2523018,-0.106079735,-0.63845533,-0.13059488,0.39486623,-0.41009805,0.46503192,0.1425569
263,0.5002311,0.6939703,0.0013739663,0.38156474,-0.16428494,-0.07055841,0.58583564,0.18099618,0.2885017,0.47270772,0.19675173,-0.44810924,-0.36121184,-0.050582238,0.08922635,0.43976673,-0.08150984,0.324766,-0.050887085,-0.041210547,0.44639385,-0.41068083,0.3835657,-0.42132643,0.35634646,0.2893175,-0.40623972,0.5588524,-0.6474918,0.51514757
264,-0.3444415,0.46197614,-0.41148522,0.17857438,-0.28212455,0.24541974,-0.047988877,0.08161784,0.33861127,-0.36852598,0.13546987,-0.6194041,0.10150665,-0.61934596,0.0027754903,0.4294243,0.0398461,0.06595243,-0.13211976,0.33052003,-0.40321073,0.10218796,0.37979317,-0.14807507,-0.63980854,-0.30838898,-0.895247,0.2087338,-0.67603266,0.06425062
265,-0.7629999,0.48501572,-0.4044097,0.063353494,-0.33178338,0.28477296,-0.16222505,0.14125098,0.5077948,0.08010212,-0.1160035,-0.6339799,-0.24794489,-0.3427528,0.004970814,0.41010332,0.029620027,0.18193065,0.20518388,0.05450479,-0.25096422,-0.05042609,0.38098896,0.09767291,-0.3439128,-0.4130223,-0.8027662,0.30871472,-0.53541976,0.30094892
266,-0.80195767,-0.040980376,-0.2005631,-0.121697776,-0.6813971,0.09620246,-0.6022113,0.026140034,-0.16845529,0.128569,-0.2973637,-0.4638386,0.25164324,-0.08822892,-0.25444907,-0.1332724,-0.19064923,0.3779206,0.2898112,-0.22050832,-0.51748073,0.45129064,-0.38248852,0.7742856,-0.4779437,-0.7561397,0.09238965,-0.5314036,0.13325523,0.016274912
267,-0.62069654,-0.059757635,-0.049846306,0.25313187,-0.42092943,-0.1604972,0.25653514,0.03389222,-0.08310362,0.7748355,-0.012342044,-0.270044,-0.33927366,0.091082305,-0.052425504,0.1581346,-0.19079211,0.37150988,0.17188878,-0.20316508,0.45362318,-0.043074977,-0.24461195,0.082948916,0.16621763,-0.31170708,0.22391212,0.17425051,-0.012247042,0.15990539
268,-0.027741285,-0.293314,0.11972417,0.13928169,0.17404178,0.082290694,-0.10709959,-0.18760055,-0.27610922,-0.23557992,-0.12624371,0.2122321,0.38855183,0.56936157,0.017752714,-0.28469244,0.48015893,-0.0043444927,-0.51533985,0.53985935,-0.19946587,-0.05904706,-0.09564487,0.53916335,0.108893506,-0.5049785,0.46907115,0.2291643,0.12608434,0.26675966
269,0.42098102,0.17746091,0.12362771,-0.2972594,-0.4154347,0.029511623,-0.4189877,-0.05300889,0.19035703,-0.65781575,-0.3133283,-0.29648995,0.17501602,-0.49870884,-0.5753514,-0.4609248,-0.5223254,-0.025642779,0.048044126,-0.18872726,-0.12311396,0.64761907,-0.35588515,0.2551961,0.50385743,0.76778257,0.22099559,-0.48144504,0.41723818,0.6905465
270,0.78443116,0.40430984,0.20599923,0.1105895,-0.4070894,-0.08672341,-0.36818466,0.13952401,-0.20528358,0.011539169,-0.10178805,-0.63343245,0.13914572,-0.12995511,-0.108521365,-0.03537293,-0.089901835,0.23808962,0.08727633,-0.13946901,0.026445616,0.27260682,0.09925561,-0.46597975,0.70372176,0.5417606,-0.2110025,0.33408627,-0.07624881,0.6102338
271,-0.073309414,-0.19587867,0.0068152538,0.2433029,-0.6965259,-0.22861674,-0.45682114,-0.1152043,-0.20613764,0.24355794,-0.35661134,-0.35800308,0.12978923,-0.27769026,-0.090943135,-0.08819434,-0.23418967,0.29587469,0.30168536,-0.2333697,-0.20389798,0.7619327,-0.39218247,-0.027424362,-0.49992818,-0.5002065,0.033559836,-0.30608723,0.6733406,-0.068216085
272,0.60219616,-0.15368839,0.04847351,0.48834443,0.062426317,-0.19909656,0.45127562,-0.0338224,-0.24631076,0.3179549,0.29368383,-0.37209892,0.025280172,0.2755997,0.19420588,-0.08039924,0.37397176,0.19173744,-0.3464747,0.2649716,0.29868382,-0.43531185,0.10878226,0.11792823,0.35736746,-0.42734745,0.22056746,0.55068064,-0.24840882,0.36363578
273,0.13532904,0.44277656,0.020849228,0.08955281,-0.14677604,0.16295224,-0.055805415,-0.035443403,0.63040525,-0.4230111,-0.0062051713,-0.5579473,-0.3538772,-0.6433388,-0.021366822,0.33406204,-0.3723103,-0.015285129,0.12200092,0.13907881,-0.05648142,0.08579692,0.2258304,-0.45646426,-0.43384963,0.56569046,-0.17349991,0.38207158,-0.15355153,0.81592166
274,-0.50230575,0.1461073,-0.18342127,0.58893657,-0.3644889,0.39205384,-0.45654866,-0.0005307854,-0.6459425,-0.11762434,0.11946518,-0.73367155,0.59067076,0.37374482,0.056308966,-0.5140115,0.52698123,-0.10037969,-0.1291019,0.6864487,-0.40913174,-0.16337061,0.055194788,0.5596461,-0.47857028,-0.37935483,-0.47272432,-0.25294942,-0.4463481,-0.37929496
275,-0.55811095,-0.051761113,-0.3753746,-0.42727092,-0.48546708,0.09008526,-0.38645655,-0.10486695,-0.017984496,-0.17889392,-0.25554377,0.09376756,0.28282964,-0.3900985,-0.30049703,-0.20942575,-0.0075736637,0.21897432,0.36125696,-0.070758,-0.416135,0.6220091,-0.24709852,-0.056848597,-0.644492,-0.15268359,0.37667453,-0.43071955,0.4654188,0.078229524
276,0.18490382,0.61276126,0.0073095215,0.19914293,-0.2733327,-0.10093327,0.44604176,0.20854846,0.43187156,0.5221593,0.18594913,-0.4884928,-0.43693143,-0.036254123,-0.2539239,0.4186337,-0.04544557,0.44793797,0.05611975,-0.14580135,0.39632553,-0.29650253,0.28162873,-0.57573074,0.25193572,0.46329188,-0.3689455,0.72023183,-0.57055324,0.54852784
277,0.06733327,0.5319251,-0.27599144,0.34033066,-0.27178773,0.20981064,0.037746154,0.09260836,0.09018297,-0.29923403,0.2555639,-0.5932613,0.23735805,-0.5866006,-0.019662153,0.37087888,0.044088766,0.040973775,-0.12465741,0.37244293,-0.43551183,-0.04587635,0.48681697,-0.01655093,-0.52308047,-0.22939909,-0.90088236,0.032478064,-0.80023843,0.041971926
278,-0.7433386,0.04985412,-0.37110722,-0.05934773,-0.6340138,0.11053831,-0.3425288,-0.046172127,0.07862057,0.3888357,-0.21115881,-0.3144762,-0.10881884,-0.19891346,-0.27688304,0.06350721,0.026388174,0.25721535,0.25698304,-0.14457937,-0.2796559,0.6280408,-0.319229,0.51806796,-0.43690288,-0.7477885,-0.34444472,-0.35808927,0.43592802,-0.124100626
279,-0.5659713,-0.24586059,-0.062997885,-0.17356738,-0.5380414,-0.32955074,-0.1364544,-0.006287555,-0.08910912,0.62514675,-0.17173347,-0.00053904584,-0.18343726,0.14935763,-0.50436634,0.10056828,-0.094818145,0.48022234,0.20131932,-0.3207128,0.42205885,0.3553681,-0.3438372,0.03589304,0.32290283,-0.16736677,0.24254857,0.17557243,0.35308188,0.19617295
280,0.28040266,-0.53365207,0.05779978,-0.51864356,-0.28194872,-0.6317772,0.10552471,0.0072836345,-0.15411507,-0.17148584,-0.25137195,0.22632971,0.12109327,0.022164363,-0.46875712,-0.07573647,-0.14366722,0.40449125,-0.1635564,-0.5093704,0.25302842,0.4105148,-0.41863254,0.30101514,0.29535532,-0.29649198,0.18238406,-0.42061007,0.3502295,0.37382963
281,0.71110004,0.105521,0.09156349,-0.83647746,0.14786986,-0.42075425,0.6194076,0.21824202,0.35130817,-0.4408384,0.40230218,-0.43690822,-0.15938166,-0.2239117,-0.43447882,0.14436704,-0.122600645,-0.25306237,-0.2842234,-0.3709011,0.33209446,-0.14735611,0.19868839,-0.5222062,0.6469109,0.5908954,-0.50770617,0.4479687,-0.46325815,0.8628316
282,0.5503479,-0.17883228,-0.17640322,0.5102318,-0.5289725,-0.16441919,-0.14885913,0.023346117,-0.65826046,-0.27960208,0.19968696,-0.6213582,0.382072,-0.49336484,-0.42069063,-0.31814462,0.08330862,0.2114095,-0.093992695,0.020895766,-0.5324595,0.64814276,-0.30480456,0.3545114,-0.49473354,-0.49286476,-0.7363307,-0.55712634,0.19748665,-0.34599304
283,-0.30227327,-0.2942735,-0.039620403,-0.27078316,-0.37541837,-0.23786573,0.027867999,-0.03266936,-0.119885564,0.38106373,-0.11893452,0.15105772,-0.0027897058,0.1386755,-0.5904058,0.048488513,0.083599076,0.37910283,-0.0047040386,-0.2647163,0.3605854,0.4762928,-0.33184883,-0.049590934,0.15154369,-0.13944685,0.17998362,0.109944284,0.5207017,0.06894529
284,0.5524086,-0.4988644,0.07456423,-0.63066393,-0.22189768,-0.5689796,0.11851797,-0.011351914,-0.21315663,-0.29607865,-0.16854596,0.1562864,0.17612143,-0.08055748,-0.6396825,-0.12963106,-0.20784278,0.29739118,-0.17275505,-0.49769294,0.25599256,0.479485,-0.4254431,0.22020432,0.46201846,-0.08489592,0.10881465,-0.4189238,0.44113496,0.45168233
285,0.79073495,-0.36637565,0.09426013,-0.7674866,0.32630754,-0.28802863,0.5082086,-0.16204716,-0.31333274,-0.34477818,0.26858145,-0.041377235,0.25066546,0.4406471,-0.47923848,-0.25222266,0.47808135,-0.56862974,-0.461488,0.18661468,0.19633897,-0.25385317,-0.020936826,0.060349535,0.7665064,-0.004496329,-0.004131153,0.25548646,-0.029280942,0.7257715
286,0.8838579,0.35795227,0.11953291,0.45709705,-0.5334635,-0.25325307,0.18201041,-0.104236774,0.3558149,0.27532375,-0.23226827,-0.6424173,-0.40064842,-0.28083217,-0.6896108,0.122246124,-0.49831125,0.258956,0.14852649,-0.30857974,0.12648498,0.62574977,-0.26080626,-0.005932691,0.6871298,0.086710215,-0.06643321,-0.26174816,0.55948657,0.10687878
287,0.23425414,-0.66024584,0.2772797,-0.6850316,-0.3949824,-0.75732493,-0.52911264,-0.24657382,-0.1694489,-0.30143172,-0.6205068,0.5533439,0.351284,0.3116486,-0.61544186,-0.18607536,-0.044488996,0.53600734,-0.1639777,-0.65005416,0.21805502,0.53047544,-0.39063904,-0.010311488,0.39937425,0.15928099,0.34659573,0.04367437,0.71426964,0.40234205
288,0.8089848,-0.4796993,0.05926208,-0.73380375,0.24616097,-0.41022077,0.59676445,-0.035713565,-0.28523493,-0.25815293,0.44815633,-0.17481254,0.20005634,0.4179109,-0.46573398,-0.17728046,0.48942995,-0.40538272,-0.37237126,0.06665137,0.224664,-0.39444453,0.051166426,0.12083945,0.80351925,-0.24851193,-0.124869056,0.18863252,-0.21712841,0.66245764
289,0.6967642,0.092830606,0.13285774,0.26247245,-0.053923473,0.22755209,0.13687067,-0.18947537,-0.18208504,-0.23467715,0.46311033,-0.4481007,0.18418556,0.539769,-0.48607013,-0.21526507,0.5110682,-0.4436105,-0.64300233,0.40920594,0.02368386,-0.039979875,0.0020755208,0.43535602,0.7849291,-0.16444641,0.019954242,0.2603316,0.23919138,0.10171828
290,0.50060374,0.15963775,0.07158986,0.45757478,-0.5066741,-0.1775973,0.04538675,-0.089875415,0.29906613,0.15561724,-0.12139781,-0.48194227,-0.25622606,-0.3539657,-0.56850904,0.022226935,-0.45499483,0.27614397,0.05414512,-0.30516037,0.1361929,0.6495266,-0.302139,0.09748883,0.123444475,0.11103264,0.21156053,-0.29665434,0.5551498,0.15548852
291,0.46422955,0.02175022,0.22437997,-0.50727075,-0.14544743,-0.37540248,0.11969075,0.15313503,0.33583724,-0.26711264,-0.09624833,-0.30500817,-0.0026219299,0.0902064,-0.2271294,0.0994763,-0.006321966,0.3241001,-0.21929078,-0.29274768,0.31974915,0.14145425,0.009136279,-0.59671736,0.44298595,0.58762085,-0.23638964,0.66436696,0.057886623,0.71748805
292,-0.4611018,-0.4065644,0.002155707,0.038090676,-0.64188355,-0.0072465967,-0.6069576,0.016926942,-0.590363,-0.2025637,0.018081298,-0.41340363,0.42838338,-0.39379305,-0.40175897,-0.38521808,-0.14560081,0.34993523,-0.13385674,0.011653909,-0.5742184,0.61461645,-0.4536633,0.5487545,-0.5756798,-0.57452947,-0.46072367,-0.57778597,0.49873537,-0.32376575
293,0.3349672,-0.4108784,0.10208632,0.17531279,0.14377668,-0.15601116,0.22593465,-0.16346626,-0.1585749,0.28364998,0.13036166,-0.08314,0.04493974,0.441878,-0.2789682,-0.12309883,0.43905923,0.25236276,-0.49392658,0.31866652,0.20621206,-0.21394782,-0.07016271,0.08319659,0.07514872,-0.26976946,0.31376532,0.65962887,0.2695275,0.27906504
294,0.40839222,0.48884416,0.1749233,-0.20299542,-0.10525292,0.31393415,0.025941098,0.06475061,0.5933031,-0.53541964,0.39946514,-0.5003299,-0.09377038,-0.53568774,-0.32265863,0.19815917,-0.37111408,-0.18387423,-0.27797052,0.24955091,-0.07506099,0.051391546,0.14996275,-0.25063908,0.41449648,0.74159545,-0.3612268,0.37665483,-0.11309495,0.8430324
295,-0.12063566,0.19635768,-0.21204121,0.6157917,-0.35821542,0.38572618,-0.42308548,0.024217969,-0.66686666,-0.11528682,0.59614706,-0.7726533,0.563551,0.26426664,-0.05460822,-0.4810374,0.5635713,-0.094557114,-0.19314522,0.6211464,-0.35918912,0.18105856,0.01928525,0.5233799,-0.41686988,-0.14054005,-0.77329403,-0.15360752,0.103561714,-0.5439633
296,-0.54026926,-0.10193634,-0.37187526,-0.43171236,-0.46411273,0.12373319,-0.33355668,-0.071984485,-0.1667655,-0.3125788,-0.18137482,0.24755865,0.36658722,-0.23293865,-0.3939123,-0.19893257,0.23527125,0.20108135,0.09383376,-0.07421019,-0.31649816,0.6092961,-0.29963508,0.017541343,-0.46521446,-0.28166392,0.26573354,-0.31462142,0.55160093,-0.3082779
297,0.29816815,0.5459358,0.022859478,-0.15472944,-0.26701194,-0.0640216,0.43264875,0.20261398,0.4451908,0.31261063,0.22190388,-0.46460816,-0.40588596,0.02830204,-0.4661914,0.41618326,-0.0040323813,0.29966506,-0.024606949,-0.12891683,0.37591916,-0.20067538,0.21237984,-0.6054128,0.3122093,0.58585864,-0.38561448,0.76002336,-0.5044235,0.6121132
298,-0.09369461,-0.12791689,-0.19064365,0.4417594,-0.56510675,-0.15694663,-0.2602121,0.021832129,-0.641208,-0.22356033,0.09237739,-0.6080074,0.4198749,-0.4809958,-0.34209934,-0.2958895,-0.039901942,0.23731925,-0.07618043,0.07626634,-0.5041987,0.6147687,-0.33454433,0.3626765,-0.5226386,-0.4192695,-0.70860314,-0.56240416,0.07326615,-0.28396827
299,0.037678458,-0.13221994,-0.047493607,0.31967348,-0.05406013,-0.06303203,0.10821662,-0.19109814,-0.16331704,0.37535587,-0.055982802,0.080508746,0.023841886,0.40585876,-0.21812157,-0.002791888,0.5086388,0.16418454,-0.34514228,0.30370343,0.19366114,-0.055763286,-0.01935788,-0.063854486,0.12801294,-0.35084268,0.32827264,0.6763543,0.29474342,-0.04342986
300,0.16997276,0.44858828,0.15213335,-0.4562068,-0.03680966,0.39585152,-0.16280203,0.06495708,0.5266498,-0.57031614,0.28361788,-0.37335828,0.17893194,-0.47315663,-0.24002706,0.019115541,-0.34751838,-0.23526716,-0.18146959,0.4749046,-0.292422,0.12978406,0.058900982,-0.27767214,-0.04994081,0.7579529,-0.26896393,0.3484204,-0.03878492,0.8434727
301,0.73760384,0.40234062,-0.20292103,0.6623063,-0.25014064,0.2408468,-0.1565866,0.032448236,-0.642911,-0.11783046,0.5540687,-0.7762985,0.4935215,-0.027623542,0.02570685,-0.3608225,0.48665848,-0.14829178,-0.0958895,0.5122738,-0.30911645,-0.26770768,0.2751357,0.31965804,-0.10667656,0.095092475,-0.77117056,-0.20586367,-0.14403805,-0.4115366
302,-0.6484068,-0.07596358,-0.26462957,0.074308746,-0.5105322,-0.020809252,-0.2647316,-0.04507606,-0.09475303,0.3899295,-0.119234934,0.1375275,-0.051834334,-0.065263726,-0.39578563,0.17497036,0.20237471,0.22183967,0.16794948,-0.10799493,0.08649992,0.6575154,-0.33452123,0.05812537,-0.17572333,-0.541381,0.16057086,-0.18073624,0.6425913,-0.18419963
303,0.017706402,0.46913216,-0.013277943,-0.005913482,-0.13450249,-0.057033665,0.45056558,0.18920739,0.35812312,0.113554254,0.21840273,-0.35847276,-0.23286688,0.016751308,-0.07150315,0.35167915,-0.10660502,0.23324837,-0.04982981,-0.02478791,0.39079115,-0.18915176,0.25081748,-0.53501153,0.3632339,0.50398695,-0.35836506,0.6070904,-0.45824662,0.67240286
304,0.20606376,0.19341807,-0.2792039,0.6479649,-0.17717524,0.24640161,-0.00016394009,0.051184133,-0.6446839,-0.30426615,0.36503437,-0.6962337,0.5415746,0.015453719,0.022876978,-0.41662574,0.5317938,-0.17645954,-0.2861129,0.5308615,-0.29877493,-0.22847019,0.2533958,0.34783307,-0.28196666,-0.48749736,-0.7909632,-0.13005248,-0.47955543,-0.48027575
305,-0.54494447,-0.12773319,-0.27694944,-0.3596301,-0.4524222,0.0736124,-0.36796135,-0.04074986,-0.2242017,-0.16821666,-0.13360739,0.20977336,0.34979624,-0.06879709,-0.5151308,-0.18130492,0.3600382,0.16354151,-0.22788346,-0.031156775,-0.25858545,0.60719216,-0.3294749,0.3393073,-0.043133646,-0.4056892,0.23977207,-0.42207828,0.57583153,-0.42220163
306,0.4310453,0.24387957,0.01601631,0.26091284,-0.018753363,0.035173893,0.30984968,0.0030389193,-0.3767638,-0.00071496837,0.25402832,-0.32956803,0.19090247,0.4682662,-0.26394945,-0.15942898,0.47190574,-0.24990037,-0.30268374,0.38391852,0.20502561,-0.37560543,0.0677292,0.06605067,0.59583956,-0.045669828,0.17036359,0.5227406,-0.17341344,0.4200708
307,0.08563492,-0.14026374,0.044494368,0.3240258,-0.5034339,-0.24586754,-0.18060009,-0.050371006,-0.0074807345,0.16470063,0.0115867,-0.3921651,0.02223319,-0.08654048,-0.4633477,-0.035451833,-0.28525242,0.31290832,-0.026309881,-0.29457384,0.097437926,0.5767922,-0.37404802,0.4185793,0.5488899,-0.2584999,0.19988823,-0.44548526,0.48687086,0.14383285
308,0.45800543,-0.5163671,0.12836342,-0.19069345,0.2588965,-0.27806756,0.17041714,-0.28835484,-0.18907307,-0.16597994,-0.06504737,0.08136585,0.25265145,0.5183903,-0.24270026,-0.20502079,0.46848592,-0.033925436,-0.51679003,0.28311497,0.21390274,-0.16779156,-0.12745322,0.061867204,0.63551664,-0.012085776,0.3471673,0.5929944,0.25110713,0.60740167
309,0.73069537,0.38661987,0.15234517,0.42065302,-0.49515557,-0.22694263,-0.001904819,-0.11714637,0.40875587,0.14428654,-0.31250235,-0.607596,-0.4384401,-0.4198852,-0.53599644,0.105044715,-0.62473935,0.23287587,0.30733958,-0.32535878,0.10736742,0.44538078,-0.24014997,-0.07778891,0.4768314,0.44536936,0.18676384,-0.23352212,0.46221682,0.45813897
310,0.39670798,0.1277781,0.44995353,-0.17742974,-0.3317937,-0.20797507,-0.32953253,-0.084363304,0.19841719,-0.32306162,-0.45786142,-0.3251367,0.14563003,-0.22351508,-0.015858818,0.015502373,-0.06798237,0.25087976,-0.011598648,-0.13245872,-0.16578622,0.36934313,0.03905044,-0.58859885,0.06479198,0.37411478,0.004817629,0.48507392,0.4165915,0.7475779
311,0.39466444,0.0052452288,-0.04032074,0.6137847,-0.256931,0.2438475,-0.324554,-0.17276481,-0.597118,-0.19964525,-0.14362052,-0.67856836,0.5409649,0.27312562,0.054628775,-0.4554617,0.44907513,-0.15944165,-0.21533859,0.6036166,-0.36497107,0.37778482,0.011946321,0.31376126,-0.27350357,-0.5282281,0.16211669,-0.067178,0.42445698,0.012520357
312,0.20165832,0.60633826,-0.057833098,0.15074226,-0.34869763,0.20373413,-0.043012038,-0.01325961,0.6906896,-0.5255732,-0.33145106,-0.58410037,-0.4187174,-0.6097814,-0.2067867,0.5185226,-0.32592848,-0.23581423,0.48486257,0.06956442,0.03251641,0.1665878,0.24092013,-0.7586752,-0.4482441,0.7809669,-0.18378544,0.5387038,-0.23231575,0.80438614
313,0.64312965,0.49694833,-0.1594696,0.67898995,-0.25566703,0.24438556,-0.16977306,0.04829125,-0.7175924,-0.099484175,0.18237679,-0.7281835,0.5521971,-0.02477542,0.104901105,-0.46885398,0.5004262,-0.25724345,-0.07539541,0.6279581,-0.40964863,-0.5082661,0.354299,0.19746386,-0.22673513,0.21723452,-0.8267443,-0.3600868,-0.73305404,-0.33107814
314,-0.53850234,0.45347115,-0.37057486,0.2177627,-0.22821605,0.054055706,0.16148767,0.17532277,0.507899,0.5264383,-0.01926521,-0.5283528,-0.48031792,-0.27640504,-0.042675853,0.4218738,0.15095979,0.11890397,0.22869553,-0.011586902,0.13014108,0.20064615,0.30003524,-0.58670735,-0.32343715,-0.06204908,-0.54018795,0.48769107,-0.16797292,0.11835349
315,-0.74792075,0.39757785,-0.25223476,0.011177591,-0.38524094,0.3225701,-0.32620296,0.13997582,0.41000676,-0.12948358,-0.03881252,-0.57375175,0.16031049,-0.3660238,-0.040626347,0.35370576,-0.06111291,0.22108524,0.024502566,0.33616838,-0.4432222,-0.081737556,0.36238265,0.37912127,-0.3610615,-0.21373966,-0.7471974,0.17124037,-0.70262104,0.39844558
316,-0.81767184,0.43328157,-0.34582114,0.07031877,-0.2848011,0.25174525,-0.15537816,0.21628898,0.48065916,0.27619174,-0.13342835,-0.6196981,-0.32045767,-0.27292848,0.07975085,0.37907416,-0.12648399,0.22127277,0.34464166,0.021975994,-0.26593345,-0.2959583,0.31321934,0.36884886,-0.2917981,-0.28145844,-0.5239044,0.29743585,-0.6695659,0.41027746
317,-0.83588916,0.40687865,-0.33828205,0.072913535,-0.2518167,0.20756158,-0.0909824,0.219527,0.4683732,0.25689012,-0.11182208,-0.5914793,-0.3136579,-0.29373154,0.12469555,0.41845262,-0.1317855,0.20226862,0.35149118,0.07109717,-0.29251385,-0.40577152,0.32382232,0.4124711,-0.38466227,-0.34322125,-0.47617695,0.26764122,-0.7457686,0.43012196
318,-0.76619583,0.08296711,-0.2612688,0.38622117,-0.26901087,0.33853847,-0.29345047,0.061485864,-0.3468795,0.037179153,-0.2566592,-0.6261783,0.36120325,0.53322047,0.06675087,-0.23536141,0.41935122,0.07080005,0.16450913,0.57577837,-0.325074,-0.4379734,-0.0047444836,0.78787374,-0.26812753,-0.76099205,0.4000578,-0.015340649,-0.63269025,-0.029538013
319,-0.53858227,-0.037878964,-0.3328324,-0.43182555,-0.4304444,0.05309908,-0.46795675,-0.1524084,0.01974143,-0.05969053,-0.3030661,0.024017273,0.20967375,-0.36850414,-0.12693977,-0.34754974,-0.36948663,0.22497788,0.63334775,0.020682525,-0.61547285,0.5147458,-0.16511244,0.053627193,-0.736077,0.06804335,0.499016,-0.4960948,0.2909548,0.55879617
320,0.46987697,0.37972122,-0.013805684,0.6236697,-0.12000435,-0.058412686,0.44115198,0.04934752,-0.37887067,0.49598974,0.14569585,-0.50791174,-0.1288947,0.18229996,0.21369514,0.041965384,0.30528367,0.23076452,-0.12737358,0.30237392,0.21514617,-0.6480331,0.28541332,0.22638606,0.36060607,-0.4999726,0.31671506,0.23860842,-0.55759585,0.13250877
321,-0.3459633,0.26971942,-0.040405903,-0.19680734,-0.039428465,0.2450222,-0.16878136,0.10300488,0.46724004,-0.2807955,0.1522769,-0.349731,0.12130777,-0.34200007,0.031420954,0.12391097,-0.13273685,0.058699444,-0.22004652,0.5067811,-0.39869606,0.12521271,0.06361962,-0.06870814,-0.42393276,0.4822076,-0.13254124,0.20730644,-0.13062048,0.70705384
322,-0.57798076,-0.07841289,-0.14678663,0.34530488,-0.55408114,-0.1389952,-0.41717598,0.00097605167,-0.33646622,-0.01286033,-0.13282982,-0.54851377,0.29811737,-0.3707988,-0.064455666,-0.12541287,-0.21419212,0.28145176,0.108837225,-0.2184427,-0.4468137,0.49672088,-0.31251663,0.51332474,-0.45363265,-0.4843748,-0.0880431,-0.5359928,0.30014548,-0.051583227
323,0.0051618963,0.1375449,-0.008012322,0.5274116,-0.041779593,-0.078776896,0.34513402,-0.026163979,-0.20578115,0.530595,0.12102653,-0.3542427,-0.1346386,0.25832894,0.23077744,0.038781047,0.32026136,0.20156226,-0.212325,0.2151404,0.25085878,-0.442376,0.14489123,0.07440958,0.13374531,-0.4297758,0.3067113,0.5943329,-0.30572563,0.27112833
324,-0.096825935,-0.03479558,0.0043192813,0.29659477,0.27009434,0.33128595,-0.16964461,-0.21090108,-0.38976023,-0.3720069,0.18011035,-0.22232093,0.5879869,0.45847723,0.055744957,-0.6132624,0.4175734,-0.276806,-0.55794835,0.7245619,-0.35933498,0.07259624,-0.055247247,0.6232289,-0.18440555,-0.23261371,0.4633203,-0.05573172,0.18234342,0.431475
325,0.49010384,0.5812143,0.04372255,0.3127942,-0.31673568,0.13114218,0.23235074,0.0727303,0.67194664,-0.26776633,0.12555824,-0.59876245,-0.43546247,-0.48180085,-0.22990027,0.44305092,-0.31228286,-0.2011914,0.124638006,-0.0248916,0.11620984,-0.022986209,0.29253617,-0.519866,0.6783634,0.76622546,-0.35492468,0.47455573,-0.3444568,0.70923156
326,-0.5553154,-0.08518561,-0.15994672,0.3662588,-0.66310316,0.078381464,-0.6308784,0.01560746,-0.6404897,-0.14814939,0.08646902,-0.68030006,0.4952641,-0.47745878,-0.3148415,-0.3880924,-0.27863422,0.34547257,0.023185294,0.11876515,-0.61226976,0.55832976,-0.41158682,0.5127849,-0.6249088,-0.043888,-0.789818,-0.6021878,0.16417249,-0.28960505
327,-0.39651617,0.50684166,-0.13874876,0.19830346,-0.18423077,-0.03281004,0.40594482,0.24264446,0.35367784,0.6570207,0.08972858,-0.37728384,-0.46282563,-0.020536272,0.09911972,0.33624268,-0.058156032,0.34182945,0.12004895,-0.057294004,0.36274624,-0.14499776,0.27687827,-0.59307325,-0.11395419,0.25329098,-0.31142527,0.6876696,-0.3944436,0.4695496
328,-0.23996466,0.117065206,-0.19123578,0.59073555,-0.07576835,0.21602605,0.05479623,0.06971613,-0.5686902,-0.14778993,0.1527988,-0.6010775,0.5042272,0.24226141,0.1158373,-0.35107145,0.51219314,-0.18381655,-0.2882676,0.5663718,-0.3189059,-0.48779702,0.253899,0.42506254,-0.2191759,-0.63052684,-0.6789837,-0.18356587,-0.64846194,-0.29212305
329,-0.4218524,0.21338947,-0.3915667,-0.30281627,-0.14684437,0.25959596,-0.14853725,0.08704939,0.4587159,-0.40656367,-0.05077713,-0.23026237,0.07261679,-0.43775666,-0.1549387,0.35215232,0.3808076,-0.13831794,-0.2920298,0.3815222,-0.3151131,0.3680031,0.048712783,-0.32824656,-0.23265593,0.41022715,-0.1825786,0.3403256,0.16738527,0.013555373
330,-0.56927794,0.11936546,-0.2153483,0.41916814,-0.34937564,0.3763229,-0.3554856,-0.03831493,-0.49237552,-0.09057306,-0.15366195,-0.42486313,0.54402184,0.53736234,-0.12660772,-0.37619248,0.5963448,-0.16194166,-0.15591143,0.59404,-0.28325203,0.30542347,-0.045886993,0.58064115,-0.021461664,-0.46673942,0.41182327,0.1250547,0.40670007,-0.18786843
331,0.019496365,0.21839888,-0.03253311,0.12670317,0.0059469524,0.42617851,-0.20799953,-0.15476494,-0.35469773,-0.5750278,-0.21498787,-0.17090774,0.6897955,0.33704436,-0.15119372,-0.6583597,0.4818941,-0.50811356,-0.10063849,0.6868275,-0.33356443,0.23863304,-0.055840738,0.07426458,-0.095489964,0.6141198,0.37987834,0.2511813,0.24444686,0.539501
332,0.7091947,0.7025941,-0.028277818,0.7079346,-0.23460208,0.016615486,0.36003658,-0.23072018,-0.1126784,0.40503427,-0.12406128,-0.8206238,-0.21267939,0.1613678,-0.009636378,0.21322022,-0.08151208,-0.17319614,0.28652257,0.046786528,0.09236911,-0.52156353,0.47455814,-0.20662808,0.70347196,0.23188367,0.32151166,0.3302526,-0.3443553,0.067244194
333,-0.5812349,0.45067635,-0.2982761,0.12703776,-0.26821062,0.04164142,-0.046913717,0.10182767,0.5312428,0.5561341,-0.06430768,-0.55623376,-0.4148242,-0.37828287,0.077139616,0.39394855,-0.21577942,0.17739008,0.44333208,0.025195094,0.02366436,-0.0005774259,0.2426954,-0.55904776,-0.54194313,0.04322845,-0.14036308,0.41194728,-0.2897387,0.56067765
334,-0.76794696,0.4223688,-0.16478099,0.13184524,-0.38434854,0.25837964,-0.3021791,0.13299376,0.3941346,-0.078450166,-0.027355907,-0.5826191,0.16961138,-0.385111,0.09003407,0.36909366,-0.1282162,0.23834991,0.0764699,0.34537506,-0.47194564,-0.30416727,0.4599451,0.42434463,-0.38901466,-0.18928711,-0.6431266,0.05058072,-0.80708045,0.44338706
335,-0.8048955,0.1747742,-0.2896911,0.4394394,-0.25250402,0.2577947,-0.16273126,0.018759498,-0.18659383,0.32585138,-0.20903668,-0.68591946,0.05963971,0.4484691,0.10749558,-0.04454529,0.28208125,0.1256003,0.24426666,0.37405044,-0.20463899,-0.5760345,0.078904174,0.7230544,-0.14704515,-0.7051585,0.22353137,0.118469395,-0.589709,-0.038421173
336,-0.56512576,-0.13530727,-0.17141552,-0.35893065,-0.36819142,0.019754535,-0.5186054,-0.050572045,-0.27908418,0.13832481,-0.13121669,0.06919738,0.3980996,0.071202725,-0.12051353,-0.45578015,-0.23013404,0.2850926,0.37282535,0.18360744,-0.6880985,0.38843712,-0.20858884,0.5408718,-0.55816084,-0.08869165,0.4073473,-0.51782835,0.36253077,0.41222873
337,0.586667,0.308716,0.010403549,0.59997916,-0.054688785,-0.067311116,0.4742308,0.062326264,-0.32856077,0.5155576,0.18543167,-0.50341487,-0.08016886,0.21446584,0.19299538,0.0135540385,0.26176742,0.15405987,-0.21602164,0.26277018,0.25548825,-0.6119661,0.25206098,0.17119297,0.21386534,-0.44768628,0.22879286,0.36415222,-0.46231368,0.22678456
338,-0.28631613,0.34210035,-0.14849953,-0.09362764,-0.109259054,0.14424016,-0.12033121,-0.012778723,0.5827747,-0.29429254,-0.04607553,-0.45591736,-0.23975468,-0.5706172,0.031187674,0.30980745,-0.25869557,0.055579856,0.099489614,0.258136,-0.18637043,0.1330553,0.13779324,-0.4258549,-0.6085232,0.46195257,-0.048510574,0.30088934,-0.15916848,0.77344453
339,-0.17666754,0.25915033,-0.15995476,0.6186163,-0.22732428,0.21400106,-0.09631066,0.027753217,-0.55237806,-0.09851226,0.10510214,-0.69240224,0.4724688,0.22657701,0.12138458,-0.3053326,0.47568345,-0.12175973,-0.1439179,0.55325156,-0.3229106,-0.5921157,0.30484676,0.43735927,-0.16390374,-0.48300904,-0.38098365,-0.22637281,-0.631899,-0.21473548
340,-0.49643117,0.26078925,-0.31115034,-0.17337446,-0.23176916,0.19729261,-0.15801258,0.12687768,0.46541634,-0.16230504,-0.0052867564,-0.33871624,-0.064432606,-0.32990608,-0.061231144,0.42474383,0.24835941,0.008733514,-0.0015316684,0.32729056,-0.2708607,0.27597535,0.072412334,-0.39592028,-0.2746286,0.4039945,-0.18367325,0.37684435,0.020572742,0.3245336
341,-0.70477104,-0.0107179945,-0.16154891,0.22402091,-0.58635587,-0.04633146,-0.40686718,0.015536744,-0.2703023,0.0012521411,-0.19404033,-0.49310946,0.26645023,-0.27502713,-0.15777922,-0.07183966,-0.2020872,0.28919882,0.13791583,-0.22202158,-0.3910687,0.50548786,-0.30299014,0.5067295,-0.40537456,-0.51982206,-0.057521954,-0.522572,0.27835974,0.011758765
342,-0.222011,0.42451015,-0.0049742693,-0.002963442,-0.25017634,-0.15348533,0.373602,0.24702168,0.39396626,0.51956224,0.10884806,-0.43576148,-0.42358464,0.031560466,-0.027981421,0.313717,-0.09193665,0.45480007,0.12874183,-0.14575157,0.37582186,-0.1918727,0.20304434,-0.6096433,0.12602204,0.44433907,-0.28927344,0.74944234,-0.45186442,0.5715118
343,-0.43164682,-0.21041574,-0.13028382,0.35830322,-0.5168969,-0.20539562,-0.18812594,0.024294749,-0.57207125,-0.15324995,-0.025870617,-0.5319042,0.40665686,-0.43444484,-0.18386617,-0.2843785,-0.055231787,0.23895898,-0.07423887,0.09316948,-0.4995962,0.4824115,-0.2876531,0.42174253,-0.50633353,-0.539604,-0.6440874,-0.56634814,-0.09820908,-0.19421591
344,-0.15371025,0.4074033,-0.053997725,0.030243268,-0.12310093,-0.05995746,0.40777233,0.22135557,0.38113064,0.4117607,0.12632705,-0.3536203,-0.38937178,0.0041468404,0.023177937,0.3465891,-0.010404883,0.2670116,-0.011977791,-0.046274867,0.34977415,-0.107277334,0.23278247,-0.5889285,-0.03851813,0.41891962,-0.28545374,0.6514645,-0.38293338,0.55124307
345,-0.17139874,0.47762704,-0.24591415,0.29990044,-0.23976164,0.21088003,0.06179345,0.09364887,0.1643891,-0.30404615,0.20716657,-0.56425315,0.24133292,-0.5785342,0.033272482,0.3472402,0.02506907,0.023725284,-0.113980785,0.38359675,-0.4350553,-0.198185,0.4960591,0.06772145,-0.49101594,-0.2571232,-0.87633204,0.014693097,-0.7760133,0.17431623
346,-0.7471306,0.45270053,-0.47155276,0.03305852,-0.33424696,0.27798656,-0.14964727,0.13320947,0.52175784,0.2201927,-0.1381879,-0.64103764,-0.32445267,-0.40599403,-0.011380736,0.4103934,0.04707904,0.17489387,0.26121628,0.04609388,-0.22642414,0.051220372,0.3298416,0.016457532,-0.42369467,-0.42324892,-0.7609266,0.36807284,-0.4487131,0.24682279
347,-0.828204,0.44067273,-0.33124915,0.0656754,-0.2651812,0.23817086,-0.09936409,0.18915676,0.46477225,0.1275936,-0.090178594,-0.5745307,-0.24024287,-0.26303777,0.09979927,0.41016808,-0.054725323,0.2006097,0.23592608,0.083261035,-0.28173047,-0.31798303,0.35093537,0.36565128,-0.31450832,-0.3891278,-0.64957136,0.24098565,-0.6998533,0.40462294
348,-0.80458957,0.15009955,-0.3346918,0.4189598,-0.18503505,0.25827166,-0.12742195,0.02396354,-0.19123217,0.28280768,-0.18679678,-0.6071874,0.078906685,0.45295495,0.1132891,-0.044818997,0.3121048,0.081383154,0.18116204,0.38427138,-0.20786037,-0.5685507,0.06607626,0.71328634,-0.22519928,-0.7432114,0.16069634,0.11784761,-0.55440897,-0.05457633
349,-0.54365474,-0.08505559,-0.32291964,-0.3676216,-0.3569688,0.003581766,-0.47427684,-0.13416916,-0.10039959,0.05672716,-0.21702732,0.078363374,0.22006755,-0.18689914,-0.073133424,-0.34621415,-0.31527382,0.221116,0.52835965,0.028982714,-0.630223,0.4321245,-0.17500016,0.22054672,-0.67019516,-0.07954856,0.47007146,-0.51091015,0.30187786,0.4852588
350,0.03121155,0.013583266,-0.0036166129,0.4977597,-0.38569874,-0.19065462,0.35247,0.03462452,-0.24766022,0.72838706,0.06313416,-0.40289605,-0.21370567,0.012767802,0.11644139,0.1536743,-0.1924057,0.36353302,0.022178676,-0.23236041,0.47797483,-0.15303072,-0.19444343,0.2600983,0.29851323,-0.43126547,0.17919712,-0.16696203,-0.106208466,0.101237215
351,0.07511523,-0.23397292,0.15177432,0.1986023,0.30627963,0.095663324,-0.08001225,-0.33506536,-0.25653192,-0.32480896,-0.26701647,0.07817933,0.40126616,0.5231175,0.10222156,-0.35187718,0.3737123,-0.12642992,-0.5217094,0.55439377,-0.13869543,-0.05713746,-0.05166808,0.30329958,-0.102413714,-0.30812332,0.47131467,0.24368419,0.21991105,0.5586306
352,0.5751974,0.49673083,0.093919754,0.49352637,-0.4903868,-0.13174611,-0.13821995,-0.11186898,0.48616,0.051957138,-0.5352824,-0.6044356,-0.49514732,-0.45330197,-0.4124335,0.21224517,-0.6409745,0.14414318,0.46486008,-0.2616854,0.08370142,0.41396576,-0.14340337,-0.3145601,0.12201951,0.6223933,0.28520924,-0.2550414,0.395083,0.45636746
353,0.23748899,-0.14356256,0.07041207,0.53869456,-0.28725797,-0.045094233,-0.3774372,-0.5031583,-0.5169685,-0.11924911,-0.6170747,-0.3324052,0.54649496,0.39376327,0.039781827,-0.37267658,0.43031806,-0.028375432,-0.16703056,0.5166973,-0.34721363,0.42902115,-0.04969777,0.096188344,-0.06479596,-0.54085547,0.7097496,0.07947431,0.5387537,0.41587985
354,0.23023382,0.25856376,0.07513533,-0.052249625,-0.5529963,-0.07455673,-0.4599299,-0.044784207,0.05349622,-0.44932783,-0.306915,-0.5177997,0.3072153,-0.23366632,-0.55779475,-0.26322964,-0.52544343,0.112763934,0.37847206,-0.13627845,0.025314279,0.48047206,-0.31363276,-0.119461514,0.57286257,0.74840283,0.1890654,-0.40193313,0.3350311,0.71677184
355,0.86262184,0.017933683,0.15431784,0.65671825,-0.25632206,-0.16438615,-0.27267405,-0.20677535,-0.5343079,0.053277306,-0.13437992,-0.63454574,0.31263816,0.27576417,-0.015692092,-0.2646797,0.41464043,-0.029762369,-0.13882312,0.35416126,-0.15641683,-0.051356833,0.0151157435,0.2752575,0.68600893,-0.43329787,0.55265623,-0.12139584,0.30065095,0.29165724
356,0.4071651,0.56385756,0.087254785,0.104281604,-0.22746056,0.16821685,0.120538756,0.083182745,0.60966355,-0.30218598,0.1759367,-0.5192173,-0.0982604,-0.3314553,-0.08611279,0.27414933,-0.47134927,-0.044385422,0.09946236,0.32973114,0.10352567,-0.18690978,0.1643586,-0.5760734,0.273127,0.74558145,-0.3051184,0.5050227,-0.2918358,0.899542
357,0.69387466,0.39302173,-0.24016482,0.6788405,-0.25022033,0.22833884,-0.06480255,0.04279969,-0.68886167,-0.24689555,0.48954317,-0.74935055,0.55010504,-0.10905059,0.047899466,-0.4281251,0.49829203,-0.15133552,-0.13768463,0.51705414,-0.30250973,-0.43598634,0.3234516,0.25657845,-0.11127542,0.034266155,-0.8348244,-0.181661,-0.4917883,-0.4653762
358,-0.5321549,0.3635991,-0.4063297,0.11623597,-0.2345849,0.09024028,0.0786458,0.14481892,0.4730946,0.2241902,-0.008954818,-0.40801474,-0.40473312,-0.3145322,-0.10624933,0.45670962,0.270006,0.0699926,0.077710964,0.025911424,0.10372454,0.35594562,0.2368702,-0.5686271,-0.3258246,0.00956063,-0.5009055,0.49013254,0.100448884,-0.06582127
359,-0.67601097,0.45409086,-0.3075643,0.057542805,-0.27430514,0.2406642,-0.07080882,0.13909946,0.41573057,-0.18626216,-0.009973417,-0.51410663,0.0041046008,-0.3741523,0.021754311,0.39066848,0.012512244,0.11118581,0.035927624,0.1893409,-0.3025514,-0.08461333,0.3796503,0.05047397,-0.29225,-0.16591801,-0.69846034,0.20360428,-0.54701805,0.43404913
360,-0.8278472,0.029617405,-0.23206314,0.09780761,-0.59450436,0.036774777,-0.4119153,0.010130268,-0.035910893,0.2996668,-0.22233035,-0.48193341,0.024139976,-0.1850072,-0.1449172,0.028794354,-0.13823251,0.28939193,0.28055325,-0.20726484,-0.35888383,0.4054984,-0.32340968,0.6617377,-0.42247587,-0.69101155,-0.049711753,-0.4518469,0.10941172,-0.012858505
361,-0.62692225,-0.28061283,-0.051326886,-0.07791389,-0.5232747,-0.34760237,-0.1279511,-0.0041872296,-0.07740815,0.68447214,-0.1877431,-0.053986844,-0.23225668,0.12319054,-0.29377025,0.09222291,-0.14314042,0.4698782,0.264303,-0.3063291,0.41467494,0.2703561,-0.33559266,0.07900228,0.23029092,-0.26137927,0.26621303,0.12523565,0.29378214,0.1928035
362,-0.08711505,-0.57527596,0.08908836,-0.6031551,-0.29601967,-0.7485485,-0.21460229,-0.04135172,-0.08845747,-0.16080199,-0.4369539,0.3751416,0.1427474,0.1690061,-0.46785936,-0.09704088,-0.13718992,0.53729177,-0.1920321,-0.5312539,0.18019652,0.39728007,-0.43295282,0.3672321,0.20555852,-0.24620867,0.29161373,-0.30202127,0.44858757,0.35837907
363,0.6343375,-0.3165241,0.0806163,-0.83130276,0.19970435,-0.60026777,0.5561021,0.27241993,0.32976538,-0.38571563,0.3082936,-0.39198694,-0.20822304,0.0037813012,-0.52854025,0.14716874,0.01943087,0.11372125,-0.3695378,-0.47263324,0.35217774,-0.088886835,0.058737885,-0.5546865,0.6152864,0.58467036,-0.46183446,0.5586611,-0.44486794,0.82484037
364,0.89285904,-0.06516118,-0.09407873,0.67169636,-0.1407977,0.27382684,0.2326834,0.12842324,-0.6288523,-0.20443004,0.6052515,-0.7202795,0.4097203,-0.07428547,-0.20250204,-0.3848355,0.5316388,-0.23521052,-0.2158209,0.5209506,-0.31809965,0.0091824215,0.30936304,0.32565233,-0.14449836,-0.6271849,-0.84467846,-0.20827948,-0.37118,-0.5279021
365,-0.48963442,-0.17198305,-0.19113794,-0.44272333,-0.3471134,0.08975695,-0.3360283,-0.04467665,-0.27286226,-0.30980366,-0.13294464,0.2373658,0.41772363,-0.04677834,-0.5981942,-0.31043893,0.423514,0.12321806,-0.5026292,0.015855882,-0.2557974,0.5894664,-0.34512064,0.38990763,-0.05602825,-0.32723716,0.2126392,-0.41389185,0.5688995,-0.5891404
366,0.30060074,0.3779874,0.10005196,-0.74173456,-0.054349564,0.18361591,0.19393425,0.15366893,0.4377042,-0.30465952,0.21668634,-0.3321435,-0.065152,0.0069580697,-0.6002117,0.26166078,-0.044573903,-0.18755881,-0.24292813,0.11076834,0.2510759,0.12639156,0.01611053,-0.5598365,0.44794452,0.6998644,-0.3399596,0.679749,-0.14668798,0.6565109
367,0.76910514,0.70675516,-0.26683426,0.4855188,-0.2679579,0.21073075,-0.03573185,0.10602941,-0.008467586,-0.24102452,0.4719242,-0.69950646,0.19342995,-0.5919555,-0.16117547,0.32111767,0.04421859,0.04436645,-0.05705387,0.24144104,-0.40934175,0.26550877,0.5497226,-0.13502988,-0.43101376,0.10347737,-0.9179399,0.035440285,-0.5340562,-0.16377017
368,-0.49361244,0.2972139,-0.6107726,0.44449204,-0.32134187,0.22166672,-0.08849209,-0.18263157,-0.08736644,0.22112854,-0.09001246,-0.47605088,0.11227829,0.38301042,-0.0072357454,0.017807478,0.5583763,-0.0025839596,0.05708429,0.23931745,-0.08790493,0.619371,0.042677052,0.08971772,-0.20801972,-0.7140611,-0.6071472,0.35953814,0.590323,-0.4722922
369,-0.2901571,0.023437109,-0.15289989,-0.06004179,0.14705487,0.30160847,-0.19616827,-0.08485641,-0.46238655,-0.284406,0.019610038,0.1477703,0.6432582,0.64078283,-0.046940815,-0.5144809,0.6804951,-0.3696197,-0.18865636,0.62764066,-0.3377196,0.17782873,-0.06460738,0.24407674,-0.016235827,0.084569566,0.3127658,0.34122863,0.3151096,0.050433308
370,0.50955147,0.60668826,0.04642055,0.54475206,-0.3154144,0.1689222,-0.025709815,-0.23909944,0.25469097,-0.15156864,-0.2686278,-0.46376175,-0.33519995,-0.00997852,-0.18662517,0.15351275,-0.06473537,-0.50828695,0.40623915,0.2126829,0.011927643,-0.27704462,0.20133719,-0.4238995,0.08993681,0.671042,0.29151765,0.50274014,0.011703253,0.41055784
371,-0.23724492,0.3938293,-0.50841516,0.6135431,-0.3965962,0.13879809,-0.12730673,-0.3704206,0.049052384,0.46558118,-0.26625165,-0.77322745,0.061194714,0.047009446,0.034304097,0.114949465,0.030996801,0.03818105,0.6389227,0.3171299,-0.0867182,-0.05453994,0.13303053,-0.16126463,-0.44449908,-0.31458667,0.35552695,0.36947596,0.24917056,0.008013707
372,-0.549913,0.065502726,-0.104720436,0.393157,-0.13601671,0.13483235,-0.2658814,-0.12852994,-0.366602,0.24377827,0.019733364,-0.31744373,0.4376032,0.5588777,0.10421348,-0.1627005,0.4279046,0.08126301,0.16650037,0.5659793,-0.23233034,-0.23570178,-0.021544136,0.36345288,0.13724591,-0.4858694,0.51245975,0.29335558,0.1478321,0.34616038
373,0.11025228,0.3141309,-0.029879559,0.5389731,-0.15484032,0.19620673,-0.18965007,-0.31794575,-0.09794306,-0.16374448,-0.19989185,-0.46530566,0.19550568,0.11863223,0.038810395,-0.29450366,-0.14201893,-0.19808818,0.4641483,0.48277095,-0.17816739,-0.31706908,0.03865175,-0.1637331,-0.4227371,0.17084311,0.5249713,0.2885043,0.104231715,0.7435313
374,-0.5274314,0.6308816,-0.15333694,0.36986604,-0.21160087,-0.0050520115,0.17050794,0.15809983,0.5660576,0.68417287,-0.035398226,-0.6523011,-0.4564403,-0.2869365,0.121526875,0.4086926,-0.4717086,0.23161873,0.58668566,-0.05106346,0.12648319,-0.504358,0.38888514,-0.6327532,-0.122701496,0.109784275,0.054120213,0.4376089,-0.5142334,0.5344192
375,-0.7797266,-0.057513107,-0.11481047,0.1391514,-0.68060577,-0.097666524,-0.55420935,0.02603483,-0.39990422,-0.02581394,-0.20855337,-0.57717556,0.45500526,-0.24799858,-0.11924146,-0.23648681,-0.22838557,0.38034123,0.06958112,-0.024253286,-0.57070553,0.38860446,-0.29095873,0.60755515,-0.5560088,-0.6291748,-0.16605662,-0.59309024,-0.28865904,-0.010469845
376,-0.39249843,0.38318896,-0.034865286,0.024051534,-0.25276998,-0.12763084,0.33313778,0.25513613,0.39747372,0.6221243,0.07861432,-0.42759615,-0.45419422,0.032202043,0.012588006,0.33124912,-0.11763615,0.45772317,0.16482915,-0.101409614,0.36219317,-0.18227048,0.20746943,-0.5817791,-0.13580558,0.36867467,-0.23383991,0.711372,-0.4609768,0.54722255
377,-0.052607585,0.06858062,-0.15708508,0.61338526,-0.09232452,0.21639465,0.0951047,0.08692988,-0.5833203,-0.15161633,0.24184325,-0.6196688,0.48635134,0.1900228,0.0969837,-0.3657603,0.51489645,-0.18141776,-0.26878515,0.5686534,-0.32254,-0.5023108,0.27427778,0.40386167,-0.20079982,-0.6015793,-0.69030225,-0.20523095,-0.70067656,-0.33342823
378,-0.5299722,-0.12309951,-0.28909174,-0.41363022,-0.39187232,0.11822011,-0.36567435,-0.051822804,-0.22469056,-0.27968732,-0.15066972,0.19011039,0.42088225,-0.19472615,-0.47229046,-0.32496724,0.31577697,0.1523247,-0.28184143,0.041868486,-0.38502705,0.59377617,-0.3097123,0.4479749,-0.19858135,-0.37504485,0.2863247,-0.49249813,0.51823616,-0.39694673
379,0.5349756,0.29802325,0.015108202,0.3518243,-0.03559351,0.011197957,0.36997837,0.011265298,-0.38558972,0.080906145,0.26136,-0.39842516,0.13639681,0.43313122,-0.23128635,-0.12220639,0.4781232,-0.23941869,-0.3071152,0.36091664,0.22317423,-0.4229144,0.10117897,0.093861066,0.55802935,-0.13352247,0.14267887,0.49948585,-0.2377457,0.3648764
380,0.08801202,0.09573394,-0.021351574,0.46649387,-0.46394703,-0.15035585,-0.105363965,-0.10753685,0.24918124,0.50156754,-0.14952184,-0.49951637,-0.330786,-0.29565036,-0.34144136,0.14474903,-0.41377753,0.2391371,0.29177287,-0.2147464,0.13331643,0.53798884,-0.21252036,0.024022743,-0.046445977,-0.3168944,0.2833382,-0.37557885,0.43457097,0.14184101
381,0.27952263,0.28921226,0.08492945,-0.084196806,-0.10383791,-0.26979014,0.35805675,0.20533599,0.31283832,0.03588731,0.12997954,-0.40519404,-0.14702131,0.0016793597,0.1062907,0.19251387,-0.12380971,0.33708718,-0.108043596,-0.17444423,0.35046968,-0.11815322,0.18699668,-0.5443897,0.28367338,0.4485022,-0.23809439,0.54398465,-0.31940046,0.6963003
382,0.21118979,0.036074147,-0.27962244,0.63816434,-0.12822336,0.2560839,-0.0024627165,0.020063892,-0.6098389,-0.35350737,0.3352978,-0.6805194,0.52903473,0.04262018,0.040268186,-0.45004877,0.52562934,-0.18576732,-0.33660048,0.53659993,-0.2981758,-0.094767384,0.22184403,0.36217502,-0.34588286,-0.59332436,-0.707763,-0.09653743,-0.26004413,-0.50503093
383,-0.3798671,0.23049696,-0.35782474,-0.36025757,-0.16168188,0.26300022,-0.122980356,0.07304354,0.4324218,-0.46212882,-0.030711036,-0.17774403,0.18499148,-0.40626964,-0.22932218,0.38119265,0.47848216,-0.24524201,-0.36619744,0.37863636,-0.24792702,0.40773633,0.05478628,-0.48731405,-0.13430063,0.48158187,-0.21270607,0.4249131,0.24528192,-0.30380276
384,-0.6426901,-0.08952468,-0.12191313,-0.2698871,-0.7228562,0.21246295,-0.5992321,-0.009480236,-0.39507514,-0.12765,-0.2624319,0.020207707,0.47499034,-0.0961293,-0.5703825,-0.33398047,-0.15572572,0.29398707,0.11227859,-0.23756112,-0.37180054,0.59344673,-0.38610107,0.4960353,-0.30930057,-0.14541088,0.29222548,-0.44852784,0.6413092,-0.038631257
385,0.056209605,-0.3278149,0.044421054,-0.097900204,-0.6270376,-0.43258202,0.05590366,0.01711295,-0.111302614,0.6194968,-0.12814462,-0.21928298,-0.15213627,0.11971726,-0.658751,0.055253237,-0.1733569,0.54071635,0.084760934,-0.4541854,0.44310117,0.39635924,-0.40987855,0.09489812,0.5137563,-0.16350472,0.2275335,0.09286707,0.41357175,0.22298054
386,0.34765807,-0.691108,0.14163265,-0.7753326,-0.21033683,-0.8176987,-0.1444979,-0.10119059,-0.059818372,-0.35361215,-0.50888276,0.5159796,0.13551228,0.20987973,-0.7023433,-0.078024864,-0.09182217,0.5744844,-0.30217832,-0.6812606,0.2625302,0.4356162,-0.47695214,0.14583172,0.3923209,-0.04272429,0.27413908,-0.086258695,0.5825734,0.45247874
387,0.6872592,-0.7830562,0.073276475,-0.8947577,0.14362147,-0.86953837,0.31823498,-0.0538267,-0.10996226,-0.41256994,-0.4167348,0.42543578,0.0830279,0.11632863,-0.8264157,-0.1022624,-0.07806463,0.22562784,-0.3181025,-0.7819968,0.34787473,0.5270503,-0.5225442,0.016492652,0.694654,0.23704088,0.11950061,-0.33521065,0.4538016,0.58739793
388,0.73791254,-0.7520398,0.10273771,-0.92825836,0.27137575,-0.8748109,0.19452909,-0.09931784,-0.13038701,-0.50101167,-0.5229795,0.49199936,0.13293149,0.025461335,-0.8601189,-0.18775055,-0.17425582,-0.32879934,-0.34488237,-0.8002675,0.2844319,0.59110093,-0.54851955,0.018437488,0.7257088,0.43719727,0.070623435,-0.3831608,0.44319305,0.70213693
389,0.8599425,-0.5026775,0.08568633,-0.94584,-0.04931023,-0.8241486,0.4469945,-0.07501397,-0.19955178,-0.38181093,-0.42357177,0.21364869,0.11801132,-0.2313309,-0.84815264,-0.15143113,-0.26929313,-0.43843794,-0.18568218,-0.77276546,0.27091968,0.60543007,-0.5332298,0.10507399,0.83919054,0.263999,-0.22075023,-0.5402616,0.2976406,0.6550577
390,0.79583067,-0.7143571,0.119599715,-0.92431617,0.09501291,-0.88611436,0.043574717,-0.10937923,-0.18047713,-0.42203048,-0.51903653,0.5078628,0.19396412,0.06922669,-0.86286455,-0.2219079,-0.1840396,-0.47833166,-0.35137635,-0.79917175,0.28410557,0.63136446,-0.569785,0.09329354,0.74614716,0.44798902,0.050047122,-0.40123674,0.49794593,0.658814
391,0.8189761,-0.71468544,0.08886305,-0.9322976,0.14056431,-0.88517845,0.2134272,-0.098766014,-0.20395026,-0.39470762,-0.4428698,0.39532194,0.1794822,0.02635623,-0.8682338,-0.22950631,-0.21348964,-0.55430037,-0.3242998,-0.815787,0.31365627,0.61136746,-0.5819963,0.08890071,0.7806725,0.46590328,-0.022115724,-0.4607958,0.42252854,0.6858084
392,0.86208004,-0.16328873,0.11242727,-0.96755743,0.32657802,-0.4855887,0.5891029,-0.2505895,-0.33623156,-0.3373306,0.07493158,0.024818752,0.25968352,0.3592322,-0.66065854,-0.26162887,0.4653535,-0.8092695,-0.42978558,-0.05290602,0.14840403,-0.28171763,-0.05134298,0.08873577,0.8633808,0.09999226,-0.25769195,0.11734522,-0.22360706,0.7941632
393,0.93732065,0.6217913,0.15577872,-0.07997543,-0.30940014,0.050222527,0.27097252,-0.31716213,0.12643953,0.16001576,-0.035292745,-0.712398,-0.31481358,0.28196037,-0.5690144,0.06385671,0.2017621,-0.37934694,-0.34665146,-0.01331015,0.05312085,0.030595649,0.25364438,-0.014148185,0.8118792,0.010423895,-0.36286974,0.39654872,0.29167354,0.08572794
394,0.17392705,0.046869516,0.1532822,0.35121745,-0.04934623,0.31915522,-0.15120584,-0.2490065,-0.38421777,-0.1286075,0.1862492,-0.07716261,0.43318698,0.5821637,-0.4177194,-0.37387252,0.65736336,-0.2685667,-0.5781995,0.5429446,-0.06805082,0.47765452,-0.13857369,0.40830848,0.452603,-0.26267573,0.27344066,0.43350717,0.64179105,-0.28229266
395,0.45158255,0.28539595,0.10322657,0.20547514,0.10363633,0.45048088,-0.13879393,-0.15922134,-0.27367604,-0.63951635,0.20379701,-0.1289691,0.57768804,0.19731921,-0.3554851,-0.7029243,0.39544845,-0.644725,-0.6070365,0.68512523,-0.19043183,0.32394636,-0.07937094,0.3415025,0.38779736,0.75452334,0.27999064,0.26487565,0.28772524,0.33977908
396,0.5982795,0.07610316,0.04110348,0.56136817,-0.57886344,-0.21067895,0.20833679,-0.075343326,0.0049759834,0.32906824,0.023740824,-0.4898459,-0.07787727,0.026739424,-0.50104296,0.10093656,-0.24297568,0.27751654,0.072035305,-0.3282541,0.21849522,0.61694974,-0.3431277,0.24898851,0.7793538,-0.06940826,0.12141783,-0.28077492,0.519468,0.028223034
397,0.39168152,-0.54204255,0.1515707,-0.6601421,-0.27332285,-0.59183663,-0.24708386,-0.12129533,-0.15208887,-0.26487955,-0.464579,0.16540249,0.203805,0.15342711,-0.45864797,-0.2007706,-0.28046116,0.4207784,0.019662283,-0.56141084,0.3038606,0.49772602,-0.3869864,-0.10440223,0.4930109,0.28608423,0.26578885,-0.1033541,0.54302955,0.5266501
398,0.78144765,0.13585824,0.08554857,-0.77599484,0.00269672,-0.45913166,0.6496626,0.23562536,0.27212605,-0.31190795,0.4530071,-0.46646535,-0.10910072,-0.21354952,-0.35225758,0.12523793,-0.060373265,-0.24335423,-0.23709868,-0.3981092,0.3361044,-0.17505237,0.23802438,-0.44415665,0.73537564,0.5370307,-0.5791824,0.36233494,-0.5312821,0.8317992
399,-0.30742988,-0.3463018,-0.12854,0.21824689,-0.6120452,0.050700914,-0.5304306,0.036094107,-0.6723997,-0.18371879,0.28981692,-0.5963766,0.426489,-0.47816095,-0.48099506,-0.4086122,-0.011558119,0.30689153,-0.1570341,0.16622388,-0.6376327,0.61762947,-0.44044712,0.5327307,-0.6170246,-0.61788493,-0.8141654,-0.6031961,0.20755589,-0.4084393
400,0.13435471,-0.26599088,0.03791634,0.1885674,0.06767061,-0.0073431376,0.09522513,-0.20090634,-0.1884292,0.23723926,-0.0005916906,0.14329867,0.12772402,0.48696414,-0.33460546,-0.1109516,0.5333852,0.15334317,-0.5082902,0.3685571,0.17804106,0.043052804,-0.06908316,0.057009052,0.023016583,-0.285375,0.3300356,0.6420665,0.4219282,-0.1278151
401,0.40002978,0.16381308,0.14942704,0.091294825,0.2388994,0.4470302,-0.15590252,-0.15233375,-0.36247122,-0.5623163,0.33495623,-0.122946545,0.6001764,0.29960054,-0.2976458,-0.6738397,0.3563464,-0.5536545,-0.6111071,0.70881903,-0.233943,0.14013083,-0.08523713,0.4394508,0.41689426,0.6213362,0.29764903,0.16556945,0.27013195,0.5182625
402,0.7696222,0.7441113,0.027084777,0.6019354,-0.20915726,-0.009281745,0.51084846,0.13125631,0.6693856,0.5329661,0.25615227,-0.70764625,-0.4945749,-0.27357396,-0.07538344,0.33416888,-0.5229901,0.08575645,0.29403055,-0.12668498,0.13576064,-0.10637084,0.52683944,-0.540307,0.51640683,0.60712236,-0.38539895,0.5343292,-0.43784425,0.50209373
403,0.40543061,0.61489654,-0.31742916,0.42773154,-0.28894892,0.21545285,-0.011358459,0.07519778,0.003524171,-0.30799922,0.30485088,-0.63853014,0.2724921,-0.60392815,0.020406762,0.37002203,0.045200046,0.03197504,-0.08926705,0.3755334,-0.48904318,0.00039579885,0.51077926,-0.09319284,-0.5516841,-0.08070509,-0.9198305,0.013448609,-0.7764948,-0.13324672
404,-0.6140698,0.27641973,-0.5138001,0.4566596,-0.29253504,0.23410839,-0.09628357,-0.14280689,-0.07544658,0.27110988,-0.13737696,-0.63308465,0.039422985,0.38630033,0.01085011,0.018882321,0.51070446,0.0132569065,0.019635757,0.25044075,-0.121347316,0.34036753,0.10337981,0.406249,-0.15541288,-0.75254685,-0.64311653,0.27593052,0.30844286,-0.36653867
405,-0.5164579,-0.14262858,-0.20657364,-0.44754428,-0.3254527,0.1075263,-0.47415394,-0.02386083,-0.33611444,-0.14352758,-0.10765861,0.18662508,0.49158907,0.19498718,-0.34414312,-0.44464165,-0.009114725,0.21903047,0.11846115,0.13175419,-0.54741544,0.38996068,-0.23217878,0.3025193,-0.341624,0.1376823,0.26734275,-0.41909498,0.44490612,0.16113134
406,0.5375148,0.02117545,0.012953355,0.43295047,-0.39704713,-0.21791178,0.35400036,0.037243478,-0.28807297,0.55046463,0.1130952,-0.4338853,-0.08502471,0.023146704,-0.3050967,0.088614754,-0.24665469,0.34595022,-0.019525263,-0.27448076,0.45871004,0.061774265,-0.28947276,0.2073872,0.51100665,-0.27999547,0.08056807,-0.1936482,0.03279889,0.16821186
407,0.09567671,-0.49798718,0.2004237,-0.5857432,-0.109491594,-0.4969763,-0.3392004,-0.1391547,-0.13413133,-0.38463935,-0.4575683,0.23303254,0.25866684,0.026053537,-0.33995375,-0.26423472,-0.2320117,0.36885598,-0.08331725,-0.37567657,0.09307361,0.50899535,-0.36997223,0.101573244,-0.026995106,0.09695347,0.2956902,-0.30491343,0.53054416,0.5267366
408,0.8648317,-0.26500982,0.052204255,0.021914534,0.14022414,-0.28057766,0.5958362,-0.029542245,-0.3687837,-0.121252716,0.4793325,-0.44582212,0.17257994,0.39195535,-0.16951734,-0.2083086,0.45838946,-0.35804692,-0.3491783,0.29057166,0.18356892,-0.4999452,0.116878524,0.2187208,0.78373,-0.3762121,-0.120699614,0.0029698776,-0.32304654,0.5481974
409,0.52151626,0.24929516,0.05481675,0.59937626,-0.080061086,0.07146974,0.09492695,-0.29444858,0.015569078,0.14324683,0.048329454,-0.5553734,-0.12671264,0.33250198,-0.13858595,-0.0767488,0.2692625,-0.22193207,-0.5021503,0.2628604,0.06313794,-0.16311191,0.21733268,0.18625373,0.023559755,-0.40804306,0.25680372,0.31313515,0.24889801,0.030418525
410,0.31993702,0.07903912,0.032947037,0.4594126,0.1401374,0.23434965,-0.07945428,-0.19129433,-0.38223213,-0.29126745,0.25064293,-0.33226287,0.4835616,0.51336545,-0.029264228,-0.54994637,0.48647055,-0.38640857,-0.57710636,0.6410798,-0.1628744,0.013329038,-0.023738764,0.4405575,0.35471973,0.066443354,0.3343952,0.1277104,0.32557544,0.2566172
411,0.51972735,0.44902006,-0.0042260718,0.64391524,-0.2886102,0.035887353,0.120207325,-0.35939646,0.26626188,0.32822785,-0.08545828,-0.62177813,-0.3703664,0.14390218,-0.02930058,0.15179954,-0.07672884,-0.27281776,0.055368602,0.10987215,0.0496091,-0.10047846,0.31302935,-0.21484442,-0.10637811,-0.017341763,0.41467708,0.40166137,0.09102022,0.11830706
412,-0.6067902,-0.07939108,-0.10786903,-0.122721344,-0.54640454,-0.15031323,-0.4513387,-0.18444818,0.06125788,0.3311307,-0.27102935,-0.11366588,0.12331966,-0.26799327,-0.053025,-0.08002096,-0.35776564,0.28207588,0.475558,-0.18046671,-0.18198662,0.5385016,-0.22843601,-0.037395895,-0.54150826,-0.32162324,0.48285705,-0.3986109,0.49390307,0.3597054
413,-0.35951445,-0.44851238,0.044225033,0.042662963,-0.5337557,-0.56169474,-0.019067153,-0.013114339,-0.12397534,0.5655002,-0.19277486,-0.16578738,-0.06326359,0.08450516,-0.21077393,0.00326857,-0.17620683,0.538372,0.045088623,-0.4770644,0.426119,0.30861148,-0.3706532,0.30548006,0.40714365,-0.4029271,0.27004668,-0.20930475,0.34803942,0.20328268
414,0.34834608,-0.30412138,0.14619014,-0.6854988,0.15806966,-0.5837868,0.34306842,0.2446335,0.33224037,-0.414429,0.032716736,-0.24857306,-0.10693532,0.100920916,-0.2315841,0.10325568,-0.03541855,0.41960508,-0.36921754,-0.32114556,0.29916564,-0.006566801,-0.0022752383,-0.5061043,0.43251336,0.5516934,-0.29638165,0.5870183,-0.26671904,0.8012671
415,0.03423029,-0.30055812,-0.0044488064,0.5833142,-0.14373994,0.45541653,-0.26796535,0.096975245,-0.62500226,-0.15503395,0.5654587,-0.6602142,0.49015158,0.2843659,-0.1468939,-0.4691867,0.61793375,-0.2266376,-0.33084777,0.65233624,-0.3987251,0.16424282,0.018282978,0.5227474,-0.44619992,-0.6806806,-0.6944161,-0.20607045,-0.18666184,-0.5753946
416,-0.2601741,-0.020911407,-0.30273905,-0.38757056,0.3652841,0.47037923,-0.08431863,-0.15819986,-0.510469,-0.5914844,-0.1676929,0.1797825,0.7918202,0.41057375,-0.16154177,-0.7622946,0.7944291,-0.5472356,-0.789807,0.74843305,-0.37473458,0.60512996,-0.08619694,0.51148283,-0.2561751,0.02016157,0.3597485,0.13581471,0.32608396,-0.8366286
417,0.15104206,0.48480406,-0.23215051,-0.8191492,-0.30056947,0.3887548,-0.05943701,-0.049382627,0.6691648,-0.76473963,-0.387989,-0.08204301,-0.18031466,-0.76503855,-0.46051216,0.472296,0.28841558,-0.66887206,-0.3206153,0.21352868,-0.13042948,0.7424113,0.045828603,-0.7108238,-0.36976898,0.89958984,-0.17899507,0.5686677,0.16682579,0.105455704
418,-0.49979153,0.13892868,-0.20624168,0.13271712,-0.74805135,0.21460691,-0.7457072,-0.0024073557,-0.66712606,-0.08910933,-0.43440366,-0.6331988,0.59951407,-0.3922963,-0.5141589,-0.5504808,-0.38426313,0.26412514,0.13400507,0.067001194,-0.5725169,0.6960954,-0.4507763,0.48719737,-0.56242734,0.5665432,-0.11597964,-0.6398123,0.6214023,-0.029250586
419,0.044639956,0.2936749,-0.018385362,0.6145077,-0.3306705,-0.036636706,0.17405532,-0.10745883,-0.2539696,0.5906926,-0.012806871,-0.4602304,-0.10498707,0.2411444,-0.067166656,0.052420925,0.26121318,0.41675633,0.007907501,0.19453076,0.24669227,-0.37143362,0.1143973,0.02897974,0.2954029,-0.49137533,0.41127166,0.66226965,0.09040727,0.16123484
420,-0.48730084,-0.16995756,0.044725854,-0.29495168,-0.3646099,-0.16046007,-0.48758948,-0.099748254,-0.1099067,-0.07074176,-0.17346057,-0.13137747,0.34252277,-0.20743763,-0.09227302,-0.39211488,-0.45266652,0.31909817,0.24577487,-0.075528435,-0.34294412,0.44929746,-0.24718712,0.23957892,-0.5767057,0.052032594,0.42129868,-0.50532025,0.37419894,0.5906903
421,0.5570417,-0.3113593,0.038770262,0.47533098,-0.37731606,-0.36535206,0.28059435,0.028291915,-0.32444584,0.54335976,0.13438743,-0.4080448,-0.072362155,0.0011066531,0.10043851,-0.038205195,-0.16041312,0.3993161,-0.073575854,-0.36370504,0.42005697,0.15607603,-0.31029388,0.31666568,0.48384953,-0.4550184,0.16129853,-0.3649657,0.13486214,0.13953646
422,0.26033938,0.0275616,0.24065071,-0.6360866,0.32276067,0.0071277167,0.092430405,0.14257436,0.42563388,-0.51077485,0.106362626,-0.26982412,0.13404159,0.018785119,-0.089846894,0.0071175112,-0.09994096,0.0027747846,-0.44972256,0.25992203,0.110043555,0.097074725,-0.0318202,-0.4273219,0.25252014,0.6213037,-0.22133246,0.5382873,-0.020292832,0.8121286
423,0.6927928,0.59450364,-0.24021739,0.4758604,-0.26791176,0.21462414,-0.073229134,0.09152075,0.114831276,-0.31592926,0.40020588,-0.71179503,0.19853978,-0.6018421,-0.029526748,0.2654173,-0.00036486864,0.041331004,-0.04177187,0.24209125,-0.39228803,0.15070194,0.5457094,-0.14514907,-0.4498798,-0.01968064,-0.8763258,0.09681635,-0.3590237,-0.083015606
424,-0.63517135,0.051789146,-0.5077292,-0.15409125,-0.6676179,0.11705553,-0.3056594,-0.08525906,0.08314726,0.34231034,-0.21459717,-0.01214302,-0.06280825,-0.16577439,-0.23737751,0.09405291,0.09515388,0.24201232,0.3642387,-0.10901767,-0.14798231,0.6691749,-0.31681806,0.023934398,-0.4588578,-0.67563796,-0.16969095,-0.1480589,0.66828096,-0.21258675
425,-0.5171602,-0.24464375,-0.020944659,-0.15516262,-0.5752083,-0.36185068,-0.1355039,-0.002275792,-0.11427935,0.55799806,-0.1551894,-0.031804517,-0.089653455,0.1559734,-0.54524195,0.08397369,-0.092709936,0.5041892,0.14732541,-0.34767804,0.42121804,0.3788132,-0.36257613,0.12528488,0.37581536,-0.1626676,0.23043032,0.114046924,0.3620601,0.20136355
426,0.16013487,-0.62587345,0.09399955,-0.7056749,-0.3201053,-0.7760826,-0.15768158,-0.043492515,-0.07327363,-0.20475574,-0.46143296,0.4285282,0.121798106,0.20804325,-0.64099914,-0.07700608,-0.12139787,0.57101685,-0.22323337,-0.60993093,0.27746153,0.42394,-0.45754048,0.24841624,0.37820435,-0.117468886,0.2753062,-0.19789821,0.5000997,0.39740953
427,0.66458166,-0.784169,0.06833678,-0.87828374,0.077438734,-0.869631,0.31598443,-0.042020142,-0.093444206,-0.3645201,-0.40727848,0.40489697,0.06457117,0.14936395,-0.8008852,-0.083571985,-0.066673145,0.37203446,-0.31047535,-0.75915927,0.36444575,0.5048912,-0.5133248,0.031605076,0.67847276,0.15483339,0.15050448,-0.31267557,0.45221823,0.53883153
428,0.7260255,-0.67816395,0.12738174,-0.95382655,0.55145943,-0.45907897,0.37712258,-0.27620524,-0.24314894,-0.46400833,-0.14278167,0.3897928,0.2706403,0.5308109,-0.663981,-0.27497563,0.5911882,-0.7168131,-0.6209435,-0.02639613,0.16273576,-0.07553708,-0.19691885,0.008921954,0.7455649,0.30350348,0.13583261,0.3943608,0.035021145,0.81169355
429,0.9148616,0.51130044,0.13659923,-0.5366052,-0.5295955,-0.25906116,0.09396266,-0.13083635,0.4147754,0.12314874,-0.44611675,-0.57508826,-0.4317833,-0.35807616,-0.8015036,0.11710131,-0.5415282,0.16007644,0.19056349,-0.38556257,0.10908405,0.6936101,-0.316909,-0.09493661,0.8472509,0.6210457,-0.17453066,-0.2432895,0.5048259,0.3196724
430,0.6085718,-0.4268083,0.45265418,0.10198929,-0.27216867,-0.1356783,-0.45519233,-0.47890392,-0.4349528,-0.2129024,-0.53646225,0.38893488,0.50027823,0.5663155,-0.38625568,-0.28147322,0.6435229,-0.12511706,-0.47889444,0.2357648,-0.20749415,0.59838754,-0.21697372,0.23892093,0.54755306,-0.42169166,0.5410189,0.38995448,0.7620919,0.15754402
431,0.6572387,0.65390396,0.20322956,0.15912078,-0.18885179,0.36029604,-0.17172982,-0.20122665,0.10048876,-0.6864734,-0.46623683,-0.22935419,0.20801225,-0.14602631,-0.45984018,-0.46372786,-0.28558052,-0.75025856,0.066247016,0.5196979,-0.04446021,-0.17340451,0.055480152,-0.4655889,0.6043707,0.9068788,0.21210888,0.43112788,0.1713911,0.9064338
432,0.80080765,0.85968935,-0.4662971,0.5775639,-0.2761717,0.10432325,-0.2688737,-0.054353658,0.55690694,0.4293569,-0.41466895,-0.84393454,-0.325755,-0.39455834,0.0065989858,0.46893355,-0.5055551,0.15390195,0.5635857,-0.031931475,0.008364158,0.30130115,0.46156612,-0.6361764,0.106996454,0.8875661,-0.5745291,0.41291255,-0.04695891,0.45787013
433,-0.03441605,0.36582866,-0.22801608,0.63197714,-0.411251,0.37108886,-0.53359145,0.029858045,-0.7467998,-0.067288496,-0.10722903,-0.77097166,0.62943333,0.318596,0.06920761,-0.52531177,0.5124352,-0.16587953,-0.06572453,0.70499843,-0.4529959,0.098379314,0.026985034,0.41807938,-0.4629586,0.39389563,-0.8399972,-0.3284177,-0.43199083,-0.36836043
434,-0.4174574,0.08219023,-0.24305286,0.43872657,-0.20826279,0.11687353,-0.07059395,-0.071237266,-0.2797189,0.22191551,-0.032881863,-0.3588621,0.18778385,0.48209462,-0.011086966,-0.010206267,0.5881111,-0.052489854,-0.15996099,0.36694446,-0.023075541,0.1808239,0.019057222,0.23207374,0.41811517,-0.5414812,0.17641692,0.33041176,0.44145548,-0.25784895
435,-0.06378181,0.18655378,-0.16812997,0.20765531,-0.005639794,0.34630248,-0.17224845,-0.21057262,-0.26855052,-0.63459724,-0.25939095,-0.063097194,0.6240967,0.07467962,-0.023458945,-0.59580857,0.2536415,-0.401329,0.06957659,0.63755107,-0.31821698,0.22682725,-0.011182632,-0.1468094,-0.5346348,0.45137045,0.44609737,0.18959995,0.23852034,0.60691917
436,0.67499804,0.6652793,-0.061041575,0.70339644,-0.21423818,0.027086774,0.2232048,-0.17140162,-0.39092296,0.24040885,-0.10798958,-0.7995163,0.21944068,0.19000277,0.053435884,0.09673973,0.09865687,-0.16723126,0.22883381,0.24492584,0.08112033,-0.656332,0.4603106,-0.09663301,0.74760693,0.1187086,0.3263196,0.14287448,-0.41616595,0.07557929
437,-0.53096825,0.42580873,-0.12273573,0.15133385,-0.30471587,0.0577367,0.015471832,0.18743664,0.4863846,0.3707864,0.11464769,-0.5137979,-0.33308324,-0.17232184,0.06844752,0.45986792,-0.0481531,0.21382686,0.23479694,0.1233856,0.038031723,-0.028465096,0.23451912,-0.44493413,-0.045336094,0.15345429,-0.28454503,0.44864213,-0.35243845,0.51038057
438,-0.73680454,-0.03840949,-0.15281294,0.2579999,-0.56226665,-0.14008826,-0.2596633,0.016761415,-0.22777791,-0.030197859,-0.13931091,-0.5315116,0.26930222,-0.33581337,-0.11980192,-0.04934517,-0.1136199,0.27882305,0.06112924,-0.14214969,-0.3942579,0.37939602,-0.2380208,0.528953,-0.43873298,-0.6275144,-0.3065803,-0.51461476,-0.04193488,-0.05890339
439,-0.23734142,0.12587203,-0.03871403,0.48912567,-0.039193522,-0.054208472,0.2754657,-0.028427875,-0.18706852,0.5192793,0.07611998,-0.30060783,-0.15122704,0.302999,0.195312,0.049923547,0.34297717,0.17482783,-0.18108661,0.23048422,0.22498183,-0.4180625,0.12053661,0.09170249,0.124866754,-0.4203613,0.33745784,0.5550601,-0.273894,0.25540927
440,-0.06954425,0.07583836,-0.08421852,0.39499596,0.101916544,0.22641483,-0.13118996,-0.32582578,-0.17240235,-0.35812378,-0.13606551,-0.28593323,0.4027211,0.19558664,0.060052074,-0.4945728,0.14147583,-0.20251831,-0.21270463,0.6014166,-0.23371916,-0.03810882,0.005218697,0.30851075,-0.4860239,-0.21721154,0.5394302,0.1105996,0.13543381,0.5983367
441,0.31519744,0.60584503,0.01579025,0.42952514,-0.26285928,0.021618286,0.37334436,0.1510127,0.5888121,0.18045579,0.16760424,-0.63349533,-0.39418942,-0.20113014,-0.050328348,0.4572692,-0.28471392,0.05772913,0.21242224,-0.028592242,0.20454256,-0.39438802,0.37423164,-0.52732086,0.67331994,0.60652393,-0.38918453,0.49670917,-0.4981023,0.61952686
442,-0.5596149,0.4620301,-0.243439,0.23516408,-0.38982785,0.3663859,-0.34024715,0.090239815,0.14680123,-0.22335151,0.29334366,-0.64749706,0.33411834,-0.5832018,-0.053788066,0.33977333,-0.10764862,0.16361904,-0.050508827,0.49015707,-0.5285515,-0.045236908,0.42470855,0.25825405,-0.56853884,0.0764017,-0.9369117,0.07145499,-0.80471295,0.06533181
443,-0.8003929,-0.028333088,-0.17044027,-0.016544424,-0.6665678,0.093450546,-0.5993563,0.019852847,-0.14510167,0.0968716,-0.23854314,-0.60051996,0.22250609,-0.19756933,-0.35284728,-0.091374226,-0.18998331,0.36237568,0.18201032,-0.28622007,-0.48665333,0.5103574,-0.3868244,0.75689167,-0.46897027,-0.6784251,-0.47833505,-0.53404516,0.182423,-0.06628059
444,-0.4765627,0.53169334,-0.09995117,0.13737048,-0.15935335,-0.038584385,0.45491344,0.23998232,0.3645873,0.65914166,0.097711496,-0.37707525,-0.49139333,0.069159426,0.13940811,0.3361746,-0.120025806,0.34692457,0.14202516,-0.07457323,0.38388485,-0.20745812,0.26731023,-0.61425984,-0.031318072,0.372706,-0.27241972,0.72559834,-0.4759788,0.5378033
445,-0.71770513,-0.16043776,-0.11455924,0.07693064,-0.62834203,-0.06165822,-0.5448681,0.02951282,-0.510178,-0.057182435,-0.14743626,-0.5254136,0.46618918,-0.3029617,-0.20900191,-0.34211934,-0.22585411,0.35791093,-0.052971,0.11586487,-0.5772764,0.4519063,-0.3569997,0.58734626,-0.5700007,-0.563803,-0.5411246,-0.5998406,-0.14594097,-0.092468835
446,-0.21517913,0.33271527,-0.017801885,-0.056180626,-0.2283199,-0.12512167,0.34833387,0.24919225,0.40051112,0.55534375,0.10623529,-0.40923315,-0.44024524,0.019485826,-0.11540904,0.32925427,-0.09305213,0.44482696,0.062770136,-0.10958526,0.35104346,-0.1347861,0.18513969,-0.5933906,-0.11927834,0.4271228,-0.25993648,0.7254404,-0.38474026,0.54751277
447,0.08010378,0.041520275,-0.1753139,0.62270606,-0.099320605,0.23914199,0.06432347,0.085069574,-0.6127184,-0.18128583,0.3023213,-0.63344723,0.4963282,0.1508917,0.057762437,-0.4013012,0.5267597,-0.19448382,-0.27809793,0.57945347,-0.33438784,-0.364612,0.2374097,0.3915465,-0.24318404,-0.59846425,-0.7196785,-0.20482281,-0.61725354,-0.39155075
448,-0.34568357,0.024591174,-0.52608395,0.1926928,0.08048333,0.27748212,-0.08032927,-0.23182787,-0.31100604,-0.4727266,-0.32922888,0.10118668,0.52453303,0.3084404,-0.084195666,-0.42051435,0.70059234,-0.37016284,-0.5312513,0.54610115,-0.19510217,0.6582623,-0.043739818,0.20351171,-0.36046913,-0.4916148,0.3670083,0.24220523,0.446145,-0.6482095
449,0.13270596,0.2148509,-0.105202526,-0.38056105,0.09032749,0.47155562,-0.11402638,-0.13044943,-0.4220233,-0.6805323,-0.3932257,0.29473922,0.7457453,0.34083262,-0.39293694,-0.6225845,0.8373691,-0.7760847,-0.47271088,0.6969801,-0.24802808,0.67527837,-0.085934564,-0.11856917,0.22366689,0.7322125,0.26553655,0.3600207,0.31290415,-0.40761396
